{"type":"FeatureCollection","features":[{"id":921,"type":"Feature","geometry":{"type":"MultiPolygon","coordinates":[[[[124.844484,1.496587],[124.844282,1.496671],[124.84414,1.496736],[124.844048,1.496792],[124.843804,1.49694],[124.84359,1.49711],[124.84341,1.497268],[124.843382,1.497293],[124.84324,1.497475],[124.843189,1.497547],[124.842841,1.498037],[124.842812,1.498077],[124.842683,1.498252],[124.842654,1.498291],[124.842556,1.498435],[124.842491,1.498527],[124.842443,1.49859],[124.842401,1.49864],[124.842371,1.498671],[124.842353,1.49869],[124.842327,1.498716],[124.842213,1.498822],[124.842143,1.498886],[124.842066,1.498934],[124.841861,1.499033],[124.841804,1.499069],[124.841804,1.499069],[124.841608,1.499191],[124.841355,1.499396],[124.841221,1.499505],[124.841175,1.499542],[124.841126,1.499574],[124.841037,1.499621],[124.840876,1.499691],[124.840834,1.49971],[124.840762,1.499754],[124.840805,1.499828],[124.840919,1.500025],[124.841055,1.500482],[124.841026,1.500618],[124.840991,1.500704],[124.841141,1.500882],[124.841173,1.500943],[124.841283,1.501153],[124.841493,1.501593],[124.841501,1.501616],[124.841554,1.501778],[124.841658,1.502096],[124.841831,1.502621],[124.841846,1.502661],[124.842009,1.503106],[124.842196,1.503617],[124.842297,1.503894],[124.842393,1.50417],[124.842561,1.504651],[124.842622,1.504866],[124.842627,1.504884],[124.842697,1.505129],[124.842754,1.505386],[124.842908,1.506064],[124.842909,1.506071],[124.843016,1.506541],[124.843026,1.506584],[124.843105,1.506884],[124.843162,1.5071],[124.843172,1.507138],[124.843172,1.50714],[124.843327,1.507727],[124.843427,1.508144],[124.843432,1.508165],[124.843742,1.509455],[124.843986,1.510586],[124.844,1.51065],[124.844081,1.511024],[124.844118,1.51111],[124.843872,1.51118],[124.843315,1.511337],[124.843109,1.511951],[124.843084,1.512086],[124.843167,1.512083],[124.843428,1.512036],[124.843662,1.512064],[124.843874,1.512188],[124.843992,1.512282],[124.843986,1.512301],[124.84411,1.512386],[124.844287,1.512708],[124.844342,1.512849],[124.844417,1.513106],[124.844549,1.513475],[124.84462,1.513987],[124.84466,1.514099],[124.844666,1.514297],[124.844746,1.515197],[124.844766,1.515199],[124.844809,1.515828],[124.844879,1.516843],[124.844883,1.517252],[124.844883,1.517258],[124.844883,1.517258],[124.844883,1.517267],[124.844882,1.517271],[124.844887,1.517271],[124.844882,1.517421],[124.844904,1.517911],[124.844905,1.517911],[124.844901,1.517915],[124.84474,1.518855],[124.844747,1.518855],[124.844588,1.519371],[124.844219,1.520355],[124.844236,1.520362],[124.84409,1.520698],[124.843701,1.521534],[124.843723,1.521541],[124.843486,1.522062],[124.843322,1.52271],[124.843316,1.522758],[124.843257,1.522756],[124.842717,1.522756],[124.842684,1.523735],[124.842559,1.523805],[124.842169,1.523743],[124.842154,1.523739],[124.842173,1.523689],[124.842185,1.52353],[124.842198,1.523404],[124.842223,1.523316],[124.842278,1.523236],[124.842328,1.523173],[124.842341,1.523102],[124.842353,1.523005],[124.842357,1.522917],[124.842357,1.522808],[124.842378,1.522687],[124.842394,1.522623],[124.842402,1.522584],[124.842396,1.522545],[124.842328,1.52251],[124.842113,1.522486],[124.84195,1.522468],[124.841883,1.522431],[124.841777,1.522392],[124.84172,1.522365],[124.841654,1.522351],[124.841562,1.522359],[124.841483,1.522341],[124.841483,1.522343],[124.841466,1.522314],[124.841416,1.52233],[124.841319,1.522689],[124.84113,1.523643],[124.841057,1.523813],[124.841,1.523804],[124.840549,1.523714],[124.840344,1.523682],[124.840172,1.523637],[124.840163,1.523642],[124.840157,1.523635],[124.839585,1.523183],[124.839431,1.52309],[124.839384,1.522944],[124.839519,1.522496],[124.839956,1.521603],[124.840122,1.521318],[124.840141,1.521229],[124.840072,1.521206],[124.840037,1.521206],[124.839462,1.522229],[124.83918,1.522944],[124.839203,1.523033],[124.839844,1.523612],[124.84011,1.523763],[124.840121,1.523756],[124.840367,1.523812],[124.84061,1.523857],[124.840845,1.523906],[124.841008,1.523937],[124.841526,1.524033],[124.842531,1.524197],[124.842725,1.524225],[124.842833,1.524321],[124.842953,1.524358],[124.843086,1.524399],[124.843536,1.524537],[124.843574,1.524552],[124.844042,1.524734],[124.844111,1.524787],[124.844118,1.524793],[124.844165,1.524829],[124.844204,1.524859],[124.84431,1.52495],[124.844416,1.525061],[124.844508,1.525172],[124.844631,1.525364],[124.844634,1.525368],[124.844663,1.525414],[124.844811,1.525594],[124.844948,1.525761],[124.844993,1.525793],[124.845002,1.525799],[124.845088,1.52586],[124.845337,1.525841],[124.845454,1.525748],[124.845476,1.52573],[124.845607,1.52556],[124.845729,1.525365],[124.845948,1.525016],[124.846009,1.524918],[124.846093,1.524821],[124.846413,1.524576],[124.846602,1.524522],[124.846755,1.524502],[124.846839,1.524519],[124.846904,1.524385],[124.84695,1.524319],[124.847006,1.524257],[124.847089,1.524203],[124.847135,1.524173],[124.847219,1.52413],[124.847326,1.524087],[124.847508,1.524034],[124.847533,1.524024],[124.847595,1.523991],[124.847611,1.52398],[124.847629,1.523968],[124.847611,1.523936],[124.847683,1.523889],[124.847774,1.523824],[124.847844,1.523769],[124.847891,1.523737],[124.847967,1.523673],[124.848043,1.523618],[124.8481,1.523588],[124.848155,1.523558],[124.848191,1.523543],[124.848232,1.523531],[124.848278,1.52352],[124.848346,1.523502],[124.848392,1.523486],[124.848453,1.523465],[124.848518,1.52344],[124.848543,1.52343],[124.848693,1.523381],[124.848815,1.523344],[124.848865,1.523332],[124.848869,1.523374],[124.848898,1.523367],[124.848935,1.523363],[124.848959,1.523367],[124.848982,1.523371],[124.848992,1.523373],[124.848997,1.523374],[124.849024,1.523381],[124.849088,1.523402],[124.849294,1.523511],[124.849371,1.523551],[124.849514,1.523627],[124.849568,1.523637],[124.849576,1.523639],[124.849597,1.52364],[124.849614,1.523641],[124.849618,1.523641],[124.849646,1.523639],[124.849674,1.523636],[124.849706,1.523629],[124.849725,1.523618],[124.849739,1.523604],[124.84977,1.523575],[124.849804,1.523539],[124.849865,1.523451],[124.849967,1.523271],[124.850026,1.523179],[124.850108,1.523048],[124.850143,1.522998],[124.850166,1.522983],[124.850184,1.522977],[124.850346,1.522979],[124.850431,1.522986],[124.850517,1.522976],[124.850587,1.522972],[124.85065,1.522963],[124.850811,1.522929],[124.851007,1.522895],[124.851126,1.522885],[124.851216,1.522873],[124.851242,1.52287],[124.851245,1.522869],[124.851341,1.522857],[124.851399,1.522857],[124.851471,1.522861],[124.851499,1.522866],[124.851541,1.522878],[124.851603,1.522901],[124.851618,1.522907],[124.85162,1.522908],[124.851651,1.522921],[124.851663,1.522932],[124.851696,1.522985],[124.851723,1.523048],[124.851769,1.523177],[124.851795,1.523239],[124.851813,1.523271],[124.851832,1.523299],[124.85184,1.523313],[124.851841,1.523334],[124.851841,1.523442],[124.851838,1.52347],[124.851832,1.523484],[124.851822,1.523499],[124.851804,1.523529],[124.851739,1.523666],[124.851696,1.523759],[124.851692,1.523775],[124.851693,1.523786],[124.851696,1.5238],[124.851715,1.523866],[124.851721,1.523887],[124.851723,1.523894],[124.851728,1.523909],[124.85174,1.523944],[124.851742,1.52395],[124.851771,1.524032],[124.851785,1.524052],[124.85183,1.52412],[124.851879,1.524138],[124.851935,1.524144],[124.85202,1.52414],[124.85209,1.524112],[124.85215,1.52405],[124.852193,1.52397],[124.852233,1.523936],[124.852263,1.52392],[124.852338,1.5239],[124.85238,1.523886],[124.852422,1.523864],[124.852451,1.523841],[124.85246,1.52382],[124.852504,1.523633],[124.85256,1.52345],[124.852796,1.523284],[124.852888,1.523243],[124.852888,1.523243],[124.852921,1.523228],[124.852982,1.523202],[124.85336,1.523126],[124.853387,1.523121],[124.85344,1.52311],[124.853571,1.52304],[124.853839,1.522896],[124.854,1.52281],[124.854138,1.522654],[124.85415,1.52264],[124.85419,1.52251],[124.854181,1.522399],[124.854165,1.522193],[124.85416,1.522133],[124.854156,1.522088],[124.854154,1.522055],[124.854116,1.521951],[124.854066,1.521865],[124.853944,1.521756],[124.853792,1.521655],[124.853608,1.521532],[124.85359,1.52152],[124.853584,1.521512],[124.853552,1.521471],[124.853497,1.521402],[124.853471,1.521369],[124.853469,1.52137],[124.853481,1.521293],[124.853449,1.521161],[124.853413,1.521055],[124.853295,1.520891],[124.853209,1.520863],[124.853376,1.520717],[124.85355,1.520525],[124.853708,1.520317],[124.85384,1.520156],[124.854005,1.520015],[124.854206,1.519882],[124.854297,1.519816],[124.854402,1.519703],[124.85443,1.519614],[124.854383,1.519514],[124.854266,1.519424],[124.854092,1.519378],[124.853949,1.519325],[124.85403,1.519265],[124.854116,1.519227],[124.854248,1.519168],[124.854608,1.51915],[124.854649,1.519588],[124.854655,1.51959],[124.855034,1.51972],[124.855162,1.519853],[124.854837,1.520399],[124.855051,1.52072],[124.855066,1.520742],[124.855212,1.521228],[124.855923,1.52219],[124.855936,1.522199],[124.856125,1.522103],[124.856356,1.522078],[124.856591,1.522091],[124.856754,1.5221],[124.857024,1.522025],[124.857256,1.522031],[124.857525,1.522169],[124.857773,1.522276],[124.858096,1.522373],[124.8584,1.522445],[124.858588,1.522479],[124.858696,1.522504],[124.859128,1.521874],[124.859136,1.521864],[124.859245,1.521878],[124.859264,1.521885],[124.859529,1.521984],[124.859906,1.522155],[124.860237,1.52232],[124.860485,1.52245],[124.860709,1.522474],[124.860993,1.522586],[124.861105,1.522655],[124.861119,1.522664],[124.861159,1.522616],[124.861284,1.522541],[124.861495,1.522441],[124.861544,1.522303],[124.861768,1.521991],[124.861917,1.521778],[124.862102,1.521497],[124.862301,1.52155],[124.862348,1.521562],[124.862575,1.521651],[124.863031,1.521831],[124.863044,1.521836],[124.863404,1.521974],[124.863547,1.521955],[124.864013,1.521792],[124.864448,1.52156],[124.86487,1.521103],[124.864908,1.521011],[124.864678,1.520483],[124.864718,1.520119],[124.865024,1.519905],[124.864943,1.519784],[124.864798,1.519521],[124.864842,1.519497],[124.864756,1.519345],[124.864638,1.519083],[124.864588,1.518952],[124.864545,1.518861],[124.864476,1.518664],[124.864442,1.518536],[124.864405,1.518464],[124.864358,1.51838],[124.864305,1.518317],[124.864193,1.518246],[124.864063,1.518189],[124.863857,1.518127],[124.863852,1.518126],[124.865386,1.517282],[124.865408,1.51727],[124.865438,1.517268],[124.865441,1.517244],[124.865451,1.517037],[124.865472,1.51674],[124.86549,1.516701],[124.86553,1.516612],[124.865541,1.516603],[124.865576,1.516574],[124.865599,1.516554],[124.865704,1.516538],[124.865765,1.516536],[124.865909,1.516529],[124.865993,1.516529],[124.865996,1.516529],[124.866223,1.516528],[124.866485,1.516526],[124.8666,1.516526],[124.866627,1.516526],[124.866688,1.516522],[124.866762,1.51651],[124.866966,1.516476],[124.8673,1.51641],[124.8673,1.516405],[124.8673,1.516358],[124.8673,1.51635],[124.8673,1.51626],[124.867355,1.516165],[124.86741,1.51607],[124.86747,1.515952],[124.867493,1.515916],[124.867556,1.515818],[124.867667,1.515748],[124.86778,1.51571],[124.86786,1.51568],[124.867864,1.51568],[124.867859,1.515674],[124.86783,1.515638],[124.867757,1.51462],[124.867765,1.514619],[124.867766,1.514619],[124.867904,1.514597],[124.868101,1.514588],[124.868274,1.514614],[124.868304,1.514635],[124.86831,1.514639],[124.86831,1.51463],[124.86857,1.5147],[124.86876,1.51472],[124.868819,1.514727],[124.868841,1.51473],[124.868869,1.514722],[124.868873,1.514721],[124.868893,1.514701],[124.868896,1.514664],[124.869173,1.514693],[124.869592,1.514736],[124.871118,1.515021],[124.871872,1.515162],[124.871878,1.515146],[124.871912,1.515147],[124.872947,1.514487],[124.873715,1.514093],[124.874654,1.51361],[124.876424,1.512827],[124.87779,1.512014],[124.878721,1.51095],[124.879652,1.510824],[124.879992,1.509772],[124.879978,1.509778],[124.879332,1.510041],[124.8786,1.510204],[124.877865,1.510195],[124.877643,1.510192],[124.876748,1.509955],[124.875754,1.509519],[124.87512,1.509169],[124.874747,1.508682],[124.874488,1.508561],[124.873097,1.508797],[124.872351,1.508768],[124.872213,1.508763],[124.872206,1.50876],[124.870374,1.511151],[124.869792,1.51191],[124.869766,1.511944],[124.869662,1.512081],[124.869501,1.51199],[124.869499,1.511989],[124.869176,1.511867],[124.86916,1.511815],[124.869134,1.511804],[124.869122,1.511802],[124.869115,1.511795],[124.869087,1.511767],[124.868965,1.511746],[124.868931,1.51168],[124.868922,1.511625],[124.868903,1.51152],[124.86888,1.511435],[124.868876,1.511361],[124.868885,1.511304],[124.86889,1.511254],[124.868884,1.511249],[124.868884,1.511249],[124.868837,1.511208],[124.8688,1.51119],[124.86867,1.511135],[124.868567,1.51116],[124.868401,1.511187],[124.868298,1.511235],[124.868183,1.511302],[124.868108,1.511384],[124.868113,1.511403],[124.868107,1.5114],[124.868077,1.511501],[124.86804,1.511561],[124.868022,1.511565],[124.867981,1.511579],[124.867926,1.511639],[124.867862,1.511703],[124.867797,1.511781],[124.86771,1.511826],[124.867655,1.511904],[124.867632,1.511928],[124.867605,1.51191],[124.867574,1.511901],[124.867522,1.511887],[124.867422,1.511883],[124.867413,1.511892],[124.867335,1.511924],[124.867266,1.51208],[124.867225,1.512574],[124.867193,1.512721],[124.867206,1.512836],[124.867188,1.512946],[124.867174,1.512991],[124.867124,1.513023],[124.867032,1.513069],[124.866945,1.513179],[124.866844,1.513188],[124.866799,1.513188],[124.86673,1.513184],[124.866698,1.513198],[124.866588,1.513257],[124.866482,1.513253],[124.866377,1.513248],[124.866331,1.513239],[124.866189,1.513198],[124.866102,1.513184],[124.865933,1.513184],[124.865841,1.513202],[124.865731,1.513211],[124.865662,1.513234],[124.865612,1.513275],[124.865571,1.513308],[124.865488,1.513303],[124.865447,1.513349],[124.865392,1.513353],[124.865296,1.513372],[124.865236,1.513399],[124.865195,1.513482],[124.865172,1.513582],[124.865167,1.513674],[124.865149,1.513752],[124.865086,1.513773],[124.865053,1.513784],[124.864952,1.513802],[124.864874,1.513839],[124.864863,1.513854],[124.864846,1.513844],[124.864782,1.513833],[124.86478,1.51383],[124.864707,1.513803],[124.864631,1.513765],[124.864527,1.513726],[124.864475,1.51373],[124.864399,1.513747],[124.864392,1.513754],[124.864344,1.513727],[124.86436,1.513704],[124.864364,1.513652],[124.864353,1.513582],[124.864298,1.513523],[124.864215,1.513402],[124.864156,1.513302],[124.864114,1.513236],[124.864083,1.513149],[124.864093,1.513034],[124.864128,1.512441],[124.864163,1.511852],[124.864159,1.511801],[124.864152,1.511796],[124.863847,1.511609],[124.863604,1.51147],[124.863528,1.511449],[124.863472,1.511449],[124.863451,1.511449],[124.86334,1.511491],[124.863146,1.511477],[124.86298,1.511422],[124.862897,1.511415],[124.862574,1.511302],[124.862373,1.511246],[124.862137,1.511087],[124.861894,1.511024],[124.861759,1.510981],[124.861481,1.510766],[124.861183,1.510523],[124.860836,1.510287],[124.86058,1.510156],[124.860427,1.510038],[124.860302,1.509991],[124.860001,1.509728],[124.859579,1.509486],[124.85954,1.509472],[124.860861,1.508752],[124.860834,1.508755],[124.857525,1.509137],[124.857519,1.509138],[124.857528,1.509128],[124.857523,1.509125],[124.857243,1.508969],[124.857044,1.508829],[124.856439,1.50871],[124.856326,1.508517],[124.856203,1.508382],[124.855388,1.508098],[124.855366,1.508095],[124.855322,1.508068],[124.855294,1.508051],[124.855118,1.507941],[124.855107,1.507903],[124.855061,1.50763],[124.854985,1.50701],[124.854864,1.506474],[124.854574,1.506398],[124.854409,1.506381],[124.854396,1.506427],[124.853779,1.506321],[124.853399,1.506089],[124.85334,1.506065],[124.85325,1.50603],[124.853077,1.505955],[124.85286,1.50586],[124.85228,1.5056],[124.852031,1.505494],[124.852016,1.505525],[124.851872,1.505611],[124.851618,1.505686],[124.851589,1.505694],[124.851589,1.505737],[124.851547,1.505808],[124.85149,1.505862],[124.851458,1.505892],[124.851384,1.505956],[124.851356,1.506025],[124.85131,1.506112],[124.85129,1.506142],[124.851276,1.506163],[124.851232,1.506222],[124.8512,1.506275],[124.851007,1.506385],[124.850916,1.506451],[124.850885,1.506501],[124.850821,1.506571],[124.850473,1.504565],[124.850466,1.50456],[124.850319,1.504441],[124.849947,1.504143],[124.849882,1.504104],[124.84971,1.50403],[124.849015,1.503751],[124.848552,1.503594],[124.848474,1.503568],[124.84789,1.50337],[124.847875,1.503363],[124.8475,1.5032],[124.847322,1.503085],[124.847299,1.503071],[124.847253,1.503041],[124.847247,1.503039],[124.847247,1.503036],[124.847249,1.503031],[124.847257,1.502995],[124.847258,1.502992],[124.847258,1.502991],[124.847258,1.502991],[124.847187,1.502893],[124.847161,1.502862],[124.847159,1.502859],[124.84715,1.502848],[124.84709,1.502763],[124.847084,1.502754],[124.84703,1.502674],[124.847017,1.502667],[124.847,1.502659],[124.846954,1.502635],[124.846932,1.50259],[124.846916,1.50256],[124.846915,1.502558],[124.846911,1.502536],[124.846865,1.502317],[124.846841,1.502177],[124.846815,1.50212],[124.846807,1.502102],[124.846792,1.502094],[124.846762,1.502079],[124.846748,1.502072],[124.846747,1.502071],[124.846643,1.50168],[124.84664,1.50167],[124.84664,1.50167],[124.846637,1.501665],[124.846462,1.501376],[124.846392,1.501202],[124.846281,1.500667],[124.84619,1.50023],[124.84542,1.50023],[124.84559,1.49974],[124.845597,1.499697],[124.84565,1.49935],[124.845661,1.499165],[124.845667,1.499071],[124.845684,1.498795],[124.845687,1.498757],[124.845688,1.49874],[124.8457,1.49854],[124.8457,1.498529],[124.845701,1.498517],[124.845701,1.498498],[124.845702,1.498481],[124.84572,1.49787],[124.845703,1.497841],[124.84565,1.49775],[124.845608,1.497704],[124.845229,1.497288],[124.84514,1.49719],[124.84497,1.49693],[124.844886,1.496502],[124.844779,1.496512],[124.844654,1.49653],[124.844484,1.496587]]]]},"properties":{"idkec":"7171052","nmkec":"TUMINTING","luas":5.1234}},{"id":922,"type":"Feature","geometry":{"type":"MultiPolygon","coordinates":[[[[124.849088,1.523402],[124.849024,1.523381],[124.848997,1.523374],[124.848992,1.523373],[124.848982,1.523371],[124.848959,1.523367],[124.848935,1.523363],[124.848898,1.523367],[124.848869,1.523374],[124.848865,1.523332],[124.848815,1.523344],[124.848693,1.523381],[124.848543,1.52343],[124.848518,1.52344],[124.848453,1.523465],[124.848392,1.523486],[124.848346,1.523502],[124.848278,1.52352],[124.848232,1.523531],[124.848191,1.523543],[124.848155,1.523558],[124.8481,1.523588],[124.848043,1.523618],[124.847967,1.523673],[124.847891,1.523737],[124.847844,1.523769],[124.847774,1.523824],[124.847683,1.523889],[124.847611,1.523936],[124.847629,1.523968],[124.847611,1.52398],[124.847595,1.523991],[124.847533,1.524024],[124.847508,1.524034],[124.847326,1.524087],[124.847219,1.52413],[124.847135,1.524173],[124.847089,1.524203],[124.847006,1.524257],[124.84695,1.524319],[124.846904,1.524385],[124.846839,1.524519],[124.846755,1.524502],[124.846602,1.524522],[124.846413,1.524576],[124.846093,1.524821],[124.846009,1.524918],[124.845948,1.525016],[124.845729,1.525365],[124.845607,1.52556],[124.845476,1.52573],[124.845454,1.525748],[124.845337,1.525841],[124.845088,1.52586],[124.845002,1.525799],[124.844993,1.525793],[124.844948,1.525761],[124.844811,1.525594],[124.844663,1.525414],[124.844634,1.525368],[124.844631,1.525364],[124.844508,1.525172],[124.844416,1.525061],[124.84431,1.52495],[124.844204,1.524859],[124.844165,1.524829],[124.844118,1.524793],[124.844111,1.524787],[124.844042,1.524734],[124.843574,1.524552],[124.843536,1.524537],[124.843086,1.524399],[124.842953,1.524358],[124.842833,1.524321],[124.842798,1.524396],[124.842739,1.524436],[124.842676,1.524491],[124.842658,1.524546],[124.842623,1.524648],[124.842609,1.524736],[124.842588,1.524858],[124.842346,1.525385],[124.842276,1.525478],[124.84222,1.525584],[124.842179,1.525674],[124.842141,1.525736],[124.842069,1.525848],[124.841996,1.52594],[124.841955,1.525973],[124.841936,1.525997],[124.841924,1.526038],[124.841885,1.526115],[124.841818,1.526246],[124.841528,1.526766],[124.841458,1.526896],[124.841344,1.527031],[124.841003,1.527435],[124.840958,1.527485],[124.84075,1.527713],[124.840592,1.527878],[124.840331,1.528106],[124.840147,1.528259],[124.840058,1.52831],[124.839982,1.528322],[124.83995,1.528297],[124.839789,1.528095],[124.839678,1.528017],[124.839451,1.528001],[124.839381,1.528009],[124.83934,1.528058],[124.839352,1.528263],[124.839381,1.528357],[124.839336,1.528443],[124.839291,1.528534],[124.839233,1.528599],[124.839094,1.528628],[124.839016,1.528665],[124.839016,1.528739],[124.839049,1.528809],[124.838893,1.528698],[124.838844,1.528685],[124.838761,1.528694],[124.838675,1.528751],[124.838606,1.528796],[124.838532,1.528813],[124.838396,1.528813],[124.838388,1.528751],[124.838409,1.52871],[124.838466,1.528677],[124.838544,1.528616],[124.838575,1.52857],[124.838585,1.528513],[124.838569,1.528493],[124.838499,1.528505],[124.838446,1.528464],[124.838437,1.528374],[124.838425,1.5283],[124.8384,1.528251],[124.838343,1.528246],[124.83829,1.528259],[124.83822,1.528201],[124.838139,1.528237],[124.838006,1.528185],[124.8379,1.528218],[124.837903,1.528283],[124.837803,1.528379],[124.837814,1.528431],[124.83783,1.528505],[124.837863,1.528562],[124.837904,1.528635],[124.837597,1.528377],[124.837565,1.528368],[124.837532,1.528372],[124.837528,1.528372],[124.837508,1.528378],[124.83785,1.528657],[124.838187,1.528931],[124.838171,1.528961],[124.838146,1.528992],[124.838126,1.529027],[124.838071,1.529134],[124.838051,1.529109],[124.837997,1.529022],[124.837915,1.528914],[124.837857,1.528825],[124.837825,1.528782],[124.837799,1.528759],[124.837757,1.528752],[124.837684,1.528754],[124.83763,1.528772],[124.837597,1.528812],[124.837553,1.52882],[124.837508,1.528825],[124.837493,1.528855],[124.837493,1.528884],[124.837482,1.528911],[124.837462,1.528927],[124.837422,1.528906],[124.8374,1.528909],[124.83737,1.528931],[124.837335,1.528952],[124.8373,1.528962],[124.837265,1.528986],[124.837223,1.529009],[124.837188,1.529047],[124.837188,1.529084],[124.837185,1.529119],[124.837173,1.529131],[124.837158,1.529109],[124.837141,1.529084],[124.837121,1.529082],[124.837099,1.529089],[124.837086,1.529126],[124.837058,1.529171],[124.837033,1.529191],[124.837009,1.529198],[124.836979,1.529204],[124.836949,1.529211],[124.836933,1.529189],[124.836923,1.529156],[124.836914,1.529149],[124.836877,1.529164],[124.836861,1.529199],[124.836849,1.529233],[124.836834,1.529271],[124.836816,1.529291],[124.836771,1.529321],[124.836737,1.529351],[124.836727,1.529389],[124.836732,1.529454],[124.836732,1.529852],[124.836732,1.53018],[124.836756,1.530207],[124.836756,1.530232],[124.836771,1.530254],[124.836796,1.530267],[124.836811,1.530282],[124.836787,1.530289],[124.836764,1.530289],[124.836752,1.530306],[124.836752,1.530334],[124.836774,1.530356],[124.836779,1.530382],[124.836782,1.530419],[124.836771,1.530462],[124.836762,1.530489],[124.836754,1.530511],[124.836737,1.530528],[124.836712,1.530546],[124.836682,1.530548],[124.836664,1.530534],[124.836666,1.530518],[124.836677,1.530493],[124.836684,1.530467],[124.836682,1.530447],[124.836677,1.530429],[124.836679,1.530394],[124.83667,1.530315],[124.836647,1.530307],[124.836624,1.530312],[124.836622,1.530291],[124.836622,1.530259],[124.836605,1.530251],[124.836607,1.530231],[124.836604,1.530182],[124.836589,1.530175],[124.836572,1.530164],[124.836542,1.530149],[124.83651,1.530129],[124.83648,1.530129],[124.836467,1.530152],[124.836462,1.530179],[124.836436,1.530197],[124.836432,1.530169],[124.836412,1.53012],[124.836402,1.530065],[124.836385,1.53004],[124.836384,1.530034],[124.836362,1.530025],[124.836338,1.53003],[124.836315,1.530059],[124.836302,1.530092],[124.836307,1.530122],[124.836332,1.530145],[124.836364,1.530192],[124.836394,1.530224],[124.836394,1.530269],[124.836402,1.530289],[124.836394,1.530307],[124.836375,1.530321],[124.836349,1.530332],[124.836337,1.530324],[124.836338,1.530302],[124.836337,1.530294],[124.836303,1.530252],[124.836258,1.530242],[124.836203,1.530247],[124.836175,1.530262],[124.836147,1.530307],[124.836113,1.530342],[124.836051,1.530372],[124.836033,1.530409],[124.836016,1.530436],[124.836022,1.530465],[124.836046,1.530477],[124.836051,1.530494],[124.836028,1.530519],[124.836006,1.530521],[124.835998,1.530511],[124.835991,1.530485],[124.835973,1.530466],[124.835958,1.530437],[124.835938,1.530422],[124.835925,1.530439],[124.835901,1.530466],[124.83587,1.530472],[124.835841,1.530481],[124.835831,1.530504],[124.83585,1.530539],[124.83587,1.530563],[124.835775,1.530625],[124.835764,1.530658],[124.835781,1.530678],[124.835801,1.530699],[124.835801,1.530724],[124.835786,1.530744],[124.835753,1.530734],[124.835724,1.530731],[124.835701,1.530751],[124.835668,1.530775],[124.835589,1.530991],[124.835548,1.531006],[124.835526,1.531028],[124.835509,1.53106],[124.835504,1.531097],[124.835509,1.531113],[124.835568,1.531123],[124.835564,1.53114],[124.835556,1.531155],[124.835563,1.531183],[124.835548,1.531247],[124.835544,1.531267],[124.835531,1.531294],[124.835514,1.531289],[124.835497,1.531245],[124.835471,1.53123],[124.835441,1.53124],[124.835422,1.53125],[124.835422,1.531278],[124.835426,1.531309],[124.835417,1.53134],[124.835429,1.531367],[124.835462,1.53141],[124.835467,1.531425],[124.835456,1.531435],[124.835441,1.531452],[124.835442,1.531479],[124.835442,1.531502],[124.835419,1.531535],[124.835383,1.531558],[124.835359,1.531535],[124.835339,1.531509],[124.835312,1.531492],[124.835296,1.531499],[124.835279,1.531524],[124.835264,1.531557],[124.835278,1.5316],[124.835282,1.531626],[124.835269,1.531634],[124.835244,1.531636],[124.835217,1.531647],[124.835194,1.531656],[124.835177,1.531641],[124.835169,1.531614],[124.83516,1.531587],[124.835147,1.531562],[124.835125,1.531547],[124.835094,1.531559],[124.835055,1.531597],[124.835014,1.531632],[124.83498,1.531686],[124.834941,1.531736],[124.83494,1.531761],[124.834925,1.531782],[124.834895,1.531791],[124.834877,1.531782],[124.834857,1.53177],[124.8348,1.531769],[124.834755,1.531777],[124.834725,1.531799],[124.834704,1.531822],[124.8347,1.531828],[124.834691,1.531854],[124.834668,1.531866],[124.83465,1.531861],[124.83465,1.531839],[124.834631,1.531828],[124.834605,1.531844],[124.834585,1.531863],[124.834573,1.531888],[124.834555,1.531911],[124.834521,1.531936],[124.83449,1.531948],[124.834469,1.531966],[124.834451,1.531989],[124.834438,1.532026],[124.834433,1.532051],[124.834394,1.532051],[124.834366,1.532061],[124.834363,1.532091],[124.834361,1.53212],[124.834373,1.532146],[124.834383,1.532158],[124.834421,1.532163],[124.834448,1.532163],[124.834375,1.532248],[124.834338,1.532253],[124.834306,1.532251],[124.834298,1.532236],[124.834281,1.53222],[124.834268,1.532218],[124.834244,1.532223],[124.834221,1.532238],[124.834222,1.532281],[124.834209,1.532311],[124.834191,1.532316],[124.834164,1.532313],[124.834154,1.532303],[124.834136,1.532301],[124.834121,1.532308],[124.834109,1.532335],[124.834102,1.53236],[124.834062,1.532375],[124.834042,1.532397],[124.834024,1.532423],[124.833997,1.532452],[124.833977,1.532463],[124.833956,1.532468],[124.833935,1.532463],[124.83392,1.532462],[124.833892,1.532487],[124.833872,1.53251],[124.833865,1.532527],[124.833867,1.532543],[124.833877,1.532562],[124.833894,1.532582],[124.833904,1.532607],[124.833905,1.53263],[124.833927,1.532645],[124.833952,1.53266],[124.833971,1.532664],[124.834002,1.53265],[124.834017,1.532634],[124.834037,1.532625],[124.834076,1.532627],[124.834102,1.532637],[124.834114,1.532655],[124.834114,1.53267],[124.834107,1.532694],[124.834092,1.532714],[124.834077,1.532722],[124.834062,1.532722],[124.834044,1.532715],[124.834022,1.53271],[124.834001,1.532709],[124.833976,1.532709],[124.833947,1.53272],[124.83393,1.53274],[124.833927,1.532774],[124.833934,1.532794],[124.833961,1.53281],[124.833974,1.532824],[124.833997,1.532847],[124.834017,1.53286],[124.834024,1.532872],[124.834022,1.532887],[124.834011,1.532906],[124.833997,1.532899],[124.833982,1.532859],[124.833969,1.532842],[124.833944,1.53283],[124.833927,1.53282],[124.833897,1.532809],[124.833875,1.532792],[124.833857,1.532784],[124.833837,1.532782],[124.833824,1.532794],[124.83381,1.53281],[124.833812,1.532839],[124.833815,1.532865],[124.833812,1.532869],[124.833807,1.532889],[124.833789,1.532896],[124.833769,1.532889],[124.833754,1.532879],[124.83374,1.532881],[124.833732,1.532911],[124.833734,1.532929],[124.833757,1.532934],[124.833779,1.532926],[124.833795,1.532922],[124.833812,1.532931],[124.833825,1.532944],[124.833849,1.532954],[124.83387,1.532956],[124.83388,1.532942],[124.833897,1.532919],[124.833915,1.532919],[124.833919,1.532936],[124.833909,1.532956],[124.833895,1.532966],[124.833887,1.532981],[124.833874,1.532989],[124.83385,1.532996],[124.833832,1.533006],[124.833824,1.533022],[124.833809,1.533041],[124.833785,1.533041],[124.833774,1.533037],[124.833757,1.533037],[124.833744,1.533052],[124.833725,1.533089],[124.83372,1.533114],[124.833717,1.533146],[124.833717,1.533166],[124.833722,1.533184],[124.83374,1.533198],[124.83376,1.533208],[124.833777,1.533223],[124.83379,1.533238],[124.833784,1.533246],[124.833762,1.533248],[124.833742,1.533236],[124.83371,1.533199],[124.833677,1.533173],[124.833652,1.533166],[124.833625,1.533161],[124.83358,1.533154],[124.833537,1.533153],[124.833495,1.533158],[124.833465,1.533171],[124.833438,1.533198],[124.833427,1.533224],[124.833413,1.533236],[124.833388,1.533236],[124.833376,1.533224],[124.83336,1.533219],[124.833343,1.533229],[124.83332,1.533229],[124.833298,1.533228],[124.83328,1.533243],[124.83327,1.533256],[124.83325,1.533263],[124.833226,1.533251],[124.8332,1.533251],[124.833176,1.533266],[124.833183,1.533284],[124.83321,1.533299],[124.833236,1.533296],[124.833256,1.533294],[124.83327,1.533313],[124.83327,1.533324],[124.833253,1.533336],[124.833233,1.533346],[124.833208,1.533366],[124.833186,1.533379],[124.833165,1.533396],[124.833144,1.533418],[124.833156,1.533436],[124.833171,1.53344],[124.83319,1.533441],[124.833208,1.533456],[124.833218,1.533483],[124.833211,1.533505],[124.833193,1.533513],[124.833171,1.53351],[124.833156,1.533495],[124.833144,1.533493],[124.833129,1.533493],[124.833106,1.533498],[124.833093,1.533511],[124.833101,1.533536],[124.833111,1.533548],[124.833109,1.533563],[124.833093,1.533578],[124.833083,1.533588],[124.833069,1.533591],[124.833056,1.533593],[124.833031,1.533593],[124.833019,1.533603],[124.832996,1.533626],[124.832971,1.533658],[124.832954,1.53368],[124.832938,1.533693],[124.832914,1.533702],[124.832887,1.533712],[124.832872,1.533732],[124.832869,1.533758],[124.832869,1.533778],[124.832879,1.533795],[124.832901,1.533812],[124.832919,1.53383],[124.832934,1.533853],[124.832929,1.53387],[124.832914,1.533888],[124.832892,1.533933],[124.832317,1.533655],[124.832307,1.533666],[124.832323,1.533682],[124.83236,1.533707],[124.832817,1.533933],[124.832822,1.533944],[124.832817,1.533967],[124.832816,1.533989],[124.832836,1.534007],[124.832852,1.534017],[124.832871,1.534032],[124.832889,1.534045],[124.832914,1.534052],[124.832934,1.534045],[124.832938,1.534027],[124.832938,1.53401],[124.832939,1.534],[124.833171,1.534112],[124.833366,1.534216],[124.833325,1.534332],[124.8333,1.534366],[124.833256,1.534352],[124.833241,1.534349],[124.833226,1.534357],[124.833226,1.534376],[124.833248,1.534389],[124.83329,1.534406],[124.833263,1.534474],[124.833251,1.534494],[124.833228,1.534554],[124.833196,1.534538],[124.833176,1.534528],[124.833081,1.534486],[124.833014,1.534457],[124.832984,1.534454],[124.832946,1.534478],[124.832929,1.534498],[124.832906,1.534503],[124.832882,1.534494],[124.832864,1.534479],[124.832839,1.534462],[124.832821,1.534461],[124.832796,1.534467],[124.832796,1.534486],[124.832812,1.534498],[124.832829,1.534514],[124.832839,1.534533],[124.832839,1.534553],[124.832832,1.534576],[124.832862,1.534618],[124.832882,1.534621],[124.832908,1.534626],[124.832933,1.534616],[124.832951,1.534624],[124.832954,1.534643],[124.832939,1.534663],[124.832936,1.534681],[124.832946,1.534696],[124.832952,1.534831],[124.832978,1.534895],[124.833009,1.534958],[124.833016,1.535022],[124.832984,1.535047],[124.832876,1.535041],[124.832844,1.53506],[124.832838,1.535136],[124.832889,1.535232],[124.832819,1.535308],[124.832743,1.53527],[124.832666,1.53527],[124.832628,1.535295],[124.832514,1.535467],[124.8324,1.535594],[124.83233,1.535682],[124.832209,1.535778],[124.832056,1.535869],[124.83205,1.535873],[124.83193,1.53593],[124.831847,1.535924],[124.831771,1.535873],[124.83165,1.535854],[124.831498,1.535848],[124.83139,1.535822],[124.831231,1.535816],[124.831098,1.535803],[124.830996,1.535797],[124.830907,1.535746],[124.830742,1.535689],[124.830514,1.535606],[124.830317,1.535562],[124.830164,1.535549],[124.8301,1.535567],[124.830085,1.535571],[124.830006,1.535594],[124.829942,1.535676],[124.829904,1.535778],[124.829898,1.535886],[124.829891,1.536],[124.829882,1.536045],[124.829853,1.536178],[124.829796,1.53626],[124.829688,1.536337],[124.829542,1.536419],[124.82925,1.536552],[124.829142,1.536686],[124.829059,1.536787],[124.82899,1.536914],[124.828856,1.537143],[124.828782,1.537274],[124.828641,1.537343],[124.828494,1.537334],[124.828272,1.537295],[124.828164,1.537264],[124.828132,1.537219],[124.82798,1.537137],[124.827783,1.537086],[124.827618,1.537099],[124.827446,1.537143],[124.82725,1.537207],[124.827002,1.537295],[124.826824,1.537378],[124.826646,1.537486],[124.826545,1.537568],[124.826449,1.537626],[124.826354,1.537651],[124.826265,1.53767],[124.826189,1.537715],[124.8261,1.537797],[124.826081,1.537873],[124.826049,1.53795],[124.826009,1.538129],[124.826031,1.538224],[124.826052,1.538252],[124.82608,1.538266],[124.826101,1.538274],[124.826131,1.538293],[124.826133,1.538322],[124.826108,1.538346],[124.82609,1.538363],[124.82605,1.538377],[124.825985,1.538371],[124.825937,1.538332],[124.825885,1.538298],[124.825841,1.538298],[124.825762,1.538341],[124.825704,1.538367],[124.825618,1.538407],[124.82556,1.538477],[124.825548,1.538581],[124.825548,1.538585],[124.825527,1.538682],[124.825498,1.538743],[124.825379,1.538828],[124.825312,1.538832],[124.825238,1.538876],[124.825189,1.538916],[124.825145,1.538957],[124.825054,1.539026],[124.824987,1.53903],[124.824939,1.53902],[124.824894,1.53898],[124.824886,1.538938],[124.824882,1.538893],[124.82486,1.538853],[124.824798,1.538781],[124.824665,1.538743],[124.824563,1.538731],[124.824449,1.538731],[124.824328,1.538712],[124.824233,1.538673],[124.824157,1.53868],[124.824055,1.538724],[124.823966,1.538756],[124.82382,1.538781],[124.8237,1.538845],[124.82363,1.538927],[124.823573,1.539067],[124.823554,1.539213],[124.823458,1.539347],[124.823389,1.539442],[124.823331,1.539563],[124.823312,1.539641],[124.823306,1.539664],[124.823232,1.539786],[124.823178,1.54003],[124.823096,1.540229],[124.823015,1.540365],[124.822888,1.54051],[124.822807,1.540591],[124.822717,1.540727],[124.822635,1.540898],[124.822581,1.541025],[124.822454,1.541323],[124.822391,1.541468],[124.822256,1.541631],[124.822156,1.541757],[124.822048,1.541902],[124.821912,1.542155],[124.821758,1.542345],[124.821586,1.54258],[124.821469,1.542716],[124.821406,1.54287],[124.821378,1.543041],[124.821442,1.543204],[124.821571,1.543345],[124.821685,1.543897],[124.821569,1.543983],[124.821415,1.543864],[124.821333,1.543864],[124.821225,1.543946],[124.821134,1.544036],[124.821035,1.54409],[124.820899,1.54409],[124.8208,1.544163],[124.820736,1.544289],[124.820619,1.544407],[124.82042,1.544443],[124.820284,1.544588],[124.820103,1.544841],[124.819878,1.545094],[124.819642,1.545213],[124.81923,1.545628],[124.819131,1.545728],[124.819101,1.545845],[124.819137,1.545999],[124.819101,1.546049],[124.81901,1.54606],[124.818706,1.545884],[124.818568,1.545884],[124.818446,1.545823],[124.81835,1.545804],[124.818304,1.545812],[124.818256,1.545885],[124.818218,1.546089],[124.818181,1.546284],[124.818101,1.546394],[124.81799,1.546467],[124.817925,1.546501],[124.817868,1.546566],[124.817829,1.546654],[124.817802,1.546746],[124.81781,1.546892],[124.817772,1.546976],[124.817737,1.547026],[124.817634,1.547049],[124.817496,1.547049],[124.817393,1.547011],[124.817312,1.546949],[124.817236,1.546922],[124.817083,1.54685],[124.816991,1.546823],[124.81688,1.546808],[124.816784,1.546808],[124.816661,1.546815],[124.816585,1.546846],[124.816512,1.546911],[124.816485,1.546968],[124.81647,1.547164],[124.816462,1.547271],[124.816455,1.547336],[124.816428,1.54742],[124.816412,1.547482],[124.816378,1.547593],[124.816363,1.547646],[124.816363,1.547711],[124.816374,1.548002],[124.816359,1.548117],[124.816317,1.548171],[124.816255,1.548247],[124.81614,1.548332],[124.816049,1.548359],[124.815961,1.548397],[124.815884,1.548443],[124.815784,1.548527],[124.815681,1.54868],[124.81562,1.54878],[124.815562,1.548895],[124.815505,1.548983],[124.815482,1.549082],[124.815516,1.549262],[124.815558,1.549373],[124.815616,1.549454],[124.815669,1.549511],[124.8157,1.549599],[124.815727,1.549668],[124.815742,1.549775],[124.815742,1.549871],[124.815666,1.54999],[124.815635,1.550036],[124.815627,1.550109],[124.815631,1.550189],[124.815604,1.550235],[124.815532,1.550246],[124.815421,1.550231],[124.815256,1.550227],[124.81508,1.550208],[124.814972,1.550197],[124.814838,1.550185],[124.81475,1.550151],[124.814547,1.550086],[124.814379,1.550059],[124.814306,1.550051],[124.814141,1.550021],[124.814042,1.550017],[124.813896,1.550001],[124.813747,1.550001],[124.813602,1.55004],[124.813525,1.550074],[124.813441,1.550194],[124.813341,1.550413],[124.813242,1.550534],[124.813184,1.550603],[124.813138,1.550683],[124.813135,1.550865],[124.813288,1.551085],[124.813475,1.551208],[124.813563,1.551319],[124.813625,1.551407],[124.813636,1.551506],[124.813651,1.551614],[124.813625,1.551778],[124.81354,1.551828],[124.813429,1.551813],[124.81336,1.551717],[124.813261,1.551644],[124.813153,1.551606],[124.813054,1.551602],[124.812951,1.551621],[124.812859,1.551709],[124.812767,1.551836],[124.812663,1.552027],[124.812556,1.552119],[124.812449,1.5522],[124.812372,1.552249],[124.812188,1.552349],[124.812104,1.552391],[124.812043,1.552433],[124.811993,1.552491],[124.811917,1.552602],[124.811855,1.552701],[124.811794,1.552751],[124.811725,1.55277],[124.811622,1.552797],[124.81153,1.552874],[124.811472,1.552942],[124.811403,1.553084],[124.811354,1.553222],[124.811292,1.553352],[124.811227,1.553459],[124.811139,1.553525],[124.811001,1.553567],[124.810963,1.553632],[124.810952,1.553697],[124.810952,1.553758],[124.810909,1.553835],[124.810867,1.553877],[124.81076,1.553915],[124.810653,1.55393],[124.810561,1.55393],[124.810496,1.553934],[124.81045,1.553919],[124.810232,1.553877],[124.810136,1.553892],[124.810117,1.553927],[124.810117,1.553996],[124.810075,1.554053],[124.809994,1.554057],[124.809952,1.554026],[124.809837,1.553946],[124.809684,1.553919],[124.809554,1.553942],[124.80942,1.554026],[124.809355,1.554118],[124.809328,1.554248],[124.809309,1.554367],[124.809332,1.554467],[124.809351,1.554555],[124.809362,1.554677],[124.809404,1.554865],[124.809381,1.554907],[124.809366,1.554976],[124.809309,1.555045],[124.809217,1.555098],[124.809117,1.555129],[124.809067,1.555129],[124.808914,1.555129],[124.80883,1.555129],[124.808711,1.55519],[124.808616,1.555259],[124.808543,1.555317],[124.808474,1.555367],[124.808466,1.555451],[124.808481,1.555504],[124.808604,1.555742],[124.808623,1.555857],[124.808589,1.555926],[124.808493,1.555968],[124.808416,1.555941],[124.80816,1.555795],[124.808049,1.555792],[124.807972,1.555807],[124.807899,1.555883],[124.807842,1.555983],[124.807815,1.55609],[124.807801,1.556126],[124.80775,1.556255],[124.80767,1.556404],[124.80765,1.556466],[124.807643,1.556531],[124.807601,1.556592],[124.807575,1.556687],[124.807454,1.556723],[124.807318,1.556723],[124.807261,1.55678],[124.807183,1.556937],[124.807161,1.557037],[124.807204,1.557151],[124.807333,1.557215],[124.807533,1.557215],[124.807625,1.557244],[124.807697,1.557329],[124.807711,1.557415],[124.807668,1.557515],[124.807604,1.557594],[124.807468,1.557658],[124.80739,1.557722],[124.807376,1.557836],[124.807376,1.55795],[124.807283,1.558229],[124.807233,1.558322],[124.807218,1.558429],[124.80723,1.558547],[124.807145,1.558641],[124.806976,1.558636],[124.806812,1.558671],[124.806754,1.558757],[124.80674,1.558843],[124.806782,1.559045],[124.806724,1.55911],[124.806569,1.559085],[124.806433,1.5591],[124.806312,1.559128],[124.806183,1.559207],[124.806098,1.5593],[124.806026,1.559364],[124.805905,1.559457],[124.805848,1.559578],[124.805834,1.559735],[124.805819,1.559828],[124.805819,1.559942],[124.805812,1.560021],[124.805698,1.560163],[124.805655,1.560213],[124.805491,1.560363],[124.80542,1.56047],[124.805334,1.560656],[124.805241,1.560827],[124.805148,1.561056],[124.805091,1.561241],[124.805084,1.561405],[124.805134,1.561584],[124.805213,1.561841],[124.805284,1.561984],[124.80535,1.562098],[124.805398,1.562248],[124.80547,1.562348],[124.805555,1.562448],[124.805591,1.562505],[124.805562,1.56254],[124.805477,1.562519],[124.805377,1.562476],[124.805305,1.562476],[124.805193,1.562533],[124.805041,1.56259],[124.804877,1.562526],[124.804784,1.562519],[124.804734,1.562569],[124.80477,1.562648],[124.804799,1.562812],[124.804749,1.562947],[124.80462,1.563062],[124.804427,1.56319],[124.804306,1.56324],[124.804135,1.563261],[124.803963,1.563283],[124.803813,1.563283],[124.803714,1.563326],[124.803564,1.563397],[124.803364,1.563461],[124.803242,1.563511],[124.803207,1.563583],[124.803157,1.563697],[124.803135,1.563811],[124.803135,1.563947],[124.803157,1.56404],[124.803264,1.564132],[124.803491,1.56427],[124.803728,1.564457],[124.803728,1.564582],[124.803749,1.564675],[124.803828,1.564753],[124.803906,1.564775],[124.804013,1.564775],[124.804173,1.564808],[124.804501,1.565067],[124.80459,1.56524],[124.804727,1.56531],[124.804827,1.565389],[124.804854,1.565491],[124.804884,1.565603],[124.80486,1.56572],[124.804856,1.565738],[124.804806,1.565824],[124.804618,1.565989],[124.80421,1.566638],[124.803956,1.566877],[124.803906,1.566923],[124.803728,1.567173],[124.803578,1.567416],[124.803478,1.567702],[124.803471,1.56798],[124.803485,1.56818],[124.803635,1.568501],[124.803706,1.568679],[124.803806,1.568815],[124.803856,1.568872],[124.803985,1.568936],[124.804085,1.569079],[124.804163,1.569343],[124.80422,1.569508],[124.804277,1.5696],[124.80437,1.569643],[124.804678,1.569622],[124.804784,1.569529],[124.804906,1.569408],[124.80502,1.569372],[124.805091,1.569336],[124.805198,1.569315],[124.805255,1.569315],[124.805191,1.569422],[124.805134,1.569493],[124.805098,1.569565],[124.804941,1.569814],[124.804863,1.5699],[124.804827,1.570007],[124.804811,1.570178],[124.804699,1.570186],[124.804599,1.570186],[124.80452,1.570221],[124.80447,1.5703],[124.804385,1.5704],[124.804342,1.570535],[124.804392,1.570635],[124.804513,1.570692],[124.804592,1.570728],[124.804627,1.570807],[124.804556,1.570864],[124.804306,1.570892],[124.804235,1.570978],[124.804199,1.571121],[124.80427,1.571249],[124.804327,1.571378],[124.804356,1.571463],[124.80442,1.571535],[124.804484,1.571563],[124.804592,1.571599],[124.804642,1.57167],[124.804663,1.571735],[124.80472,1.571799],[124.804791,1.57182],[124.804877,1.571835],[124.804956,1.571877],[124.80507,1.571977],[124.805191,1.571991],[124.805402,1.572171],[124.805277,1.572192],[124.805177,1.57217],[124.80512,1.57217],[124.80502,1.572192],[124.804998,1.572277],[124.805105,1.572341],[124.805255,1.572391],[124.805327,1.57247],[124.80537,1.572556],[124.805412,1.572663],[124.805455,1.572784],[124.80552,1.572884],[124.805569,1.57297],[124.805605,1.573055],[124.805612,1.573219],[124.805612,1.573291],[124.805627,1.573369],[124.805662,1.573426],[124.805748,1.573498],[124.805776,1.573576],[124.805791,1.573676],[124.805819,1.573762],[124.805876,1.573826],[124.805941,1.573883],[124.806041,1.573962],[124.806098,1.574055],[124.806112,1.57414],[124.806119,1.574247],[124.806169,1.574319],[124.806276,1.57439],[124.806392,1.574406],[124.80649,1.574376],[124.806576,1.574369],[124.806655,1.574397],[124.806719,1.57439],[124.80679,1.57434],[124.806883,1.574319],[124.806969,1.574276],[124.807054,1.574233],[124.807326,1.57399],[124.807383,1.573898],[124.807475,1.573776],[124.807497,1.573698],[124.807575,1.573662],[124.80764,1.573741],[124.807711,1.573919],[124.807732,1.573982],[124.80774,1.574005],[124.807718,1.574083],[124.807754,1.574147],[124.807811,1.574197],[124.807811,1.574233],[124.807668,1.574205],[124.807504,1.574205],[124.807354,1.574255],[124.807147,1.574354],[124.806926,1.574426],[124.806769,1.574454],[124.806662,1.574512],[124.806633,1.574569],[124.806619,1.574654],[124.806469,1.574733],[124.806412,1.574783],[124.806433,1.574876],[124.806497,1.574997],[124.806519,1.575068],[124.806576,1.575154],[124.806747,1.575233],[124.806712,1.575304],[124.80664,1.575411],[124.80659,1.575547],[124.806519,1.575568],[124.806369,1.575568],[124.806319,1.575504],[124.806283,1.575411],[124.806176,1.575332],[124.806076,1.575347],[124.805948,1.575368],[124.805819,1.575361],[124.805712,1.575475],[124.805669,1.575597],[124.805669,1.575732],[124.805669,1.575839],[124.805705,1.575918],[124.805762,1.576039],[124.805776,1.576125],[124.805805,1.576246],[124.80587,1.576288],[124.805948,1.576339],[124.806069,1.576389],[124.806133,1.576475],[124.806169,1.57661],[124.806219,1.576696],[124.806312,1.576703],[124.806362,1.57666],[124.806433,1.576653],[124.806497,1.576703],[124.806569,1.576803],[124.806633,1.576889],[124.806776,1.577003],[124.806862,1.577124],[124.806961,1.577196],[124.807019,1.577231],[124.807119,1.577217],[124.807168,1.577231],[124.807226,1.577281],[124.807304,1.57736],[124.807376,1.577445],[124.807433,1.577524],[124.807504,1.577574],[124.807583,1.577581],[124.807718,1.577531],[124.807782,1.577531],[124.807875,1.577531],[124.807968,1.577567],[124.808047,1.57766],[124.808154,1.577667],[124.808182,1.577602],[124.808275,1.577574],[124.808418,1.577702],[124.808539,1.577824],[124.808539,1.577924],[124.808525,1.578074],[124.808261,1.579144],[124.808439,1.579287],[124.80886,1.579544],[124.80891,1.579508],[124.809253,1.578209],[124.809289,1.578045],[124.809292,1.577829],[124.809367,1.577652],[124.809453,1.577581],[124.809603,1.577552],[124.809653,1.577474],[124.809681,1.577417],[124.809781,1.577395],[124.809845,1.577445],[124.80991,1.577531],[124.809997,1.577634],[124.8101,1.577678],[124.810167,1.577531],[124.810195,1.577353],[124.810209,1.577238],[124.810202,1.57716],[124.810159,1.577067],[124.810138,1.57696],[124.810131,1.576881],[124.810152,1.576824],[124.810195,1.576839],[124.810202,1.576939],[124.810231,1.577039],[124.810281,1.577138],[124.810381,1.57716],[124.810452,1.577138],[124.810545,1.577103],[124.810595,1.577074],[124.810652,1.577124],[124.810723,1.577167],[124.810823,1.577124],[124.810859,1.577088],[124.810916,1.577103],[124.810995,1.577103],[124.811059,1.577138],[124.811102,1.57721],[124.811052,1.577295],[124.810959,1.57731],[124.810859,1.577303],[124.810802,1.577267],[124.810731,1.577246],[124.810659,1.577253],[124.810645,1.577317],[124.810717,1.577434],[124.810824,1.577514],[124.81096,1.577587],[124.811071,1.577592],[124.811142,1.577574],[124.811206,1.577587],[124.811261,1.577602],[124.811312,1.57762],[124.811368,1.57765],[124.811411,1.577676],[124.811446,1.577673],[124.811474,1.577643],[124.811497,1.577602],[124.811517,1.577577],[124.81157,1.577574],[124.811608,1.577592],[124.811631,1.577622],[124.811646,1.577693],[124.811646,1.577774],[124.81157,1.577881],[124.811514,1.577891],[124.811461,1.577865],[124.811421,1.577835],[124.811335,1.57782],[124.811274,1.57782],[124.811226,1.577853],[124.811218,1.577924],[124.811274,1.577997],[124.811325,1.578027],[124.811378,1.578048],[124.811426,1.578083],[124.811451,1.578126],[124.811474,1.578179],[124.811474,1.578237],[124.811431,1.578308],[124.811428,1.578351],[124.811456,1.578397],[124.811489,1.578417],[124.811517,1.578432],[124.81157,1.578442],[124.811613,1.578442],[124.811666,1.578442],[124.811704,1.57845],[124.811742,1.578483],[124.811793,1.578483],[124.811828,1.578475],[124.811876,1.578475],[124.811909,1.578483],[124.812,1.578554],[124.812043,1.578609],[124.812063,1.578637],[124.812099,1.57865],[124.812127,1.578665],[124.812127,1.578693],[124.812096,1.578721],[124.812056,1.578738],[124.812015,1.578756],[124.811965,1.578776],[124.811929,1.578799],[124.811934,1.578855],[124.811957,1.578893],[124.812048,1.578931],[124.812023,1.578976],[124.812,1.578989],[124.811947,1.578984],[124.811896,1.578971],[124.811856,1.578974],[124.811828,1.579024],[124.811826,1.579088],[124.811851,1.579141],[124.811876,1.579179],[124.811891,1.579239],[124.811909,1.579308],[124.811921,1.579416],[124.81195,1.579492],[124.81195,1.57954],[124.81195,1.579582],[124.81195,1.579654],[124.81195,1.579704],[124.811942,1.579781],[124.811946,1.579853],[124.811959,1.579916],[124.812018,1.579993],[124.812095,1.580001],[124.812179,1.579972],[124.812247,1.579921],[124.812328,1.57984],[124.812391,1.579755],[124.812434,1.579658],[124.812472,1.579573],[124.812506,1.579522],[124.812548,1.57945],[124.812595,1.579399],[124.812741,1.57937],[124.813057,1.579306],[124.813163,1.579293],[124.813235,1.579272],[124.813337,1.579225],[124.813413,1.579175],[124.813455,1.579119],[124.81354,1.579056],[124.813625,1.579043],[124.813693,1.579047],[124.813748,1.579077],[124.813786,1.579107],[124.813879,1.57909],[124.813951,1.579052],[124.814002,1.579052],[124.814095,1.579069],[124.814172,1.579056],[124.814239,1.579026],[124.814329,1.579009],[124.814409,1.579005],[124.814473,1.579022],[124.814528,1.579086],[124.814532,1.579115],[124.81449,1.57918],[124.814439,1.579251],[124.814388,1.579259],[124.814337,1.579259],[124.814256,1.579276],[124.814206,1.579348],[124.814129,1.579391],[124.814074,1.579433],[124.814044,1.579497],[124.81404,1.579569],[124.814066,1.579632],[124.814095,1.579696],[124.814125,1.579751],[124.814159,1.579802],[124.814189,1.579861],[124.814189,1.579929],[124.814184,1.580001],[124.81415,1.580056],[124.814121,1.580103],[124.814138,1.580179],[124.814176,1.580222],[124.814206,1.580251],[124.814256,1.580294],[124.814316,1.580328],[124.814401,1.580366],[124.814481,1.580438],[124.814562,1.58054],[124.814617,1.58059],[124.814782,1.580702],[124.814947,1.580794],[124.815032,1.580802],[124.815104,1.580811],[124.815138,1.58084],[124.815181,1.58087],[124.815236,1.580862],[124.815278,1.580788],[124.815342,1.58073],[124.81538,1.580735],[124.815431,1.580756],[124.815507,1.580777],[124.815562,1.580777],[124.815626,1.580785],[124.815665,1.580856],[124.815727,1.580867],[124.815761,1.580828],[124.815782,1.580743],[124.815825,1.580692],[124.815888,1.580671],[124.815952,1.580637],[124.815982,1.580595],[124.815986,1.58054],[124.81599,1.580497],[124.816024,1.580493],[124.816079,1.580514],[124.816109,1.580561],[124.816117,1.580612],[124.81613,1.580654],[124.816164,1.580688],[124.816198,1.580705],[124.816236,1.580713],[124.816261,1.58076],[124.816274,1.580798],[124.8163,1.580828],[124.816355,1.580832],[124.816423,1.580785],[124.816478,1.580751],[124.816516,1.580743],[124.816579,1.580722],[124.816584,1.580679],[124.816634,1.580658],[124.816681,1.580696],[124.816728,1.580739],[124.816779,1.580794],[124.816854,1.580918],[124.816846,1.581024],[124.816797,1.581067],[124.816766,1.581122],[124.816766,1.581196],[124.816791,1.581282],[124.816864,1.581331],[124.816962,1.581387],[124.817011,1.581473],[124.817011,1.581583],[124.81698,1.581663],[124.816937,1.581694],[124.81687,1.581694],[124.816809,1.581676],[124.816742,1.581626],[124.816656,1.581633],[124.816632,1.581706],[124.816705,1.581811],[124.816785,1.581872],[124.816913,1.581915],[124.816986,1.581952],[124.817047,1.581971],[124.81709,1.581965],[124.81717,1.581928],[124.817225,1.581897],[124.817274,1.581879],[124.817353,1.581879],[124.817383,1.581934],[124.81739,1.581983],[124.817353,1.58202],[124.817292,1.582069],[124.81728,1.582131],[124.81731,1.582174],[124.817359,1.582204],[124.817402,1.582248],[124.817573,1.582321],[124.817701,1.58237],[124.81775,1.58237],[124.817793,1.582315],[124.817805,1.582284],[124.817854,1.582248],[124.817915,1.582161],[124.817933,1.582112],[124.817976,1.582118],[124.817988,1.582174],[124.817976,1.582248],[124.817964,1.582327],[124.817976,1.582389],[124.818019,1.582426],[124.818062,1.582432],[124.818165,1.582343],[124.818233,1.582284],[124.818276,1.582278],[124.818355,1.582229],[124.818386,1.582168],[124.818398,1.5821],[124.818404,1.582026],[124.818404,1.581965],[124.818422,1.581903],[124.818477,1.581872],[124.818544,1.581872],[124.818605,1.581842],[124.818636,1.581762],[124.81866,1.581694],[124.818697,1.581571],[124.818777,1.581417],[124.818813,1.581338],[124.818832,1.581251],[124.818838,1.581178],[124.818856,1.581104],[124.818868,1.581036],[124.818862,1.580969],[124.818813,1.580919],[124.81877,1.580883],[124.818746,1.580809],[124.818789,1.580735],[124.818923,1.580717],[124.819058,1.580698],[124.819174,1.580698],[124.819247,1.580723],[124.819333,1.580772],[124.819394,1.580833],[124.819479,1.580889],[124.819559,1.580944],[124.819638,1.580987],[124.819675,1.581036],[124.819675,1.581116],[124.819614,1.581141],[124.819546,1.581147],[124.819461,1.581141],[124.819384,1.581178],[124.81932,1.581233],[124.819271,1.581251],[124.81921,1.581251],[124.819149,1.581251],[124.819076,1.581276],[124.819021,1.581313],[124.81899,1.581368],[124.818972,1.58143],[124.818954,1.581497],[124.818954,1.581577],[124.81896,1.58167],[124.81899,1.581737],[124.819021,1.581799],[124.819039,1.58186],[124.819045,1.581934],[124.819021,1.581959],[124.81896,1.581959],[124.818868,1.581971],[124.818813,1.582002],[124.818777,1.582057],[124.818752,1.582118],[124.818752,1.58218],[124.818777,1.582217],[124.818813,1.582229],[124.818935,1.582204],[124.818948,1.582211],[124.818996,1.582217],[124.81907,1.582168],[124.819106,1.582112],[124.81918,1.582038],[124.819259,1.582002],[124.819357,1.581989],[124.819455,1.581983],[124.819534,1.582008],[124.819601,1.582057],[124.819656,1.582094],[124.819717,1.582137],[124.819803,1.582186],[124.819882,1.582204],[124.819998,1.582229],[124.820072,1.582229],[124.82017,1.582266],[124.820261,1.582315],[124.82047,1.58245],[124.820609,1.5825],[124.820695,1.582487],[124.820707,1.582472],[124.820732,1.582438],[124.820762,1.582327],[124.820762,1.582235],[124.820762,1.582125],[124.820726,1.582008],[124.820707,1.581866],[124.820701,1.581737],[124.820701,1.581645],[124.820701,1.581553],[124.820701,1.581479],[124.820701,1.581399],[124.82075,1.581307],[124.820805,1.58127],[124.820945,1.581196],[124.821037,1.581122],[124.821068,1.581061],[124.821068,1.580956],[124.821062,1.580821],[124.821068,1.580729],[124.821147,1.580477],[124.821184,1.580391],[124.821214,1.580305],[124.821288,1.580182],[124.821337,1.580095],[124.821422,1.580065],[124.821508,1.580059],[124.82163,1.580059],[124.821691,1.580102],[124.821755,1.580285],[124.821996,1.580969],[124.822119,1.581092],[124.822125,1.581165],[124.822125,1.581258],[124.822119,1.581338],[124.822119,1.581417],[124.822174,1.581497],[124.822247,1.581547],[124.822455,1.581636],[124.822586,1.581536],[124.825194,1.5822],[124.825536,1.581039],[124.825707,1.579929],[124.825895,1.579647],[124.826402,1.578887],[124.827901,1.576919],[124.830121,1.575383],[124.830598,1.575123],[124.830754,1.575037],[124.830958,1.574927],[124.831035,1.574884],[124.831081,1.57486],[124.831367,1.574704],[124.832769,1.573329],[124.832981,1.57312],[124.833203,1.572939],[124.833964,1.572317],[124.836258,1.571651],[124.836254,1.571636],[124.836465,1.571639],[124.836823,1.571643],[124.836893,1.571552],[124.836901,1.571542],[124.838821,1.569065],[124.84005,1.567084],[124.840564,1.566027],[124.841003,1.565831],[124.841021,1.56584],[124.842011,1.565428],[124.842213,1.565344],[124.842212,1.565343],[124.842308,1.565307],[124.843617,1.564529],[124.84374,1.564456],[124.845198,1.564364],[124.845725,1.564567],[124.845741,1.564573],[124.845754,1.564555],[124.847527,1.565534],[124.849575,1.566189],[124.850816,1.566857],[124.851776,1.567706],[124.852599,1.569105],[124.852727,1.569321],[124.85276,1.569321],[124.853021,1.569724],[124.853172,1.569957],[124.85353,1.570395],[124.853761,1.570677],[124.854453,1.571166],[124.855501,1.570882],[124.855607,1.57057],[124.855613,1.570553],[124.855732,1.5702],[124.856023,1.569338],[124.856091,1.569372],[124.857302,1.569969],[124.857315,1.569963],[124.858575,1.56932],[124.859879,1.568656],[124.860235,1.567966],[124.860815,1.566844],[124.861239,1.566023],[124.862162,1.567001],[124.863385,1.568513],[124.86353,1.568633],[124.864793,1.569683],[124.865089,1.569876],[124.86535,1.570046],[124.865912,1.570414],[124.866662,1.570904],[124.867579,1.571201],[124.868116,1.571374],[124.868586,1.571526],[124.868965,1.571649],[124.869122,1.571689],[124.869462,1.571775],[124.869539,1.571795],[124.869785,1.571775],[124.870276,1.571735],[124.870632,1.571698],[124.87087,1.571707],[124.871043,1.571707],[124.871217,1.571717],[124.87139,1.571744],[124.8716,1.571781],[124.871688,1.57183],[124.871765,1.571873],[124.871911,1.572011],[124.87203,1.572167],[124.872066,1.572314],[124.872085,1.572461],[124.87213,1.572627],[124.872139,1.572792],[124.872139,1.572921],[124.872149,1.573022],[124.872185,1.573105],[124.872258,1.573151],[124.87226,1.573151],[124.872291,1.573264],[124.872506,1.573574],[124.872816,1.573984],[124.873078,1.574378],[124.873292,1.57464],[124.87332,1.574652],[124.873697,1.574818],[124.874358,1.575068],[124.874959,1.575378],[124.875424,1.575646],[124.875736,1.575839],[124.875781,1.575866],[124.876222,1.576105],[124.876645,1.576331],[124.876907,1.576456],[124.877383,1.576152],[124.877848,1.575777],[124.878163,1.575455],[124.878241,1.575378],[124.878214,1.575285],[124.878237,1.575273],[124.878308,1.574919],[124.878372,1.574548],[124.878413,1.574268],[124.878434,1.574005],[124.878439,1.573675],[124.878427,1.573575],[124.878406,1.573532],[124.878372,1.573491],[124.878322,1.573462],[124.878189,1.573405],[124.87802,1.57334],[124.877928,1.5733],[124.877856,1.573266],[124.877818,1.57323],[124.877773,1.573159],[124.877731,1.573075],[124.8777,1.572994],[124.877638,1.572788],[124.877605,1.572685],[124.877571,1.572604],[124.877543,1.572553],[124.877443,1.572415],[124.877369,1.572312],[124.877241,1.572144],[124.877158,1.572042],[124.877115,1.571967],[124.87706,1.571836],[124.87702,1.571728],[124.876984,1.571592],[124.876979,1.571487],[124.876984,1.571461],[124.876989,1.571432],[124.876998,1.57142],[124.877044,1.571408],[124.877105,1.571408],[124.877189,1.571429],[124.877274,1.571463],[124.877403,1.57152],[124.877669,1.571654],[124.878231,1.571894],[124.878423,1.571976],[124.878479,1.571922],[124.878508,1.571874],[124.878517,1.571852],[124.878534,1.571812],[124.87856,1.571767],[124.878566,1.571759],[124.87857,1.571754],[124.878582,1.571741],[124.878605,1.571699],[124.878634,1.571644],[124.878695,1.571582],[124.87875,1.57155],[124.878778,1.571495],[124.878795,1.571433],[124.878795,1.571404],[124.878782,1.571381],[124.878737,1.571362],[124.878692,1.571343],[124.878659,1.571317],[124.878634,1.571281],[124.878605,1.571271],[124.878566,1.571271],[124.87851,1.571323],[124.878492,1.571344],[124.878475,1.571353],[124.878464,1.571355],[124.878457,1.571356],[124.878438,1.571356],[124.878425,1.57135],[124.878407,1.571338],[124.878393,1.571322],[124.878363,1.571281],[124.878339,1.571232],[124.878317,1.571186],[124.878308,1.571163],[124.8783,1.571138],[124.878297,1.571111],[124.878296,1.571062],[124.878296,1.571003],[124.878286,1.570964],[124.878267,1.570889],[124.878257,1.570837],[124.878257,1.570812],[124.878267,1.570753],[124.87828,1.570701],[124.878293,1.570653],[124.878296,1.570608],[124.878296,1.570556],[124.878264,1.570504],[124.878244,1.570455],[124.878244,1.570428],[124.878244,1.570413],[124.878248,1.570342],[124.878257,1.570268],[124.878273,1.570206],[124.878305,1.570145],[124.878322,1.570093],[124.878334,1.569996],[124.878338,1.56995],[124.878322,1.569902],[124.87832,1.5699],[124.87833,1.569864],[124.878835,1.56867],[124.877312,1.568773],[124.877099,1.568835],[124.876973,1.568545],[124.876955,1.568458],[124.87686,1.568461],[124.876828,1.568225],[124.87685,1.568113],[124.876882,1.56795],[124.877038,1.567611],[124.877049,1.567255],[124.877083,1.567094],[124.877141,1.566818],[124.877297,1.566662],[124.87773,1.56661],[124.877932,1.566565],[124.878067,1.566578],[124.878075,1.566672],[124.878115,1.566748],[124.878177,1.566729],[124.878172,1.566651],[124.878161,1.566573],[124.878196,1.566546],[124.878266,1.566613],[124.878388,1.566786],[124.878531,1.566786],[124.878838,1.566743],[124.879045,1.566734],[124.879051,1.566818],[124.878989,1.56691],[124.879005,1.567031],[124.879196,1.566993],[124.879301,1.566885],[124.879212,1.566813],[124.879191,1.566637],[124.879425,1.566557],[124.879876,1.566612],[124.879877,1.566562],[124.879836,1.565086],[124.879887,1.564356],[124.879784,1.563645],[124.879548,1.562915],[124.879467,1.562831],[124.879464,1.562828],[124.879477,1.562791],[124.879477,1.562783],[124.879478,1.562763],[124.879313,1.562631],[124.879253,1.562584],[124.879089,1.562408],[124.879001,1.56225],[124.878952,1.562194],[124.878956,1.56218],[124.878611,1.561516],[124.878454,1.560898],[124.878304,1.56031],[124.878221,1.560014],[124.878163,1.559805],[124.877995,1.559414],[124.877979,1.559378],[124.877764,1.558946],[124.877652,1.558643],[124.877545,1.558352],[124.87714,1.557506],[124.876735,1.556868],[124.875764,1.554885],[124.87526,1.553939],[124.874949,1.553462],[124.874888,1.553368],[124.874857,1.55333],[124.874484,1.552874],[124.874036,1.552357],[124.873969,1.55228],[124.873598,1.551764],[124.873509,1.551669],[124.873302,1.551445],[124.872705,1.550639],[124.872668,1.550588],[124.872285,1.55016],[124.871847,1.549566],[124.871709,1.549411],[124.87135,1.549007],[124.871312,1.548986],[124.871101,1.548869],[124.870363,1.548476],[124.869517,1.548274],[124.868785,1.548192],[124.868767,1.54819],[124.868421,1.547785],[124.86748,1.546761],[124.866801,1.546154],[124.866206,1.545665],[124.865289,1.54501],[124.864716,1.544524],[124.864808,1.54442],[124.866593,1.542376],[124.867459,1.541172],[124.868003,1.540417],[124.867805,1.540175],[124.867435,1.540188],[124.867238,1.540195],[124.867038,1.540195],[124.86703,1.540185],[124.866998,1.540093],[124.866989,1.540065],[124.866982,1.540046],[124.866955,1.539927],[124.866939,1.539828],[124.866966,1.539685],[124.866922,1.539537],[124.866812,1.53935],[124.866698,1.539229],[124.866441,1.539098],[124.866157,1.53907],[124.866129,1.539035],[124.865451,1.538175],[124.86535,1.538079],[124.864945,1.537705],[124.864628,1.537255],[124.864453,1.536837],[124.864398,1.536298],[124.86441,1.536158],[124.864288,1.53603],[124.863863,1.533726],[124.863987,1.533671],[124.865229,1.533123],[124.865261,1.533109],[124.865863,1.532923],[124.866179,1.532826],[124.86615,1.532769],[124.866058,1.532566],[124.865953,1.532349],[124.865829,1.532028],[124.865684,1.531635],[124.86554,1.531313],[124.86535,1.530907],[124.865173,1.530572],[124.864996,1.530185],[124.864793,1.529733],[124.864642,1.529385],[124.86436,1.528762],[124.864216,1.528467],[124.86416,1.528325],[124.861479,1.528679],[124.86146,1.528639],[124.86131,1.528414],[124.861259,1.528261],[124.861086,1.527739],[124.861036,1.527264],[124.86111,1.526914],[124.86113,1.526814],[124.861234,1.526289],[124.861308,1.525914],[124.861556,1.525488],[124.861619,1.525377],[124.861635,1.525365],[124.861717,1.525306],[124.861757,1.525278],[124.861671,1.525229],[124.861907,1.524604],[124.861621,1.524429],[124.86131,1.524179],[124.861131,1.523999],[124.861086,1.523954],[124.860961,1.523529],[124.860912,1.523192],[124.860998,1.522804],[124.861106,1.522678],[124.861119,1.522664],[124.861105,1.522655],[124.860993,1.522586],[124.860709,1.522474],[124.860485,1.52245],[124.860237,1.52232],[124.859906,1.522155],[124.859529,1.521984],[124.859264,1.521885],[124.859245,1.521878],[124.859136,1.521864],[124.859128,1.521874],[124.858696,1.522504],[124.858588,1.522479],[124.8584,1.522445],[124.858096,1.522373],[124.857773,1.522276],[124.857525,1.522169],[124.857256,1.522031],[124.857024,1.522025],[124.856754,1.5221],[124.856591,1.522091],[124.856356,1.522078],[124.856125,1.522103],[124.855936,1.522199],[124.855923,1.52219],[124.855212,1.521228],[124.855066,1.520742],[124.855051,1.52072],[124.854837,1.520399],[124.855162,1.519853],[124.855034,1.51972],[124.854655,1.51959],[124.854649,1.519588],[124.854608,1.51915],[124.854248,1.519168],[124.854116,1.519227],[124.85403,1.519265],[124.853949,1.519325],[124.854092,1.519378],[124.854266,1.519424],[124.854383,1.519514],[124.85443,1.519614],[124.854402,1.519703],[124.854297,1.519816],[124.854206,1.519882],[124.854005,1.520015],[124.85384,1.520156],[124.853708,1.520317],[124.85355,1.520525],[124.853376,1.520717],[124.853209,1.520863],[124.853295,1.520891],[124.853413,1.521055],[124.853449,1.521161],[124.853481,1.521293],[124.853469,1.52137],[124.853471,1.521369],[124.853497,1.521402],[124.853552,1.521471],[124.853584,1.521512],[124.85359,1.52152],[124.853608,1.521532],[124.853792,1.521655],[124.853944,1.521756],[124.854066,1.521865],[124.854116,1.521951],[124.854154,1.522055],[124.854156,1.522088],[124.85416,1.522133],[124.854165,1.522193],[124.854181,1.522399],[124.85419,1.52251],[124.85415,1.52264],[124.854138,1.522654],[124.854,1.52281],[124.853839,1.522896],[124.853571,1.52304],[124.85344,1.52311],[124.853387,1.523121],[124.85336,1.523126],[124.852982,1.523202],[124.852921,1.523228],[124.852888,1.523243],[124.852888,1.523243],[124.852796,1.523284],[124.85256,1.52345],[124.852504,1.523633],[124.85246,1.52382],[124.852451,1.523841],[124.852422,1.523864],[124.85238,1.523886],[124.852338,1.5239],[124.852263,1.52392],[124.852233,1.523936],[124.852193,1.52397],[124.85215,1.52405],[124.85209,1.524112],[124.85202,1.52414],[124.851935,1.524144],[124.851879,1.524138],[124.85183,1.52412],[124.851785,1.524052],[124.851771,1.524032],[124.851742,1.52395],[124.85174,1.523944],[124.851728,1.523909],[124.851723,1.523894],[124.851721,1.523887],[124.851715,1.523866],[124.851696,1.5238],[124.851693,1.523786],[124.851692,1.523775],[124.851696,1.523759],[124.851739,1.523666],[124.851804,1.523529],[124.851822,1.523499],[124.851832,1.523484],[124.851838,1.52347],[124.851841,1.523442],[124.851841,1.523334],[124.85184,1.523313],[124.851832,1.523299],[124.851813,1.523271],[124.851795,1.523239],[124.851769,1.523177],[124.851723,1.523048],[124.851696,1.522985],[124.851663,1.522932],[124.851651,1.522921],[124.85162,1.522908],[124.851618,1.522907],[124.851603,1.522901],[124.851541,1.522878],[124.851499,1.522866],[124.851471,1.522861],[124.851399,1.522857],[124.851341,1.522857],[124.851245,1.522869],[124.851242,1.52287],[124.851216,1.522873],[124.851126,1.522885],[124.851007,1.522895],[124.850811,1.522929],[124.85065,1.522963],[124.850587,1.522972],[124.850517,1.522976],[124.850431,1.522986],[124.850346,1.522979],[124.850184,1.522977],[124.850166,1.522983],[124.850143,1.522998],[124.850108,1.523048],[124.850026,1.523179],[124.849967,1.523271],[124.849865,1.523451],[124.849804,1.523539],[124.84977,1.523575],[124.849739,1.523604],[124.849725,1.523618],[124.849706,1.523629],[124.849674,1.523636],[124.849646,1.523639],[124.849618,1.523641],[124.849614,1.523641],[124.849597,1.52364],[124.849576,1.523639],[124.849568,1.523637],[124.849514,1.523627],[124.849371,1.523551],[124.849294,1.523511],[124.849088,1.523402]]]]},"properties":{"idkec":"7171053","nmkec":"BUNAKEN","luas":32.2629}},{"id":833,"type":"Feature","geometry":{"type":"MultiPolygon","coordinates":[[[[124.850386,1.489301],[124.850355,1.489323],[124.85024,1.489406],[124.850237,1.489408],[124.850218,1.489421],[124.850217,1.489422],[124.85012,1.48948],[124.850092,1.489497],[124.849937,1.489574],[124.849859,1.489604],[124.849779,1.489632],[124.849702,1.489654],[124.849658,1.489667],[124.849332,1.489747],[124.849278,1.48976],[124.84922,1.489774],[124.849174,1.489785],[124.84906,1.489813],[124.849055,1.489814],[124.849053,1.489814],[124.84902,1.489819],[124.848843,1.48982],[124.848694,1.489807],[124.848571,1.489795],[124.848462,1.489781],[124.848453,1.489779],[124.848202,1.489745],[124.848144,1.489737],[124.848137,1.489736],[124.84812,1.489733],[124.847924,1.489699],[124.847847,1.489687],[124.847742,1.489685],[124.847662,1.489692],[124.847593,1.489703],[124.847499,1.489724],[124.847423,1.489766],[124.847128,1.490021],[124.847044,1.490121],[124.846959,1.490239],[124.846915,1.490321],[124.84683,1.490482],[124.846818,1.490505],[124.846681,1.490765],[124.846629,1.490907],[124.846546,1.491295],[124.846543,1.491308],[124.846534,1.491401],[124.846538,1.491583],[124.846539,1.49159],[124.846544,1.4918],[124.846535,1.492037],[124.846539,1.492084],[124.846539,1.492092],[124.846541,1.492113],[124.846546,1.492173],[124.846585,1.492414],[124.846605,1.492495],[124.846648,1.492636],[124.846934,1.493178],[124.84718,1.493597],[124.847203,1.493635],[124.847478,1.494025],[124.847716,1.4944],[124.847798,1.494543],[124.847828,1.494639],[124.847851,1.494736],[124.84792,1.495019],[124.847927,1.495045],[124.847941,1.495127],[124.847942,1.49514],[124.847954,1.495228],[124.847954,1.495324],[124.847947,1.495442],[124.847942,1.495527],[124.84793,1.495594],[124.847915,1.49568],[124.847803,1.49605],[124.847726,1.496226],[124.847583,1.4965],[124.847433,1.496683],[124.847324,1.496792],[124.847306,1.496803],[124.847258,1.496832],[124.847209,1.496862],[124.847052,1.496932],[124.846979,1.49695],[124.846902,1.496954],[124.846829,1.496939],[124.846626,1.496806],[124.846344,1.496581],[124.846253,1.496534],[124.846142,1.496495],[124.845993,1.49648],[124.84596,1.496476],[124.845706,1.49645],[124.845535,1.496454],[124.845415,1.496452],[124.845263,1.496461],[124.845059,1.496482],[124.844886,1.496502],[124.84497,1.49693],[124.84514,1.49719],[124.845229,1.497288],[124.845608,1.497704],[124.84565,1.49775],[124.845703,1.497841],[124.84572,1.49787],[124.845702,1.498481],[124.845701,1.498498],[124.845701,1.498517],[124.8457,1.498529],[124.8457,1.49854],[124.845688,1.49874],[124.845687,1.498757],[124.845684,1.498795],[124.845667,1.499071],[124.845661,1.499165],[124.84565,1.49935],[124.845597,1.499697],[124.84559,1.49974],[124.84542,1.50023],[124.84619,1.50023],[124.846281,1.500667],[124.846392,1.501202],[124.846462,1.501376],[124.846637,1.501665],[124.84664,1.50167],[124.84664,1.50167],[124.846643,1.50168],[124.846747,1.502071],[124.846748,1.502072],[124.846762,1.502079],[124.846792,1.502094],[124.846807,1.502102],[124.846815,1.50212],[124.846841,1.502177],[124.846865,1.502317],[124.846911,1.502536],[124.846915,1.502558],[124.846916,1.50256],[124.846932,1.50259],[124.846954,1.502635],[124.847,1.502659],[124.847017,1.502667],[124.84703,1.502674],[124.847084,1.502754],[124.84709,1.502763],[124.84715,1.502848],[124.847159,1.502859],[124.847161,1.502862],[124.847187,1.502893],[124.847258,1.502991],[124.847258,1.502991],[124.847258,1.502992],[124.847257,1.502995],[124.847249,1.503031],[124.847247,1.503036],[124.847247,1.503039],[124.847253,1.503041],[124.847299,1.503071],[124.847322,1.503085],[124.8475,1.5032],[124.847875,1.503363],[124.84789,1.50337],[124.848474,1.503568],[124.848552,1.503594],[124.849015,1.503751],[124.84971,1.50403],[124.849882,1.504104],[124.849947,1.504143],[124.850319,1.504441],[124.850466,1.50456],[124.850473,1.504565],[124.850821,1.506571],[124.850885,1.506501],[124.850916,1.506451],[124.851007,1.506385],[124.8512,1.506275],[124.851232,1.506222],[124.851276,1.506163],[124.85129,1.506142],[124.85131,1.506112],[124.851356,1.506025],[124.851384,1.505956],[124.851458,1.505892],[124.85149,1.505862],[124.851547,1.505808],[124.851589,1.505737],[124.851589,1.505694],[124.851618,1.505686],[124.851872,1.505611],[124.852016,1.505525],[124.852031,1.505494],[124.85228,1.5056],[124.85286,1.50586],[124.853077,1.505955],[124.85325,1.50603],[124.85334,1.506065],[124.853399,1.506089],[124.853779,1.506321],[124.854396,1.506427],[124.854409,1.506381],[124.854574,1.506398],[124.854864,1.506474],[124.854985,1.50701],[124.855061,1.50763],[124.855107,1.507903],[124.855118,1.507941],[124.855294,1.508051],[124.855322,1.508068],[124.855366,1.508095],[124.855388,1.508098],[124.856203,1.508382],[124.856326,1.508517],[124.856439,1.50871],[124.857044,1.508829],[124.857243,1.508969],[124.857523,1.509125],[124.857528,1.509128],[124.857519,1.509138],[124.857525,1.509137],[124.860834,1.508755],[124.860861,1.508752],[124.85954,1.509472],[124.859579,1.509486],[124.860001,1.509728],[124.860302,1.509991],[124.860427,1.510038],[124.86058,1.510156],[124.860836,1.510287],[124.861183,1.510523],[124.861481,1.510766],[124.861759,1.510981],[124.861894,1.511024],[124.862137,1.511087],[124.862373,1.511246],[124.862574,1.511302],[124.862897,1.511415],[124.86298,1.511422],[124.863146,1.511477],[124.86334,1.511491],[124.863451,1.511449],[124.863472,1.511449],[124.863528,1.511449],[124.863604,1.51147],[124.863847,1.511609],[124.864152,1.511796],[124.864159,1.511801],[124.864163,1.511852],[124.864128,1.512441],[124.864093,1.513034],[124.864083,1.513149],[124.864114,1.513236],[124.864156,1.513302],[124.864215,1.513402],[124.864298,1.513523],[124.864353,1.513582],[124.864364,1.513652],[124.86436,1.513704],[124.864344,1.513727],[124.864392,1.513754],[124.864399,1.513747],[124.864475,1.51373],[124.864527,1.513726],[124.864631,1.513765],[124.864707,1.513803],[124.86478,1.51383],[124.864782,1.513833],[124.864846,1.513844],[124.864863,1.513854],[124.864874,1.513839],[124.864952,1.513802],[124.865053,1.513784],[124.865086,1.513773],[124.865149,1.513752],[124.865167,1.513674],[124.865172,1.513582],[124.865195,1.513482],[124.865236,1.513399],[124.865296,1.513372],[124.865392,1.513353],[124.865447,1.513349],[124.865488,1.513303],[124.865571,1.513308],[124.865612,1.513275],[124.865662,1.513234],[124.865731,1.513211],[124.865841,1.513202],[124.865933,1.513184],[124.866102,1.513184],[124.866189,1.513198],[124.866331,1.513239],[124.866377,1.513248],[124.866482,1.513253],[124.866588,1.513257],[124.866698,1.513198],[124.86673,1.513184],[124.866799,1.513188],[124.866844,1.513188],[124.866945,1.513179],[124.867032,1.513069],[124.867124,1.513023],[124.867174,1.512991],[124.867188,1.512946],[124.867206,1.512836],[124.867193,1.512721],[124.867225,1.512574],[124.867266,1.51208],[124.867335,1.511924],[124.867413,1.511892],[124.867422,1.511883],[124.867522,1.511887],[124.867574,1.511901],[124.867605,1.51191],[124.867632,1.511928],[124.867655,1.511904],[124.86771,1.511826],[124.867797,1.511781],[124.867862,1.511703],[124.867926,1.511639],[124.867981,1.511579],[124.868022,1.511565],[124.86804,1.511561],[124.868077,1.511501],[124.868107,1.5114],[124.868113,1.511403],[124.868108,1.511384],[124.868183,1.511302],[124.868298,1.511235],[124.868401,1.511187],[124.868567,1.51116],[124.86867,1.511135],[124.8688,1.51119],[124.868837,1.511208],[124.868884,1.511249],[124.868884,1.511249],[124.86889,1.511254],[124.868885,1.511304],[124.868876,1.511361],[124.86888,1.511435],[124.868903,1.51152],[124.868922,1.511625],[124.868931,1.51168],[124.868965,1.511746],[124.869087,1.511767],[124.869115,1.511795],[124.869122,1.511802],[124.869134,1.511804],[124.86916,1.511815],[124.869176,1.511867],[124.869499,1.511989],[124.869501,1.51199],[124.869662,1.512081],[124.869766,1.511944],[124.869792,1.51191],[124.870374,1.511151],[124.872206,1.50876],[124.872125,1.508588],[124.871976,1.508273],[124.871875,1.507554],[124.871842,1.507311],[124.871736,1.507306],[124.871505,1.507243],[124.871326,1.507148],[124.871184,1.507027],[124.870948,1.506901],[124.870811,1.506796],[124.870669,1.506681],[124.870533,1.506549],[124.870428,1.506413],[124.870333,1.506287],[124.870254,1.506182],[124.87026,1.505935],[124.870312,1.505709],[124.870407,1.505383],[124.870507,1.505115],[124.870659,1.504905],[124.870752,1.504765],[124.869351,1.502742],[124.869246,1.50252],[124.869165,1.502349],[124.868831,1.501646],[124.868853,1.501606],[124.869128,1.501091],[124.869031,1.500976],[124.869099,1.50092],[124.86905,1.500665],[124.868952,1.500176],[124.86899,1.499786],[124.869014,1.499617],[124.869071,1.49952],[124.869036,1.499499],[124.868778,1.499394],[124.868531,1.499331],[124.868274,1.499237],[124.868043,1.499126],[124.867796,1.498974],[124.867565,1.498864],[124.867281,1.498748],[124.867276,1.498701],[124.867318,1.49859],[124.867391,1.498496],[124.867533,1.498328],[124.867549,1.498202],[124.867517,1.497976],[124.867617,1.497802],[124.867686,1.497629],[124.867761,1.497433],[124.867764,1.497424],[124.867885,1.497414],[124.868185,1.497419],[124.868437,1.497424],[124.868626,1.497445],[124.868705,1.497456],[124.86872,1.497393],[124.868762,1.497321],[124.868741,1.497315],[124.868735,1.497296],[124.868733,1.49729],[124.868733,1.49729],[124.868538,1.496711],[124.868507,1.496619],[124.868259,1.496283],[124.868264,1.495448],[124.868237,1.493981],[124.868243,1.493881],[124.868182,1.49382],[124.867962,1.493599],[124.86787,1.493518],[124.86781,1.493472],[124.867755,1.493435],[124.867687,1.493399],[124.867514,1.493328],[124.867448,1.493307],[124.86739,1.493299],[124.867253,1.493283],[124.867156,1.493288],[124.867094,1.493291],[124.867091,1.493291],[124.867019,1.493295],[124.866892,1.493317],[124.86678,1.493336],[124.866694,1.493359],[124.866551,1.493418],[124.86638,1.493503],[124.866276,1.49357],[124.86615,1.493681],[124.865832,1.493975],[124.865813,1.493993],[124.86544,1.494357],[124.865401,1.494407],[124.865252,1.494597],[124.865094,1.494799],[124.864996,1.494911],[124.864949,1.494946],[124.864836,1.495029],[124.864585,1.495183],[124.864157,1.495461],[124.864052,1.495529],[124.863956,1.495558],[124.863953,1.49556],[124.863934,1.495565],[124.863766,1.495578],[124.863702,1.495559],[124.863644,1.495522],[124.863601,1.495439],[124.863585,1.495395],[124.863493,1.495144],[124.863483,1.495098],[124.863462,1.494224],[124.863436,1.494148],[124.863409,1.4941],[124.863378,1.494061],[124.863324,1.494009],[124.863156,1.493918],[124.862941,1.493832],[124.862941,1.493832],[124.86286,1.493807],[124.862762,1.493776],[124.862751,1.493773],[124.86252,1.493698],[124.8624,1.493671],[124.862353,1.49366],[124.862303,1.49366],[124.862282,1.49366],[124.862195,1.493658],[124.862055,1.49367],[124.861986,1.493678],[124.861896,1.493699],[124.861771,1.493739],[124.861362,1.493884],[124.861295,1.493895],[124.861236,1.493893],[124.861158,1.493878],[124.86107,1.493859],[124.861011,1.493838],[124.860956,1.493819],[124.860856,1.493764],[124.860828,1.49373],[124.860806,1.49367],[124.860792,1.493582],[124.860765,1.493437],[124.860721,1.493202],[124.860669,1.492812],[124.860667,1.492712],[124.860671,1.492688],[124.860759,1.492197],[124.860772,1.492127],[124.860791,1.492022],[124.860814,1.491917],[124.860849,1.491794],[124.860985,1.491451],[124.861006,1.491348],[124.861009,1.491179],[124.860991,1.490646],[124.860996,1.490444],[124.861015,1.490049],[124.861018,1.489975],[124.861049,1.489311],[124.861055,1.48919],[124.861055,1.489174],[124.861057,1.489104],[124.861041,1.48897],[124.861026,1.488909],[124.861011,1.488853],[124.860965,1.488671],[124.860932,1.488584],[124.860905,1.488535],[124.860873,1.488489],[124.860861,1.488471],[124.860649,1.488223],[124.860526,1.488121],[124.860375,1.487995],[124.860154,1.487861],[124.859854,1.487703],[124.859715,1.487623],[124.859654,1.487602],[124.859643,1.487602],[124.859588,1.487602],[124.859359,1.487653],[124.859344,1.487656],[124.859323,1.48766],[124.859298,1.487666],[124.859274,1.487673],[124.859262,1.487676],[124.859179,1.487713],[124.859126,1.487743],[124.859076,1.487772],[124.859001,1.487827],[124.858959,1.487879],[124.85892,1.487967],[124.858842,1.488415],[124.858838,1.488474],[124.858847,1.488576],[124.858932,1.488844],[124.859,1.488974],[124.859208,1.489262],[124.859208,1.489263],[124.859232,1.489295],[124.859288,1.489376],[124.859318,1.489418],[124.859539,1.489735],[124.859589,1.489838],[124.85963,1.489941],[124.85966,1.490062],[124.85966,1.490062],[124.859664,1.490095],[124.85969,1.490317],[124.859687,1.490443],[124.859684,1.490585],[124.859667,1.490899],[124.859653,1.490985],[124.859638,1.491037],[124.859599,1.491111],[124.859546,1.491197],[124.859534,1.491217],[124.859428,1.49139],[124.859376,1.491442],[124.859276,1.491553],[124.859179,1.491631],[124.85904,1.491712],[124.858861,1.491759],[124.85868,1.491778],[124.85866,1.49178],[124.858471,1.491799],[124.858435,1.491797],[124.858399,1.491795],[124.858019,1.491774],[124.857939,1.491764],[124.857845,1.491738],[124.857298,1.491467],[124.857277,1.491457],[124.857275,1.491456],[124.857273,1.491454],[124.856699,1.491084],[124.856364,1.490807],[124.856347,1.490792],[124.856311,1.490746],[124.856274,1.490698],[124.856182,1.4905],[124.856172,1.490478],[124.856131,1.490391],[124.856117,1.490311],[124.856071,1.490041],[124.855975,1.489715],[124.855968,1.489689],[124.855955,1.489645],[124.855785,1.489313],[124.855734,1.489215],[124.855528,1.488961],[124.855465,1.488883],[124.854875,1.488237],[124.85484,1.488207],[124.854778,1.488154],[124.854765,1.488144],[124.854765,1.488143],[124.854746,1.488127],[124.85469,1.48808],[124.854684,1.488074],[124.854632,1.48803],[124.854574,1.487981],[124.854333,1.487777],[124.85409,1.487652],[124.853939,1.487575],[124.85389,1.48755],[124.853786,1.487496],[124.853486,1.487458],[124.853439,1.487467],[124.853191,1.487516],[124.852936,1.487566],[124.852805,1.487614],[124.852761,1.48763],[124.852314,1.487792],[124.85215,1.48787],[124.852148,1.487871],[124.851679,1.488092],[124.851257,1.488357],[124.851206,1.488469],[124.851105,1.488675],[124.851024,1.488785],[124.850925,1.488889],[124.850919,1.488893],[124.850866,1.488933],[124.850812,1.488975],[124.85073,1.489037],[124.850465,1.489241],[124.850408,1.489284],[124.850402,1.489289],[124.850386,1.489301]]]]},"properties":{"idkec":"7171051","nmkec":"SINGKIL","luas":5.0191}},{"id":834,"type":"Feature","geometry":{"type":"MultiPolygon","coordinates":[[[[124.84169,1.474005],[124.84172,1.47318],[124.84175,1.47266],[124.841719,1.472617],[124.841601,1.47248],[124.841498,1.472362],[124.841499,1.472362],[124.841495,1.472358],[124.841493,1.472356],[124.84149,1.472353],[124.841485,1.472347],[124.841562,1.472251],[124.841548,1.472239],[124.841507,1.472215],[124.841474,1.472191],[124.841462,1.472171],[124.84146,1.472136],[124.841429,1.472103],[124.841393,1.47209],[124.841354,1.472125],[124.841333,1.47216],[124.841286,1.472222],[124.841251,1.472271],[124.841206,1.47232],[124.841179,1.472349],[124.841133,1.472361],[124.84109,1.472333],[124.840938,1.472236],[124.840951,1.47221],[124.841022,1.472182],[124.841096,1.472142],[124.841151,1.472083],[124.841159,1.472017],[124.841133,1.471959],[124.841098,1.471935],[124.841072,1.471893],[124.841038,1.471871],[124.840936,1.471787],[124.840925,1.471797],[124.840923,1.471799],[124.840739,1.471964],[124.840739,1.471965],[124.840696,1.471991],[124.840266,1.472372],[124.84003,1.4724],[124.839985,1.472385],[124.839911,1.47238],[124.83948,1.472474],[124.83903,1.472553],[124.83903,1.472555],[124.839024,1.472556],[124.839024,1.472556],[124.839023,1.472556],[124.839024,1.472556],[124.83902,1.472558],[124.839002,1.472539],[124.838953,1.472503],[124.838889,1.472475],[124.838813,1.472464],[124.838724,1.472464],[124.838613,1.472517],[124.838501,1.472582],[124.8385,1.472581],[124.838446,1.472622],[124.838052,1.473204],[124.837743,1.473842],[124.837783,1.473846],[124.837801,1.473852],[124.837809,1.473845],[124.837833,1.473844],[124.837912,1.473842],[124.837948,1.474093],[124.837988,1.474255],[124.838099,1.474811],[124.838105,1.474812],[124.838173,1.474879],[124.838137,1.474914],[124.838073,1.474883],[124.837954,1.474969],[124.837926,1.475048],[124.837717,1.475253],[124.837615,1.475349],[124.837605,1.475593],[124.837607,1.475626],[124.837612,1.475707],[124.837619,1.475793],[124.837584,1.475907],[124.837583,1.475909],[124.837541,1.475985],[124.83753,1.475999],[124.837492,1.476042],[124.837438,1.47612],[124.837407,1.476164],[124.837364,1.476278],[124.837329,1.476392],[124.8373,1.476453],[124.837258,1.476541],[124.837237,1.476648],[124.837223,1.476748],[124.83723,1.476848],[124.837258,1.47694],[124.837301,1.477047],[124.837428,1.477297],[124.837452,1.477345],[124.837459,1.477355],[124.837481,1.477389],[124.837529,1.477434],[124.837669,1.47753],[124.837723,1.477567],[124.8378,1.47762],[124.837811,1.477625],[124.83789,1.47766],[124.837993,1.477686],[124.837993,1.477687],[124.837993,1.477704],[124.837996,1.477905],[124.838083,1.478054],[124.838087,1.478061],[124.838095,1.478074],[124.838098,1.47808],[124.838124,1.478123],[124.83818,1.47822],[124.837948,1.478556],[124.83788,1.478636],[124.837956,1.478702],[124.837956,1.478962],[124.837956,1.478981],[124.837956,1.478985],[124.837956,1.478989],[124.837964,1.479009],[124.83797,1.479024],[124.83804,1.479143],[124.83808,1.47921],[124.83808,1.479211],[124.838088,1.479314],[124.838088,1.479315],[124.838088,1.479317],[124.838109,1.479589],[124.83812,1.47974],[124.83812,1.479759],[124.83812,1.479868],[124.83812,1.48019],[124.838074,1.480554],[124.838049,1.480554],[124.83804,1.480554],[124.837711,1.480559],[124.837705,1.480636],[124.837701,1.480694],[124.837701,1.480694],[124.837699,1.480694],[124.837698,1.480694],[124.837695,1.480694],[124.83766,1.480695],[124.837658,1.480695],[124.837658,1.480696],[124.837647,1.480946],[124.83722,1.480969],[124.83722,1.48097],[124.836608,1.481029],[124.8366,1.48103],[124.836613,1.481131],[124.836617,1.481158],[124.83662,1.48118],[124.836619,1.48118],[124.836616,1.48118],[124.83533,1.481228],[124.834976,1.481241],[124.834963,1.481242],[124.834922,1.480735],[124.834908,1.48057],[124.834907,1.480562],[124.834905,1.480563],[124.834771,1.48057],[124.834481,1.480586],[124.834262,1.480598],[124.834242,1.480624],[124.834242,1.480624],[124.83397,1.480638],[124.833887,1.480638],[124.833887,1.480635],[124.833481,1.480656],[124.833529,1.481342],[124.833391,1.481349],[124.832846,1.48136],[124.832801,1.481344],[124.832756,1.481495],[124.832742,1.481556],[124.832725,1.481609],[124.832695,1.481656],[124.83268,1.481702],[124.83267,1.48177],[124.832649,1.481829],[124.832631,1.481884],[124.8326,1.481922],[124.832589,1.48195],[124.832589,1.481986],[124.832598,1.482022],[124.832593,1.482092],[124.832576,1.482128],[124.832559,1.482145],[124.832551,1.48217],[124.832555,1.482206],[124.832576,1.48235],[124.832574,1.48238],[124.832559,1.482407],[124.83254,1.482441],[124.832519,1.482477],[124.832481,1.48252],[124.832443,1.482541],[124.832422,1.482541],[124.832384,1.482534],[124.832348,1.482537],[124.832333,1.482564],[124.832335,1.482589],[124.832358,1.482609],[124.832396,1.482642],[124.832397,1.48267],[124.83239,1.482697],[124.832375,1.482708],[124.832367,1.482733],[124.832367,1.482757],[124.83236,1.482797],[124.83235,1.482841],[124.832335,1.482875],[124.832318,1.482899],[124.832299,1.482943],[124.832293,1.482986],[124.832288,1.483026],[124.832276,1.483068],[124.832267,1.483098],[124.832246,1.483144],[124.832227,1.483184],[124.832204,1.483206],[124.83218,1.483227],[124.832166,1.483271],[124.832159,1.48331],[124.832153,1.483367],[124.832125,1.483439],[124.832079,1.483526],[124.832037,1.483587],[124.831997,1.483625],[124.831983,1.483638],[124.83193,1.483673],[124.831865,1.483716],[124.831623,1.48385],[124.831232,1.484046],[124.831075,1.484131],[124.830959,1.484201],[124.830615,1.484388],[124.830329,1.484616],[124.830129,1.484863],[124.830025,1.485149],[124.829982,1.485454],[124.830039,1.485673],[124.830191,1.485844],[124.830482,1.486048],[124.830743,1.486167],[124.830958,1.486196],[124.831162,1.486177],[124.831262,1.486153],[124.83219,1.485841],[124.832233,1.485847],[124.832269,1.485859],[124.832768,1.486895],[124.832841,1.486937],[124.832877,1.486949],[124.832937,1.486955],[124.832973,1.486955],[124.832985,1.486925],[124.832985,1.486907],[124.83266,1.486295],[124.832648,1.48624],[124.832666,1.48621],[124.83269,1.486192],[124.833142,1.485998],[124.833154,1.48598],[124.833129,1.485913],[124.833063,1.485774],[124.833057,1.485695],[124.833069,1.485635],[124.833098,1.485501],[124.833232,1.485587],[124.8333,1.485586],[124.833357,1.485603],[124.833402,1.485643],[124.833436,1.48568],[124.833545,1.485924],[124.833906,1.486622],[124.834386,1.487592],[124.834462,1.48764],[124.834539,1.487654],[124.834598,1.487654],[124.834674,1.487658],[124.83472,1.487683],[124.834746,1.487745],[124.834769,1.487831],[124.8348,1.487922],[124.83484,1.488004],[124.834882,1.488069],[124.834925,1.488106],[124.834976,1.488115],[124.835013,1.488106],[124.835016,1.488055],[124.834951,1.487902],[124.834908,1.487797],[124.834894,1.487714],[124.834902,1.487657],[124.834959,1.487601],[124.835027,1.487566],[124.835053,1.487547],[124.835053,1.487487],[124.835081,1.487474],[124.835098,1.487424],[124.835132,1.487416],[124.835167,1.487424],[124.835181,1.487461],[124.835175,1.487538],[124.835172,1.487592],[124.835172,1.487709],[124.835196,1.487796],[124.835257,1.487882],[124.835286,1.487927],[124.835294,1.487961],[124.835311,1.48797],[124.835337,1.487958],[124.835371,1.48797],[124.83538,1.488035],[124.835397,1.488137],[124.835397,1.488227],[124.835391,1.488226],[124.835294,1.48836],[124.835317,1.488657],[124.835473,1.489095],[124.835569,1.489563],[124.835436,1.489734],[124.83548,1.490142],[124.835972,1.489922],[124.835495,1.49015],[124.835569,1.49038],[124.835569,1.490544],[124.835376,1.490781],[124.835381,1.4908],[124.83558,1.491559],[124.835584,1.491575],[124.83558,1.491577],[124.83558,1.491579],[124.835581,1.491579],[124.835585,1.491589],[124.836074,1.49264],[124.836193,1.492789],[124.83652,1.492804],[124.836594,1.492588],[124.836576,1.492473],[124.83678,1.492421],[124.836843,1.492611],[124.836736,1.492696],[124.836743,1.492923],[124.836776,1.493164],[124.836772,1.493208],[124.83675,1.493402],[124.836903,1.493881],[124.837137,1.494319],[124.837527,1.494438],[124.837802,1.494888],[124.838277,1.494769],[124.838283,1.494761],[124.838283,1.494766],[124.838275,1.4948],[124.838192,1.494817],[124.83813,1.494843],[124.838084,1.49488],[124.838065,1.494916],[124.83807,1.494945],[124.838181,1.494934],[124.838186,1.494933],[124.838397,1.494894],[124.838496,1.494874],[124.838573,1.494862],[124.838618,1.494932],[124.838636,1.495015],[124.838647,1.495069],[124.838671,1.495105],[124.838701,1.495116],[124.838772,1.495113],[124.838816,1.49511],[124.838835,1.495151],[124.838905,1.495409],[124.838934,1.495487],[124.838957,1.495506],[124.83899,1.49552],[124.839001,1.495565],[124.839005,1.495591],[124.838986,1.495613],[124.838934,1.495632],[124.839102,1.496175],[124.839097,1.496289],[124.839019,1.496341],[124.838687,1.49654],[124.838606,1.496585],[124.838576,1.496596],[124.838565,1.496622],[124.838539,1.496655],[124.838535,1.496688],[124.838554,1.496699],[124.838606,1.496681],[124.839108,1.49637],[124.839145,1.496356],[124.839197,1.496359],[124.839238,1.496345],[124.839273,1.496308],[124.839304,1.496248],[124.839351,1.496313],[124.839378,1.496359],[124.8394,1.496367],[124.839437,1.49637],[124.839452,1.496348],[124.839463,1.496322],[124.839511,1.496319],[124.839578,1.496293],[124.839611,1.496274],[124.839696,1.496248],[124.83981,1.496215],[124.839766,1.495986],[124.839655,1.495938],[124.839596,1.495846],[124.839539,1.495743],[124.839453,1.495245],[124.839578,1.495044],[124.83977,1.494988],[124.839803,1.494975],[124.840109,1.496067],[124.840503,1.496027],[124.84088,1.495964],[124.841195,1.49591],[124.841225,1.495906],[124.841263,1.495907],[124.841722,1.495991],[124.841724,1.495992],[124.841587,1.496821],[124.841553,1.497025],[124.841551,1.497037],[124.841257,1.497062],[124.841159,1.49707],[124.841043,1.496946],[124.841006,1.496927],[124.840771,1.496915],[124.840763,1.496917],[124.840438,1.497008],[124.840146,1.49709],[124.840045,1.497048],[124.839973,1.497066],[124.839816,1.497109],[124.839791,1.497128],[124.839805,1.497195],[124.83977,1.497211],[124.839433,1.49731],[124.839402,1.497338],[124.839373,1.497347],[124.839404,1.497394],[124.839417,1.497425],[124.839412,1.497431],[124.839423,1.49758],[124.839566,1.497973],[124.839541,1.497982],[124.839549,1.498006],[124.839564,1.498002],[124.839622,1.498185],[124.839737,1.49855],[124.839741,1.498561],[124.839749,1.498589],[124.839754,1.498604],[124.839767,1.498645],[124.839999,1.499378],[124.840036,1.499533],[124.839435,1.499747],[124.839349,1.499747],[124.839242,1.499711],[124.838678,1.499426],[124.838635,1.499469],[124.838699,1.499597],[124.838821,1.499726],[124.839377,1.499947],[124.83947,1.499961],[124.83957,1.499918],[124.840398,1.499569],[124.840527,1.49954],[124.840605,1.49959],[124.840762,1.499754],[124.840834,1.49971],[124.840876,1.499691],[124.841037,1.499621],[124.841126,1.499574],[124.841175,1.499542],[124.841221,1.499505],[124.841355,1.499396],[124.841608,1.499191],[124.841804,1.499069],[124.841804,1.499069],[124.841861,1.499033],[124.842066,1.498934],[124.842143,1.498886],[124.842213,1.498822],[124.842327,1.498716],[124.842353,1.49869],[124.842371,1.498671],[124.842401,1.49864],[124.842443,1.49859],[124.842491,1.498527],[124.842556,1.498435],[124.842654,1.498291],[124.842683,1.498252],[124.842812,1.498077],[124.842841,1.498037],[124.843189,1.497547],[124.84324,1.497475],[124.843382,1.497293],[124.84341,1.497268],[124.84359,1.49711],[124.843804,1.49694],[124.844048,1.496792],[124.84414,1.496736],[124.844282,1.496671],[124.844484,1.496587],[124.844654,1.49653],[124.844779,1.496512],[124.844886,1.496502],[124.845059,1.496482],[124.845263,1.496461],[124.845415,1.496452],[124.845535,1.496454],[124.845706,1.49645],[124.84596,1.496476],[124.845993,1.49648],[124.846142,1.496495],[124.846253,1.496534],[124.846344,1.496581],[124.846626,1.496806],[124.846829,1.496939],[124.846902,1.496954],[124.846979,1.49695],[124.847052,1.496932],[124.847209,1.496862],[124.847258,1.496832],[124.847306,1.496803],[124.847324,1.496792],[124.847433,1.496683],[124.847583,1.4965],[124.847726,1.496226],[124.847803,1.49605],[124.847915,1.49568],[124.84793,1.495594],[124.847942,1.495527],[124.847947,1.495442],[124.847954,1.495324],[124.847954,1.495228],[124.847942,1.49514],[124.847941,1.495127],[124.847927,1.495045],[124.84792,1.495019],[124.847851,1.494736],[124.847828,1.494639],[124.847798,1.494543],[124.847716,1.4944],[124.847478,1.494025],[124.847203,1.493635],[124.84718,1.493597],[124.846934,1.493178],[124.846648,1.492636],[124.846605,1.492495],[124.846585,1.492414],[124.846546,1.492173],[124.846541,1.492113],[124.846539,1.492092],[124.846539,1.492084],[124.846535,1.492037],[124.846544,1.4918],[124.846539,1.49159],[124.846538,1.491583],[124.846534,1.491401],[124.846543,1.491308],[124.846546,1.491295],[124.846629,1.490907],[124.846681,1.490765],[124.846818,1.490505],[124.84683,1.490482],[124.846915,1.490321],[124.846959,1.490239],[124.847044,1.490121],[124.847128,1.490021],[124.847423,1.489766],[124.847499,1.489724],[124.847593,1.489703],[124.847662,1.489692],[124.847742,1.489685],[124.847847,1.489687],[124.847924,1.489699],[124.84812,1.489733],[124.848137,1.489736],[124.848144,1.489737],[124.848202,1.489745],[124.848453,1.489779],[124.848462,1.489781],[124.848571,1.489795],[124.848694,1.489807],[124.848843,1.48982],[124.84902,1.489819],[124.849053,1.489814],[124.849055,1.489814],[124.84906,1.489813],[124.849174,1.489785],[124.84922,1.489774],[124.849278,1.48976],[124.849332,1.489747],[124.849658,1.489667],[124.849702,1.489654],[124.849779,1.489632],[124.849859,1.489604],[124.849937,1.489574],[124.850092,1.489497],[124.85012,1.48948],[124.850217,1.489422],[124.850218,1.489421],[124.850237,1.489408],[124.85024,1.489406],[124.850355,1.489323],[124.850386,1.489301],[124.850402,1.489289],[124.850408,1.489284],[124.850465,1.489241],[124.85073,1.489037],[124.850812,1.488975],[124.850866,1.488933],[124.85076,1.48873],[124.850638,1.488488],[124.850331,1.487878],[124.85007,1.48736],[124.850056,1.487332],[124.849537,1.486277],[124.84918,1.48555],[124.84915,1.48549],[124.848994,1.485168],[124.848982,1.485143],[124.84883,1.48483],[124.848922,1.483997],[124.84896,1.48365],[124.848953,1.483648],[124.848677,1.483575],[124.848256,1.483463],[124.848079,1.483416],[124.848079,1.483416],[124.84806,1.483411],[124.848003,1.483396],[124.847363,1.483238],[124.84729,1.48322],[124.847285,1.483205],[124.847273,1.483165],[124.847268,1.483147],[124.84718,1.482855],[124.847177,1.482844],[124.847133,1.482698],[124.847009,1.482284],[124.846961,1.482123],[124.846914,1.482132],[124.846834,1.482146],[124.846761,1.482161],[124.846723,1.482168],[124.846683,1.482179],[124.846604,1.482193],[124.846542,1.482204],[124.846496,1.482215],[124.846451,1.482216],[124.846434,1.482222],[124.846422,1.482174],[124.846415,1.482121],[124.846406,1.482087],[124.846391,1.482036],[124.84638,1.481998],[124.846371,1.481948],[124.846357,1.481909],[124.84634,1.48187],[124.846326,1.481829],[124.846314,1.481789],[124.846287,1.481719],[124.846285,1.481704],[124.846281,1.481693],[124.846273,1.481668],[124.846264,1.481631],[124.846243,1.481593],[124.846211,1.48154],[124.846201,1.481498],[124.846186,1.481452],[124.846193,1.481395],[124.846222,1.481352],[124.846266,1.481326],[124.846301,1.481302],[124.846333,1.481284],[124.846367,1.481275],[124.846414,1.481264],[124.846447,1.481256],[124.846421,1.481111],[124.846404,1.481015],[124.846182,1.481009],[124.846183,1.480932],[124.846184,1.480926],[124.846123,1.480915],[124.846057,1.480885],[124.845981,1.480865],[124.845905,1.480842],[124.845854,1.480827],[124.845791,1.480806],[124.84572,1.480781],[124.845682,1.480771],[124.845655,1.480761],[124.845648,1.480775],[124.84555,1.48073],[124.8452,1.48067],[124.845158,1.480653],[124.84503,1.48055],[124.84488,1.480431],[124.845158,1.480172],[124.845162,1.480169],[124.845063,1.479995],[124.845349,1.479721],[124.845337,1.479717],[124.845392,1.479682],[124.845459,1.479647],[124.845536,1.479606],[124.84562,1.479572],[124.845684,1.479554],[124.845763,1.479519],[124.845813,1.479494],[124.845914,1.479435],[124.846015,1.479348],[124.846078,1.479292],[124.84611,1.479257],[124.846134,1.47923],[124.846192,1.479159],[124.846282,1.479051],[124.846328,1.478976],[124.846372,1.478911],[124.846401,1.478857],[124.846407,1.478846],[124.846402,1.478831],[124.84642,1.4788],[124.846435,1.478768],[124.846477,1.478678],[124.84654,1.478541],[124.84655,1.47852],[124.84655,1.478484],[124.84655,1.478477],[124.84656,1.478477],[124.846555,1.478441],[124.846552,1.478389],[124.846552,1.478358],[124.846548,1.478299],[124.846544,1.478243],[124.846537,1.47819],[124.846534,1.478171],[124.846535,1.478158],[124.84653,1.478159],[124.846421,1.477404],[124.846725,1.477332],[124.846713,1.4773],[124.846691,1.477187],[124.84665,1.477057],[124.846615,1.47694],[124.846635,1.476802],[124.846651,1.476736],[124.846616,1.476733],[124.84668,1.47661],[124.846745,1.476441],[124.846752,1.476282],[124.846759,1.476192],[124.846618,1.476214],[124.846619,1.476207],[124.84662,1.4762],[124.846586,1.476188],[124.846198,1.476071],[124.846165,1.476061],[124.845582,1.475799],[124.845472,1.475714],[124.845452,1.4757],[124.84544,1.47569],[124.845326,1.475561],[124.84531,1.475542],[124.84529,1.47552],[124.845279,1.47551],[124.84522,1.475461],[124.845144,1.475421],[124.84508,1.475392],[124.84501,1.475356],[124.844999,1.47535],[124.844874,1.475286],[124.844819,1.47527],[124.844742,1.475254],[124.8446,1.47523],[124.844391,1.475195],[124.844353,1.475188],[124.844278,1.475174],[124.844119,1.475113],[124.84398,1.475041],[124.843951,1.475026],[124.84394,1.47502],[124.843117,1.474589],[124.843068,1.474563],[124.843065,1.474561],[124.843061,1.47456],[124.84205,1.47403],[124.84194,1.474024],[124.84169,1.47401],[124.84169,1.474005]]]]},"properties":{"idkec":"7171030","nmkec":"WENANG","luas":3.4337}},{"id":914,"type":"Feature","geometry":{"type":"MultiPolygon","coordinates":[[[[124.859247,1.461197],[124.859248,1.461198],[124.859253,1.461219],[124.859117,1.461291],[124.858861,1.46149],[124.85883,1.461601],[124.858859,1.461723],[124.858887,1.461814],[124.858773,1.461877],[124.858834,1.461976],[124.858929,1.461935],[124.858946,1.46198],[124.859029,1.462199],[124.859076,1.462344],[124.859087,1.462379],[124.859069,1.462388],[124.858943,1.46245],[124.85883,1.462496],[124.858641,1.462561],[124.858427,1.462643],[124.858378,1.462659],[124.858008,1.462786],[124.85774,1.462878],[124.857608,1.462931],[124.85737,1.463029],[124.857229,1.463102],[124.857127,1.463165],[124.857025,1.463218],[124.85702,1.463221],[124.856886,1.463272],[124.856767,1.463318],[124.85659,1.463385],[124.856586,1.463487],[124.856692,1.463709],[124.856692,1.463709],[124.856696,1.463707],[124.856731,1.463769],[124.85687,1.463926],[124.857037,1.464017],[124.857039,1.464021],[124.857044,1.46407],[124.857028,1.464184],[124.857025,1.464211],[124.857015,1.464332],[124.857016,1.464366],[124.857019,1.464444],[124.857027,1.464468],[124.857101,1.464711],[124.857102,1.464769],[124.857006,1.465107],[124.857004,1.465116],[124.857001,1.465125],[124.856993,1.465133],[124.856985,1.465136],[124.856949,1.465151],[124.856831,1.465224],[124.85681,1.46524],[124.856771,1.465271],[124.856578,1.465443],[124.856407,1.465603],[124.856367,1.465643],[124.856358,1.465652],[124.856355,1.465649],[124.855846,1.465187],[124.855769,1.4651],[124.855626,1.465067],[124.855542,1.465056],[124.8554,1.465037],[124.855126,1.465126],[124.854799,1.465233],[124.854788,1.465237],[124.854782,1.465243],[124.854325,1.465401],[124.853944,1.465801],[124.853842,1.466512],[124.853838,1.466539],[124.853842,1.46659],[124.853855,1.466789],[124.853936,1.467043],[124.854877,1.469598],[124.854917,1.469707],[124.854918,1.469712],[124.854923,1.469723],[124.854924,1.469725],[124.854313,1.469746],[124.854146,1.469746],[124.853913,1.469726],[124.853707,1.46968],[124.853534,1.46968],[124.853308,1.469653],[124.853269,1.469651],[124.853106,1.469644],[124.852996,1.469638],[124.853047,1.469873],[124.85311,1.470169],[124.853122,1.470259],[124.853122,1.470264],[124.853159,1.47079],[124.853188,1.471107],[124.853235,1.47116],[124.853315,1.471293],[124.853301,1.471393],[124.853255,1.471566],[124.853195,1.471832],[124.853194,1.471832],[124.852569,1.471786],[124.852575,1.471779],[124.852557,1.471783],[124.852305,1.471679],[124.852055,1.471658],[124.850507,1.47153],[124.850056,1.471382],[124.849203,1.471752],[124.849141,1.47169],[124.849033,1.471648],[124.848978,1.471624],[124.848951,1.471636],[124.84882,1.471744],[124.848742,1.471829],[124.848653,1.471857],[124.848545,1.471872],[124.848467,1.471868],[124.848334,1.471881],[124.848116,1.472383],[124.848011,1.472614],[124.84801,1.472667],[124.84801,1.472672],[124.848366,1.472619],[124.848392,1.472819],[124.848552,1.473045],[124.848618,1.473311],[124.848791,1.473577],[124.849031,1.473963],[124.848372,1.4754],[124.848366,1.475414],[124.848086,1.475986],[124.848,1.476],[124.847997,1.476],[124.846759,1.476192],[124.846752,1.476282],[124.846745,1.476441],[124.84668,1.47661],[124.846616,1.476733],[124.846651,1.476736],[124.846635,1.476802],[124.846615,1.47694],[124.84665,1.477057],[124.846691,1.477187],[124.846713,1.4773],[124.846725,1.477332],[124.846421,1.477404],[124.84653,1.478159],[124.846535,1.478158],[124.846534,1.478171],[124.846537,1.47819],[124.846544,1.478243],[124.846548,1.478299],[124.846552,1.478358],[124.846552,1.478389],[124.846555,1.478441],[124.84656,1.478477],[124.84655,1.478477],[124.84655,1.478484],[124.84655,1.47852],[124.84654,1.478541],[124.846477,1.478678],[124.846435,1.478768],[124.84642,1.4788],[124.846402,1.478831],[124.846407,1.478846],[124.846401,1.478857],[124.846372,1.478911],[124.846328,1.478976],[124.846282,1.479051],[124.846192,1.479159],[124.846134,1.47923],[124.84611,1.479257],[124.846078,1.479292],[124.846015,1.479348],[124.845914,1.479435],[124.845813,1.479494],[124.845763,1.479519],[124.845684,1.479554],[124.84562,1.479572],[124.845536,1.479606],[124.845459,1.479647],[124.845392,1.479682],[124.845337,1.479717],[124.845349,1.479721],[124.845063,1.479995],[124.845162,1.480169],[124.845158,1.480172],[124.84488,1.480431],[124.84503,1.48055],[124.845158,1.480653],[124.8452,1.48067],[124.84555,1.48073],[124.845648,1.480775],[124.845655,1.480761],[124.845682,1.480771],[124.84572,1.480781],[124.845791,1.480806],[124.845854,1.480827],[124.845905,1.480842],[124.845981,1.480865],[124.846057,1.480885],[124.846123,1.480915],[124.846184,1.480926],[124.846183,1.480932],[124.846182,1.481009],[124.846404,1.481015],[124.846421,1.481111],[124.846447,1.481256],[124.846414,1.481264],[124.846367,1.481275],[124.846333,1.481284],[124.846301,1.481302],[124.846266,1.481326],[124.846222,1.481352],[124.846193,1.481395],[124.846186,1.481452],[124.846201,1.481498],[124.846211,1.48154],[124.846243,1.481593],[124.846264,1.481631],[124.846273,1.481668],[124.846281,1.481693],[124.846285,1.481704],[124.846287,1.481719],[124.846314,1.481789],[124.846326,1.481829],[124.84634,1.48187],[124.846357,1.481909],[124.846371,1.481948],[124.84638,1.481998],[124.846391,1.482036],[124.846406,1.482087],[124.846415,1.482121],[124.846422,1.482174],[124.846434,1.482222],[124.846451,1.482216],[124.846496,1.482215],[124.846542,1.482204],[124.846604,1.482193],[124.846683,1.482179],[124.846723,1.482168],[124.846761,1.482161],[124.846834,1.482146],[124.846914,1.482132],[124.846961,1.482123],[124.847009,1.482284],[124.847133,1.482698],[124.847177,1.482844],[124.84718,1.482855],[124.847268,1.483147],[124.847273,1.483165],[124.847285,1.483205],[124.84729,1.48322],[124.847363,1.483238],[124.848003,1.483396],[124.84806,1.483411],[124.848079,1.483416],[124.848079,1.483416],[124.848256,1.483463],[124.848677,1.483575],[124.848953,1.483648],[124.84896,1.48365],[124.848922,1.483997],[124.84883,1.48483],[124.848982,1.485143],[124.848994,1.485168],[124.84915,1.48549],[124.84918,1.48555],[124.849537,1.486277],[124.850056,1.487332],[124.85007,1.48736],[124.850331,1.487878],[124.850638,1.488488],[124.85076,1.48873],[124.850866,1.488933],[124.850919,1.488893],[124.850925,1.488889],[124.851024,1.488785],[124.851105,1.488675],[124.851206,1.488469],[124.851257,1.488357],[124.851473,1.487573],[124.85165,1.486935],[124.851705,1.486634],[124.851705,1.486557],[124.851704,1.486528],[124.851704,1.48652],[124.851691,1.486285],[124.851738,1.485996],[124.851739,1.485992],[124.851817,1.485777],[124.851954,1.485545],[124.852075,1.48541],[124.852186,1.485298],[124.852702,1.484822],[124.853039,1.484539],[124.853156,1.484442],[124.853214,1.484387],[124.853266,1.484329],[124.853298,1.48429],[124.853327,1.484242],[124.853345,1.484184],[124.853356,1.484119],[124.853358,1.484053],[124.853352,1.483991],[124.853337,1.483922],[124.853319,1.483871],[124.853312,1.48386],[124.853295,1.483836],[124.85327,1.483809],[124.853124,1.483669],[124.852924,1.483533],[124.852902,1.483517],[124.852894,1.483513],[124.852624,1.483362],[124.852564,1.483314],[124.852555,1.483307],[124.852382,1.483114],[124.85233,1.483051],[124.852157,1.482812],[124.85201,1.482616],[124.851999,1.482601],[124.851939,1.482521],[124.851919,1.482493],[124.85175,1.482303],[124.851703,1.482236],[124.851629,1.48213],[124.851551,1.481904],[124.851537,1.48175],[124.851536,1.481749],[124.851533,1.481749],[124.851535,1.481709],[124.851545,1.481466],[124.85155,1.481437],[124.851556,1.481407],[124.851598,1.481278],[124.851621,1.481228],[124.851725,1.48107],[124.851759,1.48104],[124.851804,1.481017],[124.851877,1.480998],[124.852011,1.480995],[124.852127,1.481006],[124.852215,1.481038],[124.852438,1.481184],[124.852498,1.481223],[124.852549,1.481256],[124.852743,1.481382],[124.852827,1.481426],[124.852845,1.481436],[124.852897,1.481463],[124.853094,1.481566],[124.853152,1.481597],[124.853232,1.481639],[124.853434,1.481731],[124.85353,1.481775],[124.853557,1.481787],[124.853773,1.481967],[124.853826,1.482021],[124.85384,1.482035],[124.853886,1.482081],[124.854148,1.482347],[124.854174,1.482362],[124.854319,1.482443],[124.854322,1.482444],[124.854353,1.482462],[124.854374,1.482474],[124.854408,1.482488],[124.854411,1.482488],[124.854466,1.482489],[124.854543,1.482479],[124.854608,1.482464],[124.854619,1.482462],[124.854701,1.482427],[124.854709,1.482421],[124.854745,1.482395],[124.854767,1.48238],[124.854809,1.482344],[124.854841,1.482317],[124.854868,1.48229],[124.854935,1.482223],[124.854969,1.482188],[124.855147,1.482035],[124.855243,1.481962],[124.855277,1.481904],[124.855278,1.481902],[124.855301,1.481838],[124.855302,1.481834],[124.855314,1.48177],[124.855314,1.481769],[124.855324,1.481701],[124.855326,1.481657],[124.855324,1.481635],[124.855322,1.481605],[124.855319,1.481595],[124.8553,1.481532],[124.855257,1.481462],[124.855213,1.481389],[124.855166,1.481333],[124.855137,1.481308],[124.855095,1.481272],[124.854968,1.481153],[124.854923,1.481096],[124.854823,1.480966],[124.854805,1.480934],[124.854796,1.480894],[124.854795,1.480884],[124.854793,1.480853],[124.854799,1.48082],[124.854808,1.480771],[124.854814,1.480737],[124.854854,1.48057],[124.85487,1.480512],[124.85487,1.480512],[124.854899,1.480452],[124.854915,1.48042],[124.854957,1.480362],[124.854998,1.480345],[124.854999,1.480345],[124.855007,1.480344],[124.855061,1.480334],[124.8552,1.480355],[124.855212,1.480357],[124.855252,1.480361],[124.855502,1.480402],[124.855707,1.480436],[124.855708,1.480436],[124.85571,1.480437],[124.85571,1.480437],[124.855881,1.480475],[124.856117,1.480529],[124.856494,1.48056],[124.856885,1.480645],[124.856984,1.480689],[124.857165,1.480834],[124.85719,1.480853],[124.857196,1.480856],[124.857207,1.48086],[124.857213,1.480862],[124.857265,1.480863],[124.857428,1.480832],[124.857611,1.480779],[124.857679,1.480744],[124.857952,1.480534],[124.857964,1.480524],[124.857973,1.480516],[124.858121,1.480391],[124.858277,1.48027],[124.858294,1.480258],[124.858618,1.480006],[124.858738,1.479921],[124.858752,1.479912],[124.858792,1.479885],[124.858824,1.479862],[124.858855,1.479841],[124.858895,1.479821],[124.858945,1.479797],[124.859023,1.479766],[124.859023,1.479766],[124.859061,1.479754],[124.859089,1.479747],[124.859135,1.479739],[124.85916,1.479738],[124.859208,1.479737],[124.859355,1.479734],[124.859421,1.479733],[124.859691,1.479731],[124.859946,1.479705],[124.86007,1.47968],[124.86017,1.479638],[124.860241,1.479609],[124.860359,1.479527],[124.86042,1.479433],[124.860471,1.479331],[124.860572,1.479085],[124.860635,1.478972],[124.860807,1.478721],[124.86094,1.478576],[124.860958,1.478554],[124.860991,1.478536],[124.861183,1.478522],[124.861201,1.478524],[124.861203,1.478525],[124.86121,1.47852],[124.861246,1.47853],[124.861263,1.478535],[124.861584,1.478628],[124.86194,1.47873],[124.862068,1.47875],[124.862132,1.478744],[124.862175,1.478723],[124.862281,1.478655],[124.862417,1.478531],[124.862454,1.478497],[124.862585,1.478383],[124.862625,1.478336],[124.862662,1.478303],[124.862697,1.478271],[124.862747,1.478206],[124.86279,1.478137],[124.86282,1.47807],[124.862981,1.477379],[124.862982,1.477314],[124.862945,1.477197],[124.862902,1.477119],[124.862511,1.476684],[124.862456,1.476636],[124.862452,1.476632],[124.862341,1.47656],[124.862301,1.476534],[124.86228,1.476509],[124.862272,1.47648],[124.862269,1.476458],[124.862271,1.47644],[124.862276,1.476429],[124.86228,1.47642],[124.862319,1.476388],[124.862328,1.476381],[124.862587,1.47617],[124.86266,1.476111],[124.862691,1.476085],[124.862704,1.476078],[124.862718,1.476073],[124.862734,1.47607],[124.862827,1.47607],[124.862848,1.476071],[124.862849,1.476071],[124.862857,1.476072],[124.862865,1.476074],[124.862876,1.476078],[124.862883,1.476081],[124.86301,1.47614],[124.863399,1.476605],[124.863448,1.476647],[124.864409,1.477289],[124.864473,1.477415],[124.864486,1.477517],[124.864515,1.477726],[124.864535,1.477871],[124.864593,1.4783],[124.864598,1.478338],[124.864603,1.478348],[124.864612,1.478367],[124.864637,1.478404],[124.864712,1.478511],[124.865008,1.478938],[124.865058,1.478996],[124.865239,1.479159],[124.86535,1.47916],[124.86548,1.4791],[124.86561,1.47897],[124.865744,1.478732],[124.865765,1.478687],[124.865939,1.478315],[124.865963,1.478216],[124.865958,1.478116],[124.865933,1.478047],[124.865911,1.478018],[124.865876,1.477987],[124.86582,1.477951],[124.865534,1.477801],[124.865518,1.477795],[124.865512,1.477791],[124.865484,1.477772],[124.865356,1.477646],[124.865324,1.477592],[124.865275,1.477382],[124.865272,1.477324],[124.865276,1.477274],[124.865279,1.477221],[124.86528,1.47721],[124.86533,1.477149],[124.865357,1.477116],[124.86537,1.4771],[124.865501,1.47703],[124.865553,1.477013],[124.865731,1.476976],[124.865791,1.476976],[124.86618,1.477054],[124.866283,1.477054],[124.866419,1.477044],[124.866486,1.477031],[124.866747,1.476944],[124.866782,1.476932],[124.866786,1.47693],[124.866934,1.476879],[124.866992,1.476847],[124.86711,1.47676],[124.867123,1.476743],[124.867169,1.476682],[124.867182,1.476665],[124.867217,1.47662],[124.867258,1.476546],[124.86739,1.476224],[124.86763,1.47564],[124.867676,1.475564],[124.867768,1.47541],[124.867791,1.475352],[124.867819,1.475256],[124.867841,1.47518],[124.867899,1.474978],[124.867939,1.474908],[124.867992,1.47485],[124.868037,1.474817],[124.868131,1.474773],[124.868165,1.474769],[124.868191,1.474766],[124.86828,1.474784],[124.868334,1.47481],[124.868624,1.47505],[124.868697,1.475115],[124.868743,1.475132],[124.868748,1.475132],[124.868977,1.475148],[124.868999,1.475147],[124.869027,1.475145],[124.869209,1.475114],[124.869266,1.475091],[124.869901,1.474668],[124.87001,1.474617],[124.870136,1.474594],[124.870185,1.474585],[124.87025,1.474543],[124.870285,1.474479],[124.870311,1.474381],[124.870306,1.474306],[124.870306,1.474306],[124.870286,1.474216],[124.870011,1.473682],[124.869965,1.473619],[124.869704,1.473263],[124.869676,1.473161],[124.869663,1.473115],[124.869607,1.472907],[124.869604,1.4728],[124.869679,1.472419],[124.869689,1.472374],[124.869725,1.472207],[124.869728,1.47219],[124.869771,1.47206],[124.869946,1.471701],[124.869961,1.471682],[124.87,1.471632],[124.87002,1.471606],[124.870095,1.471558],[124.870188,1.471518],[124.870311,1.471518],[124.870444,1.471562],[124.870578,1.471616],[124.870692,1.471663],[124.870819,1.471748],[124.870972,1.471865],[124.871185,1.472029],[124.871319,1.472133],[124.871363,1.47214],[124.871414,1.472126],[124.871443,1.472093],[124.871448,1.472085],[124.871482,1.472042],[124.871485,1.472036],[124.871518,1.47196],[124.871556,1.47187],[124.871571,1.471844],[124.871582,1.471825],[124.872031,1.471039],[124.872122,1.470932],[124.872249,1.47084],[124.872416,1.470719],[124.8725,1.470657],[124.872521,1.470642],[124.872574,1.470604],[124.872802,1.470374],[124.873009,1.470169],[124.873096,1.470137],[124.873169,1.470155],[124.873227,1.470184],[124.873293,1.470255],[124.873499,1.470852],[124.873678,1.471123],[124.874055,1.471558],[124.874152,1.471633],[124.874235,1.471662],[124.874391,1.471684],[124.874514,1.471651],[124.874601,1.471618],[124.874728,1.471527],[124.874764,1.471461],[124.87479,1.471374],[124.874801,1.471283],[124.874804,1.471191],[124.874801,1.471082],[124.874801,1.471082],[124.874781,1.470397],[124.874783,1.470269],[124.874785,1.470005],[124.874785,1.469961],[124.874802,1.469807],[124.874881,1.46948],[124.874865,1.469401],[124.874802,1.469325],[124.874726,1.469274],[124.87445,1.469199],[124.87417,1.469179],[124.873898,1.469125],[124.873831,1.469075],[124.873785,1.469006],[124.873747,1.4689],[124.873708,1.46847],[124.873726,1.468318],[124.873809,1.468068],[124.873866,1.467976],[124.873913,1.467924],[124.874034,1.467852],[124.874251,1.467821],[124.874507,1.467801],[124.87463,1.467757],[124.874804,1.467662],[124.87488,1.467585],[124.874902,1.467542],[124.874913,1.467476],[124.874899,1.467417],[124.87486,1.46734],[124.874838,1.467316],[124.874717,1.467183],[124.874603,1.467112],[124.874354,1.467005],[124.873834,1.466751],[124.873368,1.466607],[124.873225,1.46654],[124.873125,1.466454],[124.873053,1.466307],[124.873042,1.466276],[124.872987,1.466131],[124.87296,1.466094],[124.872925,1.466045],[124.872874,1.465997],[124.872775,1.465904],[124.872674,1.465779],[124.872667,1.465717],[124.872703,1.465628],[124.872756,1.465574],[124.872838,1.465492],[124.873135,1.465328],[124.873148,1.465297],[124.873143,1.4653],[124.873149,1.465287],[124.873118,1.465235],[124.873106,1.465217],[124.873072,1.465164],[124.872925,1.464936],[124.872411,1.46415],[124.87211,1.46362],[124.871902,1.463369],[124.871948,1.463336],[124.872418,1.463032],[124.872615,1.462904],[124.872721,1.462836],[124.872726,1.462832],[124.872725,1.462824],[124.872681,1.462401],[124.873585,1.461945],[124.874525,1.461489],[124.874966,1.461178],[124.87499,1.461155],[124.873974,1.458375],[124.87398,1.458367],[124.873055,1.457811],[124.872776,1.45771],[124.872235,1.457534],[124.871583,1.457322],[124.871446,1.457274],[124.869515,1.456555],[124.867954,1.455998],[124.867242,1.455789],[124.866287,1.455508],[124.865849,1.455387],[124.864898,1.455099],[124.865131,1.454884],[124.865184,1.454542],[124.865394,1.454252],[124.865454,1.454147],[124.865605,1.453883],[124.865553,1.453698],[124.865394,1.453408],[124.86521,1.453131],[124.865263,1.452472],[124.865368,1.451892],[124.865737,1.451128],[124.866001,1.450812],[124.866633,1.449889],[124.867002,1.448861],[124.867128,1.448421],[124.867105,1.448426],[124.866993,1.448452],[124.866912,1.448466],[124.866784,1.448492],[124.866682,1.448517],[124.866576,1.448532],[124.866477,1.448568],[124.866435,1.448569],[124.866333,1.448594],[124.866251,1.448627],[124.866169,1.448693],[124.866075,1.448748],[124.86602,1.448793],[124.865916,1.448849],[124.865825,1.448894],[124.86574,1.44893],[124.865675,1.448943],[124.865041,1.449283],[124.864917,1.449275],[124.86484,1.449326],[124.864805,1.44934],[124.864698,1.449442],[124.864649,1.449482],[124.864545,1.449516],[124.864442,1.449538],[124.864336,1.449557],[124.864261,1.449566],[124.864134,1.44958],[124.864046,1.449578],[124.863937,1.449566],[124.863841,1.449565],[124.86372,1.449561],[124.863648,1.449554],[124.86352,1.44951],[124.863483,1.44949],[124.863415,1.449454],[124.863273,1.449387],[124.863192,1.449346],[124.863049,1.449237],[124.862936,1.449176],[124.862857,1.449144],[124.862763,1.449103],[124.86275,1.449098],[124.862668,1.449053],[124.862597,1.449019],[124.862588,1.449014],[124.862584,1.449012],[124.86258,1.449018],[124.862513,1.449168],[124.862129,1.449786],[124.861042,1.452277],[124.860524,1.453455],[124.86039,1.453748],[124.860173,1.453714],[124.859931,1.453656],[124.859404,1.453442],[124.859402,1.453497],[124.8594,1.453542],[124.8594,1.453545],[124.859374,1.454065],[124.859463,1.454065],[124.860131,1.454458],[124.860332,1.454717],[124.860156,1.455219],[124.859538,1.456581],[124.859376,1.45684],[124.859392,1.457074],[124.859109,1.457964],[124.858903,1.458595],[124.858801,1.458909],[124.858633,1.459423],[124.858592,1.459549],[124.858432,1.459979],[124.858463,1.460015],[124.858467,1.46002],[124.858469,1.460021],[124.858845,1.460452],[124.858963,1.460587],[124.859064,1.460702],[124.859111,1.460769],[124.859178,1.460903],[124.859245,1.461185],[124.859247,1.461197]]]]},"properties":{"idkec":"7171031","nmkec":"TIKALA","luas":6.1162}},{"id":915,"type":"Feature","geometry":{"type":"MultiPolygon","coordinates":[[[[124.882526,1.493576],[124.882484,1.493684],[124.882345,1.493883],[124.882315,1.493934],[124.882279,1.493978],[124.882211,1.494049],[124.882092,1.494129],[124.881995,1.494188],[124.881902,1.494227],[124.881864,1.494232],[124.881707,1.494224],[124.881247,1.494153],[124.881206,1.494146],[124.881116,1.494135],[124.881021,1.494135],[124.880823,1.494157],[124.879703,1.494284],[124.879568,1.494301],[124.879275,1.494339],[124.879158,1.494361],[124.879032,1.494404],[124.878909,1.494463],[124.878817,1.494518],[124.878693,1.494603],[124.878561,1.494739],[124.878477,1.494836],[124.878387,1.494956],[124.878321,1.495074],[124.878224,1.4953],[124.878147,1.495566],[124.878111,1.495757],[124.878043,1.496243],[124.878001,1.496469],[124.877964,1.496617],[124.877909,1.496744],[124.877854,1.496832],[124.877851,1.496837],[124.877847,1.496844],[124.877834,1.496865],[124.877825,1.496879],[124.877558,1.497216],[124.877363,1.497445],[124.877289,1.497514],[124.877219,1.497563],[124.877093,1.497609],[124.876976,1.497656],[124.876874,1.497681],[124.876835,1.497691],[124.876705,1.497711],[124.87654,1.4977],[124.876346,1.497649],[124.87605,1.497523],[124.875914,1.497443],[124.875872,1.497414],[124.875757,1.497273],[124.875668,1.497135],[124.875603,1.496928],[124.87546,1.496473],[124.875407,1.496196],[124.875332,1.495828],[124.875228,1.49556],[124.875147,1.495404],[124.875094,1.49532],[124.874983,1.495182],[124.874848,1.495035],[124.874777,1.494958],[124.874737,1.494914],[124.8746,1.494765],[124.874543,1.494716],[124.87449,1.49469],[124.874412,1.494684],[124.874298,1.494685],[124.874252,1.494702],[124.874231,1.494723],[124.874199,1.494752],[124.874139,1.494824],[124.874118,1.494846],[124.874082,1.494866],[124.874066,1.494874],[124.873833,1.494974],[124.873755,1.495019],[124.873684,1.495088],[124.873608,1.495191],[124.873559,1.495288],[124.873465,1.495426],[124.873342,1.495584],[124.873299,1.49563],[124.873249,1.49567],[124.873103,1.495763],[124.87265,1.496041],[124.872581,1.496084],[124.872454,1.496141],[124.872353,1.496193],[124.872289,1.496222],[124.872277,1.496227],[124.872151,1.496275],[124.872082,1.496291],[124.871925,1.496301],[124.871407,1.496335],[124.870988,1.496342],[124.870981,1.496342],[124.870934,1.496343],[124.870743,1.496327],[124.870694,1.496317],[124.870672,1.496312],[124.870638,1.496304],[124.870637,1.496304],[124.870487,1.496213],[124.870359,1.496088],[124.870298,1.496029],[124.869581,1.495329],[124.869483,1.495234],[124.869435,1.495181],[124.869393,1.495136],[124.869186,1.494905],[124.86913,1.494842],[124.868972,1.494665],[124.868646,1.4943],[124.868618,1.494268],[124.868589,1.494235],[124.868504,1.494145],[124.868438,1.494078],[124.868243,1.493881],[124.868237,1.493981],[124.868264,1.495448],[124.868259,1.496283],[124.868507,1.496619],[124.868538,1.496711],[124.868733,1.49729],[124.868733,1.49729],[124.868735,1.497296],[124.868741,1.497315],[124.868762,1.497321],[124.86872,1.497393],[124.868705,1.497456],[124.868626,1.497445],[124.868437,1.497424],[124.868185,1.497419],[124.867885,1.497414],[124.867764,1.497424],[124.867761,1.497433],[124.867686,1.497629],[124.867617,1.497802],[124.867517,1.497976],[124.867549,1.498202],[124.867533,1.498328],[124.867391,1.498496],[124.867318,1.49859],[124.867276,1.498701],[124.867281,1.498748],[124.867565,1.498864],[124.867796,1.498974],[124.868043,1.499126],[124.868274,1.499237],[124.868531,1.499331],[124.868778,1.499394],[124.869036,1.499499],[124.869071,1.49952],[124.869014,1.499617],[124.86899,1.499786],[124.868952,1.500176],[124.86905,1.500665],[124.869099,1.50092],[124.869031,1.500976],[124.869128,1.501091],[124.868853,1.501606],[124.868831,1.501646],[124.869165,1.502349],[124.869246,1.50252],[124.869351,1.502742],[124.870752,1.504765],[124.870659,1.504905],[124.870507,1.505115],[124.870407,1.505383],[124.870312,1.505709],[124.87026,1.505935],[124.870254,1.506182],[124.870333,1.506287],[124.870428,1.506413],[124.870533,1.506549],[124.870669,1.506681],[124.870811,1.506796],[124.870948,1.506901],[124.871184,1.507027],[124.871326,1.507148],[124.871505,1.507243],[124.871736,1.507306],[124.871842,1.507311],[124.871875,1.507554],[124.871976,1.508273],[124.872125,1.508588],[124.872206,1.50876],[124.872213,1.508763],[124.872351,1.508768],[124.873097,1.508797],[124.874488,1.508561],[124.874747,1.508682],[124.87512,1.509169],[124.875754,1.509519],[124.876748,1.509955],[124.877643,1.510192],[124.877865,1.510195],[124.8786,1.510204],[124.879332,1.510041],[124.879978,1.509778],[124.879992,1.509772],[124.879652,1.510824],[124.878721,1.51095],[124.87779,1.512014],[124.876424,1.512827],[124.874654,1.51361],[124.873715,1.514093],[124.872947,1.514487],[124.871912,1.515147],[124.871878,1.515146],[124.871872,1.515162],[124.871118,1.515021],[124.869592,1.514736],[124.869173,1.514693],[124.868896,1.514664],[124.868893,1.514701],[124.868873,1.514721],[124.868869,1.514722],[124.868841,1.51473],[124.868819,1.514727],[124.86876,1.51472],[124.86857,1.5147],[124.86831,1.51463],[124.86831,1.514639],[124.868304,1.514635],[124.868274,1.514614],[124.868101,1.514588],[124.867904,1.514597],[124.867766,1.514619],[124.867765,1.514619],[124.867757,1.51462],[124.86783,1.515638],[124.867859,1.515674],[124.867864,1.51568],[124.86786,1.51568],[124.86778,1.51571],[124.867667,1.515748],[124.867556,1.515818],[124.867493,1.515916],[124.86747,1.515952],[124.86741,1.51607],[124.867355,1.516165],[124.8673,1.51626],[124.8673,1.51635],[124.8673,1.516358],[124.8673,1.516405],[124.8673,1.51641],[124.866966,1.516476],[124.866762,1.51651],[124.866688,1.516522],[124.866627,1.516526],[124.8666,1.516526],[124.866485,1.516526],[124.866223,1.516528],[124.865996,1.516529],[124.865993,1.516529],[124.865909,1.516529],[124.865765,1.516536],[124.865704,1.516538],[124.865599,1.516554],[124.865576,1.516574],[124.865541,1.516603],[124.86553,1.516612],[124.86549,1.516701],[124.865472,1.51674],[124.865451,1.517037],[124.865441,1.517244],[124.865438,1.517268],[124.865408,1.51727],[124.865386,1.517282],[124.863852,1.518126],[124.863857,1.518127],[124.864063,1.518189],[124.864193,1.518246],[124.864305,1.518317],[124.864358,1.51838],[124.864405,1.518464],[124.864442,1.518536],[124.864476,1.518664],[124.864545,1.518861],[124.864588,1.518952],[124.864638,1.519083],[124.864756,1.519345],[124.864842,1.519497],[124.864798,1.519521],[124.864943,1.519784],[124.865024,1.519905],[124.864718,1.520119],[124.864678,1.520483],[124.864908,1.521011],[124.86487,1.521103],[124.864448,1.52156],[124.864013,1.521792],[124.863547,1.521955],[124.863404,1.521974],[124.863044,1.521836],[124.863031,1.521831],[124.862575,1.521651],[124.862348,1.521562],[124.862301,1.52155],[124.862102,1.521497],[124.861917,1.521778],[124.861768,1.521991],[124.861544,1.522303],[124.861495,1.522441],[124.861284,1.522541],[124.861159,1.522616],[124.861119,1.522664],[124.861106,1.522678],[124.860998,1.522804],[124.860912,1.523192],[124.860961,1.523529],[124.861086,1.523954],[124.861131,1.523999],[124.86131,1.524179],[124.861621,1.524429],[124.861907,1.524604],[124.861671,1.525229],[124.861757,1.525278],[124.861717,1.525306],[124.861635,1.525365],[124.861619,1.525377],[124.861556,1.525488],[124.861308,1.525914],[124.861234,1.526289],[124.86113,1.526814],[124.86111,1.526914],[124.861036,1.527264],[124.861086,1.527739],[124.861259,1.528261],[124.86131,1.528414],[124.86146,1.528639],[124.861479,1.528679],[124.86416,1.528325],[124.864216,1.528467],[124.86436,1.528762],[124.864642,1.529385],[124.864793,1.529733],[124.864996,1.530185],[124.865173,1.530572],[124.86535,1.530907],[124.86554,1.531313],[124.865684,1.531635],[124.865829,1.532028],[124.865953,1.532349],[124.866058,1.532566],[124.86615,1.532769],[124.866179,1.532826],[124.865863,1.532923],[124.865261,1.533109],[124.865229,1.533123],[124.863987,1.533671],[124.863863,1.533726],[124.864288,1.53603],[124.86441,1.536158],[124.864398,1.536298],[124.864453,1.536837],[124.864628,1.537255],[124.864945,1.537705],[124.86535,1.538079],[124.865451,1.538175],[124.866129,1.539035],[124.866157,1.53907],[124.866441,1.539098],[124.866698,1.539229],[124.866812,1.53935],[124.866922,1.539537],[124.866966,1.539685],[124.866939,1.539828],[124.866955,1.539927],[124.866982,1.540046],[124.866989,1.540065],[124.866998,1.540093],[124.86703,1.540185],[124.867038,1.540195],[124.867238,1.540195],[124.867435,1.540188],[124.867805,1.540175],[124.868003,1.540417],[124.867459,1.541172],[124.866593,1.542376],[124.864808,1.54442],[124.864716,1.544524],[124.865289,1.54501],[124.866206,1.545665],[124.866801,1.546154],[124.86748,1.546761],[124.868421,1.547785],[124.868767,1.54819],[124.868785,1.548192],[124.869517,1.548274],[124.870363,1.548476],[124.871101,1.548869],[124.871312,1.548986],[124.87135,1.549007],[124.871709,1.549411],[124.871847,1.549566],[124.872285,1.55016],[124.872668,1.550588],[124.872705,1.550639],[124.873302,1.551445],[124.873509,1.551669],[124.873598,1.551764],[124.873969,1.55228],[124.874036,1.552357],[124.874484,1.552874],[124.874857,1.55333],[124.874888,1.553368],[124.874949,1.553462],[124.87526,1.553939],[124.875764,1.554885],[124.876735,1.556868],[124.87714,1.557506],[124.877545,1.558352],[124.877652,1.558643],[124.877764,1.558946],[124.877979,1.559378],[124.877995,1.559414],[124.878163,1.559805],[124.878221,1.560014],[124.878304,1.56031],[124.878454,1.560898],[124.878611,1.561516],[124.878956,1.56218],[124.878952,1.562194],[124.879001,1.56225],[124.879089,1.562408],[124.879253,1.562584],[124.879313,1.562631],[124.879478,1.562763],[124.879477,1.562783],[124.879477,1.562791],[124.879464,1.562828],[124.879467,1.562831],[124.879548,1.562915],[124.879784,1.563645],[124.879887,1.564356],[124.879836,1.565086],[124.879877,1.566562],[124.879876,1.566612],[124.879425,1.566557],[124.879191,1.566637],[124.879212,1.566813],[124.879301,1.566885],[124.879196,1.566993],[124.879005,1.567031],[124.878989,1.56691],[124.879051,1.566818],[124.879045,1.566734],[124.878838,1.566743],[124.878531,1.566786],[124.878388,1.566786],[124.878266,1.566613],[124.878196,1.566546],[124.878161,1.566573],[124.878172,1.566651],[124.878177,1.566729],[124.878115,1.566748],[124.878075,1.566672],[124.878067,1.566578],[124.877932,1.566565],[124.87773,1.56661],[124.877297,1.566662],[124.877141,1.566818],[124.877083,1.567094],[124.877049,1.567255],[124.877038,1.567611],[124.876882,1.56795],[124.87685,1.568113],[124.876828,1.568225],[124.87686,1.568461],[124.876955,1.568458],[124.876973,1.568545],[124.877099,1.568835],[124.877312,1.568773],[124.878835,1.56867],[124.87833,1.569864],[124.87832,1.5699],[124.878322,1.569902],[124.878338,1.56995],[124.878334,1.569996],[124.878322,1.570093],[124.878305,1.570145],[124.878273,1.570206],[124.878257,1.570268],[124.878248,1.570342],[124.878244,1.570413],[124.878244,1.570428],[124.878244,1.570455],[124.878264,1.570504],[124.878296,1.570556],[124.878296,1.570608],[124.878293,1.570653],[124.87828,1.570701],[124.878267,1.570753],[124.878257,1.570812],[124.878257,1.570837],[124.878267,1.570889],[124.878286,1.570964],[124.878296,1.571003],[124.878296,1.571062],[124.878297,1.571111],[124.8783,1.571138],[124.878308,1.571163],[124.878317,1.571186],[124.878339,1.571232],[124.878363,1.571281],[124.878393,1.571322],[124.878407,1.571338],[124.878425,1.57135],[124.878438,1.571356],[124.878457,1.571356],[124.878464,1.571355],[124.878475,1.571353],[124.878492,1.571344],[124.87851,1.571323],[124.878566,1.571271],[124.878605,1.571271],[124.878634,1.571281],[124.878659,1.571317],[124.878692,1.571343],[124.878737,1.571362],[124.878782,1.571381],[124.878795,1.571404],[124.878795,1.571433],[124.878778,1.571495],[124.87875,1.57155],[124.878695,1.571582],[124.878634,1.571644],[124.878605,1.571699],[124.878582,1.571741],[124.87857,1.571754],[124.878566,1.571759],[124.87856,1.571767],[124.878534,1.571812],[124.878517,1.571852],[124.878508,1.571874],[124.878479,1.571922],[124.878423,1.571976],[124.878491,1.572006],[124.87856,1.572039],[124.878634,1.572097],[124.878753,1.572197],[124.878909,1.572345],[124.879078,1.572477],[124.879228,1.572589],[124.879356,1.572721],[124.879519,1.572895],[124.879601,1.572979],[124.879691,1.57308],[124.879803,1.573168],[124.87992,1.573242],[124.879998,1.573293],[124.880095,1.57332],[124.880181,1.573319],[124.880257,1.573293],[124.880357,1.573238],[124.880442,1.573159],[124.880566,1.573061],[124.880685,1.57296],[124.880821,1.572911],[124.880923,1.572879],[124.880994,1.572881],[124.881068,1.572895],[124.881148,1.572922],[124.881258,1.572953],[124.881436,1.573017],[124.881655,1.573064],[124.881779,1.573067],[124.881859,1.57306],[124.88191,1.573052],[124.881968,1.573041],[124.882021,1.573023],[124.882097,1.573006],[124.882137,1.573017],[124.882181,1.573066],[124.882207,1.573117],[124.882221,1.573188],[124.882208,1.573259],[124.882174,1.573348],[124.882142,1.573409],[124.882069,1.573506],[124.882046,1.57355],[124.882046,1.573588],[124.882086,1.573644],[124.882171,1.573693],[124.882226,1.573737],[124.88227,1.57377],[124.882316,1.573784],[124.882357,1.573805],[124.882384,1.573838],[124.882427,1.57389],[124.882464,1.573925],[124.882528,1.573931],[124.882584,1.573919],[124.882633,1.573878],[124.882656,1.573825],[124.882648,1.573726],[124.882619,1.573609],[124.882575,1.573491],[124.882508,1.573363],[124.88247,1.573266],[124.882345,1.572865],[124.882307,1.572678],[124.882299,1.572408],[124.882307,1.572318],[124.882313,1.572265],[124.882389,1.571876],[124.882425,1.571773],[124.882464,1.571735],[124.882496,1.571726],[124.882569,1.571726],[124.882706,1.571744],[124.882799,1.571767],[124.882857,1.571808],[124.883043,1.571882],[124.88327,1.571987],[124.883325,1.572013],[124.883343,1.572048],[124.883332,1.572124],[124.883322,1.57218],[124.883311,1.572253],[124.883346,1.572359],[124.883395,1.572455],[124.8835,1.572593],[124.883817,1.572912],[124.884253,1.573257],[124.884405,1.573369],[124.884483,1.573407],[124.88462,1.57345],[124.884727,1.573506],[124.884806,1.57355],[124.885094,1.573737],[124.885327,1.573831],[124.885565,1.573931],[124.885664,1.57396],[124.885751,1.573972],[124.885856,1.57398],[124.885932,1.574024],[124.886022,1.574068],[124.886024,1.574069],[124.886188,1.574121],[124.88635,1.574179],[124.886531,1.574228],[124.886613,1.57425],[124.886855,1.574267],[124.886982,1.574243],[124.887091,1.5742],[124.887152,1.574115],[124.887194,1.574017],[124.887224,1.573877],[124.88723,1.573749],[124.887233,1.573737],[124.887267,1.57356],[124.887303,1.573462],[124.887364,1.573352],[124.887437,1.573224],[124.887546,1.573066],[124.887631,1.572956],[124.88777,1.572736],[124.887949,1.572499],[124.888044,1.57237],[124.888091,1.57227],[124.888134,1.572126],[124.888167,1.571987],[124.88821,1.571825],[124.888239,1.571734],[124.888239,1.571681],[124.888224,1.571605],[124.88822,1.571533],[124.88822,1.571485],[124.88821,1.571404],[124.888177,1.571284],[124.888144,1.571217],[124.887972,1.571021],[124.887868,1.570887],[124.887793,1.570779],[124.887763,1.570638],[124.887744,1.5705],[124.887754,1.570284],[124.887787,1.570079],[124.88783,1.569997],[124.887906,1.569892],[124.888063,1.569596],[124.888139,1.569524],[124.888272,1.569404],[124.88841,1.569323],[124.888605,1.569203],[124.888866,1.56905],[124.889142,1.568911],[124.88928,1.568859],[124.889418,1.568844],[124.889503,1.568878],[124.889584,1.568959],[124.889636,1.569045],[124.889641,1.569165],[124.889627,1.569404],[124.889622,1.569773],[124.889641,1.569921],[124.889674,1.570074],[124.889727,1.570174],[124.889798,1.57028],[124.889855,1.570342],[124.889921,1.570375],[124.889993,1.57037],[124.890107,1.570308],[124.890221,1.570227],[124.890315,1.570146],[124.890349,1.570117],[124.890454,1.57004],[124.890577,1.569983],[124.890706,1.569921],[124.890924,1.569839],[124.891112,1.569759],[124.891115,1.569758],[124.891262,1.569672],[124.891371,1.56961],[124.891485,1.569519],[124.891599,1.569418],[124.891691,1.569345],[124.891716,1.569325],[124.891716,1.569312],[124.891747,1.569303],[124.891875,1.569259],[124.891876,1.569288],[124.891888,1.569295],[124.891971,1.569343],[124.892104,1.569421],[124.89241,1.569599],[124.892546,1.569678],[124.893445,1.569837],[124.894326,1.569992],[124.894805,1.570104],[124.894824,1.570102],[124.89483,1.570102],[124.894836,1.570101],[124.895127,1.570171],[124.895453,1.570314],[124.895849,1.570482],[124.896266,1.570752],[124.896291,1.570768],[124.896324,1.570794],[124.896637,1.571044],[124.896639,1.571045],[124.896664,1.571057],[124.896674,1.571062],[124.896871,1.571156],[124.896892,1.5712],[124.897016,1.571456],[124.897039,1.572048],[124.897072,1.572934],[124.89713,1.574485],[124.897272,1.574483],[124.897959,1.574474],[124.898944,1.574344],[124.899028,1.574328],[124.899245,1.574286],[124.900166,1.574452],[124.901612,1.575223],[124.901647,1.575231],[124.90261,1.575441],[124.903991,1.575054],[124.905595,1.574739],[124.905584,1.57444],[124.905346,1.571615],[124.905141,1.570199],[124.905194,1.570253],[124.905816,1.570559],[124.906427,1.570644],[124.906714,1.570538],[124.906803,1.570521],[124.906929,1.570361],[124.90702,1.570201],[124.907021,1.569987],[124.906844,1.569737],[124.906881,1.56947],[124.907025,1.569345],[124.907258,1.569256],[124.907312,1.569256],[124.907545,1.569204],[124.907869,1.568954],[124.907852,1.568829],[124.907764,1.568704],[124.907746,1.568704],[124.907585,1.568578],[124.907549,1.568578],[124.907515,1.568417],[124.907624,1.56822],[124.907642,1.568185],[124.907821,1.568131],[124.908018,1.56815],[124.908179,1.568258],[124.908197,1.568294],[124.908374,1.568527],[124.908587,1.568706],[124.908765,1.568706],[124.908944,1.568545],[124.908961,1.568527],[124.90898,1.56833],[124.90898,1.568313],[124.908998,1.568134],[124.908998,1.568098],[124.908999,1.568096],[124.909249,1.567741],[124.909462,1.567562],[124.909533,1.567544],[124.909816,1.56742],[124.910083,1.56726],[124.9101,1.567224],[124.910346,1.566957],[124.910398,1.566779],[124.910416,1.566726],[124.910556,1.566477],[124.91059,1.56646],[124.910826,1.566192],[124.911188,1.566105],[124.911426,1.566282],[124.911463,1.566317],[124.911614,1.566546],[124.91165,1.566546],[124.91194,1.566739],[124.912295,1.566724],[124.912365,1.566706],[124.912442,1.566651],[124.912592,1.566511],[124.913333,1.565725],[124.913911,1.56567],[124.913935,1.565668],[124.9141,1.565652],[124.914193,1.565643],[124.91442,1.565622],[124.91442,1.565622],[124.914689,1.565763],[124.915571,1.565942],[124.915597,1.565948],[124.915744,1.565981],[124.916083,1.566058],[124.916231,1.566023],[124.916288,1.56601],[124.916416,1.56598],[124.917246,1.565156],[124.917463,1.564589],[124.917533,1.564473],[124.917806,1.564016],[124.918549,1.562773],[124.918597,1.562728],[124.919736,1.561688],[124.919881,1.561556],[124.91992,1.56152],[124.920325,1.561149],[124.920477,1.56114],[124.920814,1.561118],[124.921133,1.560841],[124.92131,1.560795],[124.92164,1.56052],[124.922052,1.560176],[124.92223,1.560028],[124.922446,1.559845],[124.9225,1.559799],[124.922559,1.559749],[124.922625,1.559692],[124.922722,1.559749],[124.922885,1.559845],[124.923041,1.5599],[124.923192,1.559928],[124.923202,1.559928],[124.923283,1.55993],[124.923338,1.559932],[124.923462,1.559909],[124.923516,1.559893],[124.92357,1.559877],[124.923585,1.559872],[124.92375,1.559799],[124.923841,1.559771],[124.923933,1.559753],[124.923946,1.55975],[124.923952,1.559749],[124.923983,1.559743],[124.923982,1.559749],[124.923963,1.559845],[124.923899,1.560177],[124.923772,1.560834],[124.92361,1.56167],[124.92346,1.56223],[124.923436,1.562291],[124.9234,1.56238],[124.92331,1.56244],[124.923189,1.562491],[124.92302,1.562561],[124.922827,1.562642],[124.92264,1.56272],[124.9225,1.56293],[124.9225,1.562955],[124.9225,1.56304],[124.92256,1.56313],[124.92269,1.56315],[124.922697,1.563167],[124.923004,1.563905],[124.92301,1.56392],[124.92301,1.56403],[124.923009,1.564033],[124.92284,1.56474],[124.92285,1.5648],[124.922876,1.56481],[124.9229,1.56482],[124.92356,1.56476],[124.923626,1.564817],[124.92376,1.56493],[124.923841,1.565084],[124.923925,1.565242],[124.92395,1.56529],[124.92406,1.56538],[124.924126,1.565389],[124.92421,1.5654],[124.924338,1.565398],[124.924843,1.565285],[124.925397,1.565162],[124.925379,1.565036],[124.925639,1.564968],[124.926005,1.564914],[124.92617,1.56489],[124.926254,1.564867],[124.926287,1.565484],[124.926685,1.565433],[124.926863,1.569558],[124.926868,1.569557],[124.926942,1.569551],[124.927128,1.569537],[124.927118,1.569264],[124.927128,1.569222],[124.927095,1.568645],[124.927081,1.568247],[124.927041,1.567168],[124.926963,1.56504],[124.926965,1.564952],[124.926969,1.564689],[124.926969,1.564671],[124.927093,1.564637],[124.927598,1.564499],[124.92807,1.56437],[124.9282,1.56424],[124.92823,1.56396],[124.928152,1.562896],[124.92807,1.561783],[124.92807,1.56178],[124.92807,1.561778],[124.928058,1.561312],[124.928024,1.559986],[124.927992,1.558768],[124.927981,1.558326],[124.927978,1.558227],[124.927923,1.556102],[124.92792,1.55598],[124.92803,1.55583],[124.92839,1.55566],[124.92855,1.5554],[124.92858,1.55523],[124.92858,1.55448],[124.92852,1.55429],[124.92844,1.55427],[124.928,1.55431],[124.92788,1.5542],[124.92784,1.55392],[124.92781,1.552923],[124.927789,1.552195],[124.927761,1.551257],[124.927761,1.551239],[124.927733,1.550305],[124.92773,1.55021],[124.92769,1.548888],[124.927647,1.547466],[124.927611,1.546275],[124.927547,1.544152],[124.927535,1.543743],[124.927502,1.542648],[124.9275,1.542582],[124.927499,1.542546],[124.927453,1.541032],[124.927424,1.540059],[124.927418,1.539876],[124.927412,1.539671],[124.927405,1.539428],[124.927365,1.53813],[124.92734,1.53729],[124.927337,1.537281],[124.9273,1.53718],[124.92721,1.5371],[124.926992,1.536911],[124.926755,1.536705],[124.926644,1.536608],[124.92652,1.5365],[124.92649,1.53609],[124.92644,1.536025],[124.92637,1.535933],[124.92636,1.53592],[124.926347,1.535895],[124.92629,1.535833],[124.926273,1.535815],[124.926244,1.535785],[124.926217,1.535766],[124.926203,1.535759],[124.92614,1.535731],[124.926097,1.535713],[124.926082,1.535704],[124.926051,1.535679],[124.926036,1.535658],[124.926025,1.535633],[124.925996,1.535537],[124.925986,1.535516],[124.925963,1.535491],[124.925925,1.535464],[124.925893,1.535442],[124.925882,1.535429],[124.925866,1.535396],[124.925845,1.535328],[124.925798,1.535171],[124.92573,1.534984],[124.925713,1.534952],[124.925671,1.534856],[124.925442,1.527842],[124.924439,1.527799],[124.923094,1.527654],[124.923256,1.52735],[124.923608,1.526343],[124.92366,1.526194],[124.923759,1.52591],[124.923778,1.525855],[124.923958,1.525342],[124.924417,1.524453],[124.924672,1.524011],[124.924976,1.523485],[124.925488,1.523515],[124.925515,1.523475],[124.926414,1.52156],[124.926711,1.520907],[124.926925,1.520157],[124.927194,1.51956],[124.927089,1.519393],[124.927029,1.519233],[124.927026,1.519112],[124.927194,1.518996],[124.927321,1.518898],[124.927398,1.51884],[124.927535,1.518751],[124.927743,1.51859],[124.927865,1.518479],[124.927973,1.518455],[124.928424,1.517717],[124.928436,1.517699],[124.928105,1.517518],[124.928079,1.517494],[124.928073,1.517489],[124.92813,1.517404],[124.928239,1.517057],[124.928242,1.517054],[124.928251,1.517044],[124.928267,1.517024],[124.928361,1.516909],[124.928363,1.516906],[124.928441,1.516801],[124.928502,1.516717],[124.928657,1.516507],[124.928903,1.516227],[124.929257,1.515824],[124.929414,1.5158],[124.929587,1.515774],[124.930053,1.515079],[124.930152,1.51493],[124.930235,1.514806],[124.930367,1.514782],[124.930477,1.514762],[124.93089,1.514686],[124.93119,1.514486],[124.931574,1.514216],[124.932536,1.513736],[124.932599,1.513664],[124.932967,1.513251],[124.932973,1.513105],[124.933015,1.512023],[124.932977,1.511969],[124.932896,1.511855],[124.932817,1.511743],[124.932846,1.511434],[124.932849,1.511429],[124.93294,1.511266],[124.93298,1.511196],[124.93348,1.510305],[124.933593,1.509192],[124.93336,1.508305],[124.933165,1.507564],[124.932994,1.50738],[124.932594,1.506951],[124.931175,1.506343],[124.929742,1.505999],[124.929349,1.505905],[124.929234,1.505919],[124.928519,1.505878],[124.928167,1.505858],[124.927448,1.505817],[124.926937,1.505788],[124.926196,1.505746],[124.925539,1.505709],[124.923931,1.505291],[124.92327,1.504954],[124.92313,1.504883],[124.92305,1.504842],[124.922561,1.504593],[124.922284,1.50446],[124.921191,1.504225],[124.921023,1.504175],[124.920955,1.504154],[124.920725,1.504165],[124.920572,1.504172],[124.918912,1.504026],[124.918772,1.503875],[124.918127,1.502793],[124.917907,1.502352],[124.917704,1.502172],[124.917671,1.502143],[124.917599,1.502079],[124.917366,1.501871],[124.917087,1.501623],[124.917016,1.501552],[124.917009,1.50148],[124.917073,1.50141],[124.91708,1.501402],[124.917137,1.501316],[124.917175,1.501226],[124.91718,1.501216],[124.917158,1.501095],[124.91708,1.500944],[124.916997,1.500861],[124.916992,1.500856],[124.916931,1.500794],[124.916768,1.500666],[124.916654,1.500587],[124.916569,1.500551],[124.916484,1.500551],[124.916327,1.500601],[124.91605,1.500751],[124.915997,1.50067],[124.914981,1.499128],[124.914545,1.498756],[124.914212,1.498472],[124.913357,1.497742],[124.91333,1.497719],[124.913279,1.497675],[124.913268,1.497675],[124.913251,1.497674],[124.912337,1.497632],[124.912335,1.49763],[124.911648,1.497619],[124.910995,1.497549],[124.90877,1.497312],[124.90864,1.497277],[124.908422,1.497242],[124.908311,1.497214],[124.908102,1.497163],[124.908102,1.497128],[124.908102,1.497106],[124.908108,1.497013],[124.90765,1.497003],[124.907499,1.496962],[124.907474,1.496955],[124.907454,1.496758],[124.907108,1.496778],[124.906744,1.496753],[124.905981,1.496543],[124.904509,1.495849],[124.90437,1.495371],[124.904356,1.495322],[124.904215,1.495558],[124.904227,1.495596],[124.904234,1.49562],[124.904232,1.495623],[124.904203,1.495665],[124.904126,1.495778],[124.903149,1.497122],[124.901738,1.499063],[124.901577,1.499076],[124.901242,1.496174],[124.900955,1.495211],[124.900929,1.495149],[124.899735,1.492312],[124.898304,1.48865],[124.898175,1.488182],[124.898114,1.48815],[124.89762,1.487683],[124.897217,1.487301],[124.896747,1.487095],[124.896285,1.486893],[124.896263,1.486858],[124.896005,1.486456],[124.895225,1.485623],[124.894943,1.485545],[124.894843,1.485446],[124.894723,1.485326],[124.894756,1.48516],[124.894051,1.484495],[124.894049,1.48448],[124.893777,1.484234],[124.893991,1.483937],[124.893929,1.483361],[124.893344,1.483288],[124.893263,1.483216],[124.893176,1.48312],[124.893115,1.483017],[124.892986,1.482822],[124.892973,1.482804],[124.892815,1.482588],[124.892693,1.482367],[124.892627,1.482221],[124.892594,1.482149],[124.892363,1.481617],[124.892303,1.481412],[124.892298,1.481395],[124.892249,1.481227],[124.89223,1.481139],[124.892218,1.481047],[124.892192,1.480955],[124.892135,1.480844],[124.892093,1.480787],[124.891975,1.480726],[124.891768,1.480693],[124.891742,1.480689],[124.891401,1.480638],[124.891204,1.480603],[124.891067,1.480573],[124.890983,1.480561],[124.890911,1.480573],[124.890909,1.480574],[124.890869,1.480611],[124.890827,1.480751],[124.890786,1.48102],[124.89077,1.481192],[124.890786,1.481372],[124.890834,1.481636],[124.890907,1.481866],[124.890987,1.482061],[124.891048,1.482152],[124.891086,1.482256],[124.891131,1.482405],[124.891158,1.482569],[124.891177,1.483246],[124.891177,1.483445],[124.891232,1.483924],[124.89127,1.48436],[124.89134,1.484439],[124.891633,1.484719],[124.891766,1.484891],[124.891858,1.485065],[124.891903,1.485162],[124.89199,1.485403],[124.892032,1.485556],[124.892062,1.485759],[124.89207,1.485946],[124.892062,1.486019],[124.892032,1.486069],[124.891804,1.486214],[124.891622,1.486329],[124.89147,1.48639],[124.891325,1.486413],[124.891139,1.486417],[124.890926,1.486436],[124.890615,1.486501],[124.890322,1.4866],[124.890254,1.486635],[124.890212,1.486681],[124.890196,1.486749],[124.890159,1.486905],[124.890124,1.48712],[124.89012,1.487182],[124.89015,1.487291],[124.890265,1.487598],[124.890295,1.487667],[124.890322,1.487755],[124.890322,1.487824],[124.890303,1.487912],[124.8902,1.488053],[124.890022,1.488306],[124.889953,1.488386],[124.889858,1.488478],[124.889623,1.488654],[124.889357,1.488795],[124.888912,1.489025],[124.888513,1.489205],[124.888511,1.489206],[124.888471,1.489224],[124.888133,1.489308],[124.887761,1.489426],[124.887673,1.489469],[124.887555,1.48956],[124.887308,1.489744],[124.887206,1.489817],[124.887099,1.489866],[124.886849,1.489939],[124.886567,1.489985],[124.886343,1.489962],[124.886115,1.489872],[124.885978,1.48979],[124.885861,1.489694],[124.88556,1.489371],[124.885329,1.488998],[124.885241,1.488868],[124.885135,1.488723],[124.885074,1.488639],[124.885017,1.488589],[124.884939,1.488563],[124.884846,1.488577],[124.88461,1.488707],[124.884378,1.488937],[124.88428,1.489021],[124.884239,1.489057],[124.884165,1.48912],[124.883917,1.489328],[124.883907,1.489335],[124.883724,1.489482],[124.88353,1.489627],[124.883471,1.489704],[124.883452,1.489731],[124.883424,1.48977],[124.883339,1.490005],[124.883108,1.490782],[124.883038,1.491071],[124.882874,1.491751],[124.882675,1.492897],[124.882601,1.493235],[124.882589,1.493288],[124.882585,1.493309],[124.882562,1.493413],[124.882526,1.493576]]]]},"properties":{"idkec":"7171040","nmkec":"MAPANGET","luas":53.0589}},{"id":916,"type":"Feature","geometry":{"type":"MultiPolygon","coordinates":[[[[124.698765,1.617618],[124.698735,1.617593],[124.698715,1.617565],[124.69871,1.617524],[124.698706,1.617485],[124.698673,1.617425],[124.698646,1.617381],[124.698604,1.617347],[124.698579,1.617317],[124.698545,1.617273],[124.698496,1.617248],[124.698421,1.617181],[124.698326,1.617034],[124.698301,1.616983],[124.698287,1.616938],[124.698303,1.616894],[124.698308,1.616829],[124.69828,1.616797],[124.69823,1.616758],[124.698175,1.616721],[124.698122,1.616689],[124.698096,1.616675],[124.698021,1.616675],[124.697949,1.616673],[124.697869,1.616641],[124.69777,1.616616],[124.697696,1.616613],[124.697671,1.616604],[124.697598,1.616574],[124.69754,1.616563],[124.697494,1.616588],[124.697434,1.616625],[124.697368,1.616665],[124.697046,1.616908],[124.696993,1.616956],[124.696678,1.617112],[124.696618,1.617098],[124.696577,1.617096],[124.696536,1.617105],[124.696485,1.617156],[124.696436,1.617205],[124.696062,1.61736],[124.695867,1.617446],[124.6958,1.617459],[124.695743,1.617468],[124.69563,1.617459],[124.695379,1.617427],[124.695347,1.617418],[124.695317,1.617383],[124.695246,1.617312],[124.69507,1.617271],[124.694938,1.61724],[124.694865,1.617252],[124.69483,1.617257],[124.694754,1.61725],[124.694689,1.617271],[124.694612,1.617264],[124.694568,1.617269],[124.694531,1.617269],[124.694469,1.617296],[124.694435,1.617326],[124.694272,1.617406],[124.693977,1.617542],[124.693826,1.617611],[124.693669,1.617666],[124.693638,1.61768],[124.693504,1.617742],[124.693308,1.617825],[124.693111,1.617885],[124.692982,1.617921],[124.69295,1.617914],[124.692902,1.617917],[124.692876,1.617942],[124.692856,1.617949],[124.692821,1.617942],[124.692784,1.617924],[124.692725,1.617921],[124.692669,1.617917],[124.692621,1.61791],[124.692575,1.617896],[124.692561,1.617875],[124.692536,1.617862],[124.692502,1.617862],[124.692476,1.617871],[124.692456,1.617887],[124.692421,1.617887],[124.692407,1.617866],[124.69235,1.617836],[124.692187,1.617783],[124.692134,1.617788],[124.692081,1.617797],[124.69204,1.617804],[124.691998,1.617818],[124.691934,1.617841],[124.691817,1.617859],[124.69172,1.617887],[124.691617,1.617951],[124.691253,1.618181],[124.691196,1.618218],[124.691159,1.618218],[124.691122,1.618218],[124.69109,1.618239],[124.691093,1.618264],[124.691093,1.618289],[124.691076,1.618321],[124.691075,1.618353],[124.691086,1.618383],[124.69106,1.61845],[124.691053,1.618489],[124.691005,1.618524],[124.690939,1.618524],[124.69087,1.61853],[124.690626,1.618644],[124.690019,1.618914],[124.689975,1.618921],[124.689886,1.618949],[124.689842,1.618969],[124.689792,1.619013],[124.68975,1.619098],[124.689735,1.619159],[124.689642,1.619211],[124.689596,1.619225],[124.689557,1.619225],[124.689502,1.619214],[124.689349,1.619249],[124.689178,1.619314],[124.689102,1.619346],[124.688982,1.619369],[124.688959,1.619356],[124.688936,1.619312],[124.688923,1.619268],[124.688861,1.619209],[124.688755,1.619151],[124.68872,1.61913],[124.688677,1.619128],[124.688631,1.61913],[124.688573,1.619151],[124.688532,1.619176],[124.688403,1.619241],[124.688247,1.61933],[124.688095,1.619358],[124.687934,1.619364],[124.687766,1.61933],[124.687681,1.619319],[124.687599,1.619314],[124.687502,1.619335],[124.687424,1.61939],[124.687403,1.619418],[124.687385,1.619443],[124.68735,1.619496],[124.687311,1.619537],[124.687286,1.619581],[124.68727,1.619629],[124.68727,1.619677],[124.68727,1.619723],[124.687279,1.619779],[124.687281,1.619808],[124.687261,1.619868],[124.687086,1.620094],[124.686748,1.620601],[124.686698,1.620693],[124.686626,1.620815],[124.686576,1.620928],[124.686537,1.620983],[124.686491,1.621015],[124.686449,1.621043],[124.686424,1.62107],[124.686399,1.621123],[124.686355,1.621155],[124.686328,1.621158],[124.686295,1.621172],[124.686245,1.621199],[124.686206,1.621234],[124.686118,1.621314],[124.686093,1.621349],[124.686015,1.621404],[124.685976,1.621424],[124.685934,1.62144],[124.685898,1.621461],[124.68587,1.621482],[124.685794,1.621526],[124.685771,1.621558],[124.685748,1.621592],[124.685702,1.621622],[124.685661,1.621638],[124.68562,1.621673],[124.685609,1.621716],[124.685579,1.621728],[124.685535,1.6217],[124.685502,1.621696],[124.685472,1.621723],[124.685468,1.621769],[124.685441,1.621779],[124.685358,1.621762],[124.685222,1.62179],[124.685135,1.62185],[124.68505,1.62193],[124.684978,1.621994],[124.684886,1.622098],[124.684781,1.622167],[124.684707,1.622217],[124.684601,1.622268],[124.684505,1.622296],[124.684446,1.622314],[124.684375,1.622314],[124.684298,1.622298],[124.684277,1.622267],[124.684274,1.622237],[124.684289,1.6222],[124.684279,1.622135],[124.684243,1.622116],[124.684215,1.622121],[124.684169,1.622123],[124.684165,1.622107],[124.684183,1.622077],[124.684224,1.62207],[124.684259,1.622075],[124.684291,1.622077],[124.684307,1.622059],[124.684293,1.62202],[124.684256,1.621985],[124.684211,1.621951],[124.684158,1.621921],[124.684091,1.621919],[124.684063,1.621958],[124.684031,1.621981],[124.684013,1.621978],[124.683965,1.621962],[124.683942,1.621937],[124.683896,1.6219],[124.68385,1.621859],[124.683831,1.621797],[124.683806,1.621751],[124.683673,1.621659],[124.683597,1.621624],[124.683526,1.621601],[124.683489,1.621585],[124.683385,1.621581],[124.6833,1.621631],[124.683284,1.621686],[124.683263,1.621783],[124.683238,1.621882],[124.683251,1.621928],[124.68326,1.621962],[124.683282,1.62199],[124.683325,1.622046],[124.683417,1.622212],[124.683451,1.622283],[124.683494,1.622341],[124.683525,1.622406],[124.683525,1.622458],[124.683519,1.622526],[124.683503,1.622609],[124.683494,1.622656],[124.683503,1.622854],[124.683494,1.622952],[124.683482,1.623093],[124.683461,1.623208],[124.683408,1.623426],[124.683323,1.623666],[124.683273,1.623838],[124.683245,1.624047],[124.683241,1.624086],[124.68322,1.624174],[124.683144,1.624293],[124.683107,1.624321],[124.683075,1.624346],[124.683008,1.624369],[124.682974,1.624376],[124.682932,1.624378],[124.682875,1.624403],[124.682827,1.624442],[124.682769,1.624472],[124.682643,1.624516],[124.682565,1.624548],[124.682475,1.624599],[124.682429,1.624636],[124.682358,1.624682],[124.682277,1.62475],[124.682234,1.624787],[124.682146,1.624854],[124.682091,1.624937],[124.682071,1.624985],[124.682071,1.625061],[124.682082,1.625127],[124.682105,1.625194],[124.682151,1.625256],[124.682169,1.625277],[124.682222,1.62533],[124.682268,1.625412],[124.68229,1.625688],[124.682259,1.625904],[124.682257,1.626017],[124.682261,1.626141],[124.68227,1.626272],[124.682282,1.626419],[124.682287,1.626463],[124.682284,1.626488],[124.68228,1.6265],[124.682245,1.626532],[124.682195,1.626559],[124.682144,1.626589],[124.682119,1.626635],[124.682123,1.626684],[124.682153,1.626776],[124.682199,1.62692],[124.682206,1.626978],[124.682231,1.627061],[124.682245,1.627178],[124.682253,1.627319],[124.682261,1.627467],[124.682266,1.627642],[124.68225,1.627959],[124.682273,1.628251],[124.682268,1.6283],[124.682257,1.628355],[124.682252,1.628417],[124.682231,1.628483],[124.68222,1.628518],[124.682206,1.628589],[124.682199,1.62861],[124.68216,1.62866],[124.682144,1.6287],[124.682133,1.628752],[124.682133,1.628808],[124.682133,1.628863],[124.682144,1.628925],[124.682153,1.628954],[124.682219,1.629024],[124.682234,1.629076],[124.682234,1.629138],[124.682225,1.629196],[124.682193,1.629301],[124.682202,1.629502],[124.682207,1.629542],[124.682256,1.629612],[124.682274,1.629652],[124.682293,1.629695],[124.682293,1.629745],[124.682286,1.629788],[124.682286,1.629843],[124.68232,1.629868],[124.682354,1.629874],[124.682373,1.629917],[124.682376,1.629976],[124.682382,1.63],[124.682385,1.63005],[124.682403,1.630065],[124.682419,1.630093],[124.682391,1.630117],[124.682354,1.630111],[124.682317,1.630127],[124.682283,1.630157],[124.682268,1.630213],[124.682277,1.630247],[124.682286,1.630265],[124.682314,1.630287],[124.682326,1.630308],[124.682323,1.630333],[124.682311,1.630376],[124.682289,1.630407],[124.682249,1.630441],[124.68224,1.630481],[124.682219,1.630527],[124.682209,1.630555],[124.682209,1.630583],[124.682191,1.63061],[124.682145,1.630629],[124.682098,1.63065],[124.682083,1.630663],[124.682062,1.630697],[124.682052,1.630737],[124.682037,1.630777],[124.682034,1.630807],[124.682034,1.630848],[124.682,1.630885],[124.681951,1.630903],[124.681914,1.630906],[124.681867,1.63094],[124.68184,1.630983],[124.681812,1.630999],[124.681778,1.630995],[124.68175,1.630958],[124.681713,1.63094],[124.681686,1.630937],[124.681643,1.630952],[124.681621,1.630986],[124.68163,1.631029],[124.681624,1.631063],[124.681612,1.631109],[124.681587,1.63118],[124.681572,1.631193],[124.681504,1.631193],[124.681455,1.631196],[124.681402,1.631211],[124.681405,1.631251],[124.681433,1.631291],[124.681439,1.631307],[124.681427,1.631356],[124.681402,1.631387],[124.681384,1.631427],[124.681381,1.63147],[124.681393,1.631501],[124.681427,1.631528],[124.681439,1.631581],[124.681439,1.63163],[124.681439,1.631655],[124.681442,1.631676],[124.681445,1.631738],[124.68143,1.63175],[124.681399,1.631753],[124.681353,1.631787],[124.681304,1.631849],[124.681276,1.631886],[124.681257,1.631926],[124.681264,1.631978],[124.681291,1.632],[124.681334,1.632006],[124.681371,1.632028],[124.681374,1.632064],[124.681374,1.632111],[124.681362,1.632163],[124.681359,1.6322],[124.681362,1.632237],[124.681362,1.632262],[124.681371,1.632292],[124.681381,1.632308],[124.681411,1.632342],[124.681411,1.632369],[124.681411,1.632397],[124.68139,1.632447],[124.681415,1.632517],[124.681415,1.632551],[124.681424,1.632582],[124.681424,1.632628],[124.681427,1.632656],[124.681378,1.632681],[124.681347,1.632702],[124.681356,1.632736],[124.681368,1.632782],[124.681387,1.632853],[124.681405,1.63289],[124.681418,1.632936],[124.681415,1.632983],[124.681415,1.633053],[124.681427,1.633124],[124.681439,1.633161],[124.681458,1.633217],[124.681473,1.633278],[124.681495,1.633334],[124.681519,1.633389],[124.681547,1.633488],[124.681556,1.633528],[124.681581,1.633577],[124.681609,1.633605],[124.681643,1.633648],[124.681649,1.633691],[124.681643,1.633728],[124.681621,1.633762],[124.681593,1.633799],[124.681602,1.633861],[124.681624,1.633895],[124.681649,1.633931],[124.681676,1.633962],[124.681713,1.634015],[124.681738,1.634064],[124.681757,1.634116],[124.681766,1.634181],[124.681784,1.634243],[124.681818,1.634307],[124.68183,1.634347],[124.681834,1.634397],[124.68183,1.63444],[124.68183,1.634483],[124.681824,1.634501],[124.681812,1.634548],[124.681784,1.634594],[124.681757,1.634659],[124.681741,1.634705],[124.681744,1.634748],[124.68176,1.634779],[124.681793,1.6348],[124.681809,1.634828],[124.681787,1.634847],[124.681732,1.634853],[124.681713,1.634871],[124.681698,1.634911],[124.681701,1.634979],[124.681709,1.635055],[124.681729,1.635093],[124.68176,1.635145],[124.681781,1.635176],[124.681803,1.635222],[124.681812,1.635262],[124.68184,1.635309],[124.68184,1.635376],[124.681834,1.635423],[124.681809,1.6355],[124.681772,1.635583],[124.681775,1.635641],[124.681784,1.635694],[124.681809,1.635718],[124.681852,1.635768],[124.681855,1.635814],[124.681837,1.635876],[124.681824,1.635919],[124.681837,1.63598],[124.681864,1.63602],[124.68188,1.636079],[124.681914,1.63614],[124.681954,1.636199],[124.681957,1.636264],[124.681944,1.636335],[124.681898,1.636421],[124.68188,1.636478],[124.681889,1.636533],[124.681907,1.636575],[124.681937,1.636616],[124.681979,1.636641],[124.681999,1.636662],[124.682004,1.636696],[124.682054,1.636781],[124.682077,1.636807],[124.682096,1.636848],[124.68211,1.636883],[124.682119,1.636924],[124.682133,1.636975],[124.682144,1.63702],[124.682149,1.637048],[124.682208,1.637096],[124.682323,1.637165],[124.682342,1.637195],[124.68236,1.637223],[124.682367,1.637257],[124.682326,1.6373],[124.682305,1.637324],[124.682314,1.637342],[124.682361,1.63739],[124.682385,1.63745],[124.682365,1.637487],[124.682372,1.637526],[124.682413,1.637561],[124.682505,1.637597],[124.682726,1.637653],[124.682829,1.637682],[124.682843,1.637717],[124.68285,1.637768],[124.68288,1.63782],[124.682903,1.637843],[124.682935,1.637866],[124.68296,1.637894],[124.682985,1.637924],[124.682988,1.637961],[124.682985,1.63797],[124.682978,1.637995],[124.682942,1.638048],[124.682939,1.638101],[124.682953,1.638149],[124.682978,1.638197],[124.683041,1.63825],[124.683087,1.63831],[124.683119,1.638347],[124.683137,1.638377],[124.683151,1.63842],[124.683172,1.638455],[124.683197,1.638498],[124.683254,1.63857],[124.683277,1.638613],[124.683284,1.638641],[124.683284,1.638678],[124.683298,1.638717],[124.683353,1.638779],[124.683415,1.638826],[124.683499,1.638992],[124.683565,1.639301],[124.683583,1.639354],[124.683599,1.639379],[124.683638,1.639411],[124.683696,1.639448],[124.683735,1.639503],[124.683746,1.639544],[124.683863,1.639878],[124.68399,1.640213],[124.68402,1.640358],[124.68402,1.640383],[124.684024,1.640434],[124.68404,1.640471],[124.684068,1.640494],[124.684093,1.640526],[124.6841,1.640542],[124.684121,1.640599],[124.684125,1.640641],[124.684132,1.640696],[124.684132,1.640721],[124.684135,1.640767],[124.684146,1.640825],[124.684148,1.640843],[124.684142,1.640891],[124.684105,1.640924],[124.684066,1.640958],[124.684038,1.640992],[124.684013,1.64102],[124.683992,1.641061],[124.683971,1.641098],[124.683976,1.641144],[124.683999,1.641183],[124.68404,1.64124],[124.684082,1.641287],[124.684079,1.641319],[124.684063,1.641352],[124.684027,1.641379],[124.684008,1.641422],[124.684008,1.641457],[124.684017,1.641498],[124.684017,1.64153],[124.684029,1.64159],[124.68404,1.641622],[124.684063,1.641652],[124.684084,1.641682],[124.684091,1.641728],[124.684082,1.641779],[124.684068,1.641806],[124.684063,1.641834],[124.68407,1.641864],[124.684082,1.641891],[124.684098,1.64191],[124.684123,1.641933],[124.684142,1.641958],[124.684142,1.641983],[124.684142,1.642027],[124.684171,1.642052],[124.684245,1.642071],[124.684275,1.642103],[124.684298,1.642165],[124.684319,1.642197],[124.684358,1.642227],[124.684398,1.642231],[124.684436,1.642229],[124.684475,1.64225],[124.684505,1.642259],[124.684562,1.642275],[124.684615,1.642277],[124.684673,1.642275],[124.684732,1.642277],[124.68477,1.642303],[124.684822,1.642307],[124.684854,1.642316],[124.684861,1.642346],[124.684875,1.642374],[124.684909,1.642399],[124.684962,1.642402],[124.685036,1.642395],[124.685079,1.642411],[124.685121,1.642441],[124.685171,1.642441],[124.68522,1.642429],[124.685266,1.642429],[124.685323,1.642438],[124.685362,1.642464],[124.685397,1.6425],[124.68544,1.642516],[124.685489,1.642539],[124.685544,1.642583],[124.685638,1.642698],[124.685767,1.642829],[124.685941,1.643149],[124.686082,1.643392],[124.686146,1.643452],[124.686192,1.643519],[124.686231,1.643576],[124.68627,1.643624],[124.686298,1.643682],[124.686353,1.643758],[124.68644,1.643824],[124.686502,1.64387],[124.686608,1.643951],[124.686695,1.643978],[124.686744,1.644011],[124.686785,1.644031],[124.686854,1.64405],[124.686934,1.644061],[124.686996,1.644063],[124.687059,1.644077],[124.687116,1.644125],[124.687208,1.644266],[124.68733,1.644431],[124.687456,1.644592],[124.687619,1.644746],[124.687624,1.644762],[124.687629,1.64479],[124.687642,1.644817],[124.687698,1.644817],[124.687716,1.64479],[124.687724,1.644737],[124.68776,1.644714],[124.687822,1.644725],[124.687856,1.644801],[124.687866,1.644856],[124.687863,1.644891],[124.687909,1.644925],[124.687991,1.64496],[124.688081,1.644951],[124.688116,1.64496],[124.688146,1.644987],[124.688166,1.645015],[124.688173,1.64505],[124.688192,1.645077],[124.688238,1.645112],[124.688284,1.645164],[124.688301,1.645247],[124.688314,1.6453],[124.68835,1.645341],[124.688405,1.645381],[124.688468,1.645404],[124.688532,1.64542],[124.688603,1.645443],[124.688665,1.645461],[124.688753,1.645516],[124.688805,1.645564],[124.688826,1.645621],[124.688957,1.645697],[124.689024,1.645682],[124.689063,1.645693],[124.689109,1.645721],[124.68913,1.645751],[124.689169,1.645776],[124.689217,1.645801],[124.689261,1.64581],[124.689293,1.64584],[124.689327,1.645863],[124.689382,1.645886],[124.689435,1.645925],[124.689467,1.645969],[124.68948,1.646021],[124.689474,1.646066],[124.689547,1.646182],[124.689601,1.646229],[124.689654,1.646261],[124.689752,1.646323],[124.689874,1.646397],[124.690038,1.6465],[124.690144,1.646589],[124.690228,1.646677],[124.690246,1.646702],[124.690293,1.646732],[124.690323,1.646773],[124.690346,1.646817],[124.690345,1.646902],[124.690394,1.646932],[124.690481,1.646967],[124.690545,1.646992],[124.690598,1.647019],[124.690635,1.647047],[124.690686,1.647065],[124.690732,1.647082],[124.690808,1.647086],[124.690865,1.647086],[124.690943,1.647088],[124.691019,1.647091],[124.691083,1.647098],[124.691141,1.647116],[124.69118,1.64713],[124.691205,1.647134],[124.691263,1.647148],[124.691329,1.64716],[124.691378,1.647153],[124.691444,1.647137],[124.691522,1.647169],[124.691614,1.64724],[124.691657,1.647297],[124.691674,1.647419],[124.691693,1.647452],[124.691736,1.647479],[124.691835,1.647509],[124.691922,1.647511],[124.69198,1.6475],[124.692005,1.647477],[124.69204,1.647447],[124.692063,1.647399],[124.692086,1.647357],[124.692125,1.647302],[124.692178,1.64727],[124.69221,1.647275],[124.692258,1.647288],[124.692309,1.647311],[124.692348,1.647327],[124.69238,1.647337],[124.69243,1.647341],[124.692506,1.647348],[124.692557,1.647357],[124.692591,1.647364],[124.692626,1.647383],[124.692658,1.647401],[124.692704,1.647419],[124.692761,1.647422],[124.692817,1.647419],[124.692867,1.647406],[124.692902,1.647399],[124.692945,1.647408],[124.693,1.647426],[124.693044,1.647438],[124.693092,1.647452],[124.693138,1.647435],[124.69321,1.647419],[124.693377,1.647426],[124.693492,1.647445],[124.693596,1.647481],[124.693833,1.647606],[124.69418,1.647826],[124.694299,1.647875],[124.694386,1.6479],[124.694412,1.647904],[124.694446,1.647904],[124.694499,1.647898],[124.694547,1.647898],[124.694614,1.647907],[124.694649,1.647925],[124.694706,1.64795],[124.694745,1.647957],[124.694844,1.64795],[124.694938,1.647904],[124.694998,1.647877],[124.695037,1.647863],[124.695074,1.647845],[124.695154,1.647817],[124.695209,1.647794],[124.695276,1.647769],[124.695294,1.647769],[124.695352,1.647773],[124.695402,1.647773],[124.695439,1.647757],[124.695474,1.647741],[124.695524,1.647711],[124.69557,1.647704],[124.695602,1.647704],[124.695655,1.647714],[124.695699,1.647737],[124.695745,1.647744],[124.695796,1.647744],[124.695839,1.647727],[124.695885,1.647702],[124.695938,1.647698],[124.695979,1.647704],[124.696016,1.647723],[124.696037,1.647744],[124.696081,1.647773],[124.696133,1.647773],[124.696205,1.647776],[124.696255,1.647787],[124.696306,1.647808],[124.696354,1.647822],[124.696412,1.647833],[124.696471,1.647835],[124.696543,1.647833],[124.696579,1.647817],[124.696614,1.647819],[124.696653,1.64784],[124.696692,1.647856],[124.696733,1.647854],[124.696768,1.647831],[124.6968,1.647785],[124.696844,1.647755],[124.696906,1.647766],[124.696982,1.647803],[124.697069,1.647835],[124.69717,1.647868],[124.697285,1.647907],[124.697329,1.647923],[124.697409,1.647937],[124.697478,1.647941],[124.697517,1.647953],[124.697561,1.647971],[124.697602,1.647994],[124.69766,1.648026],[124.697701,1.648038],[124.697754,1.648049],[124.697846,1.648091],[124.697903,1.648116],[124.697975,1.648155],[124.698041,1.648171],[124.698119,1.648201],[124.698198,1.648215],[124.698239,1.648227],[124.698283,1.648286],[124.698347,1.648332],[124.698398,1.648355],[124.698455,1.648343],[124.69851,1.64832],[124.698579,1.648307],[124.698641,1.648311],[124.698869,1.648445],[124.69894,1.648493],[124.699286,1.648695],[124.69939,1.648725],[124.699448,1.648726],[124.699499,1.648693],[124.699545,1.648684],[124.699593,1.648695],[124.699641,1.648729],[124.69968,1.648729],[124.699724,1.648704],[124.699827,1.648688],[124.699899,1.648681],[124.700069,1.6487],[124.700202,1.648738],[124.700338,1.64876],[124.700418,1.648746],[124.700494,1.648739],[124.700648,1.648764],[124.701506,1.64892],[124.701986,1.649047],[124.702041,1.649093],[124.702071,1.649111],[124.70211,1.649139],[124.702135,1.649162],[124.70216,1.649192],[124.702197,1.649231],[124.702241,1.649242],[124.702271,1.64924],[124.702317,1.649194],[124.702365,1.649123],[124.702404,1.64907],[124.702427,1.649042],[124.702445,1.649001],[124.70245,1.648941],[124.702455,1.648884],[124.702461,1.648845],[124.702482,1.648785],[124.702481,1.648689],[124.702416,1.648569],[124.702409,1.648532],[124.702416,1.648458],[124.702439,1.648406],[124.702464,1.64838],[124.70251,1.648343],[124.702586,1.648302],[124.702733,1.648242],[124.702914,1.648208],[124.703117,1.648203],[124.703257,1.648219],[124.703287,1.648231],[124.703323,1.648254],[124.70339,1.64827],[124.703448,1.648261],[124.703528,1.648247],[124.703611,1.648219],[124.703684,1.648208],[124.703774,1.648192],[124.703841,1.648187],[124.704098,1.648196],[124.704172,1.648194],[124.704186,1.648192],[124.704288,1.648219],[124.704472,1.648239],[124.704505,1.648243],[124.704569,1.648218],[124.704649,1.648194],[124.704826,1.64817],[124.704914,1.648162],[124.705074,1.648153],[124.705211,1.648121],[124.705267,1.648121],[124.705347,1.648177],[124.705507,1.648201],[124.705676,1.648185],[124.70578,1.648193],[124.7059,1.648128],[124.70594,1.647765],[124.706016,1.647664],[124.706016,1.647533],[124.70604,1.647382],[124.706072,1.647349],[124.706176,1.647293],[124.706169,1.647207],[124.706168,1.6472],[124.706202,1.647101],[124.706236,1.647039],[124.706256,1.647018],[124.706286,1.646994],[124.7063,1.646964],[124.706302,1.646964],[124.706484,1.646946],[124.706645,1.646895],[124.707114,1.646686],[124.707178,1.646659],[124.707256,1.646633],[124.707466,1.646544],[124.707948,1.646323],[124.708006,1.646298],[124.708038,1.64627],[124.708077,1.646247],[124.708118,1.646231],[124.708151,1.646236],[124.70818,1.646238],[124.708279,1.646194],[124.708378,1.646139],[124.708429,1.6461],[124.708521,1.646043],[124.70861,1.645994],[124.708718,1.645967],[124.70881,1.645921],[124.708877,1.645872],[124.708907,1.645833],[124.70893,1.645797],[124.708953,1.645758],[124.708999,1.645723],[124.709038,1.645693],[124.709072,1.645652],[124.709095,1.64559],[124.709086,1.645541],[124.709102,1.645486],[124.70915,1.645431],[124.709205,1.645406],[124.70921,1.645404],[124.709298,1.645364],[124.709442,1.645272],[124.709479,1.645224],[124.709527,1.645148],[124.709601,1.645066],[124.709695,1.645022],[124.709796,1.644983],[124.709868,1.644953],[124.709964,1.644907],[124.710024,1.644863],[124.710081,1.644824],[124.710137,1.644756],[124.710165,1.644689],[124.710166,1.644604],[124.710164,1.644565],[124.710139,1.644521],[124.71012,1.644475],[124.710143,1.644427],[124.710183,1.644392],[124.710274,1.644348],[124.710394,1.644293],[124.710514,1.64422],[124.710645,1.644146],[124.710686,1.644125],[124.710739,1.644132],[124.710778,1.644132],[124.710815,1.644103],[124.710838,1.644086],[124.71087,1.644059],[124.710916,1.64402],[124.710953,1.644004],[124.71098,1.643997],[124.710999,1.643969],[124.711031,1.643935],[124.711284,1.643806],[124.711346,1.643774],[124.711387,1.64376],[124.711433,1.643737],[124.711479,1.643707],[124.711539,1.643684],[124.711587,1.643673],[124.711654,1.643638],[124.711702,1.643595],[124.711831,1.643523],[124.712063,1.643429],[124.712334,1.643321],[124.712502,1.643247],[124.712557,1.643229],[124.712617,1.643213],[124.712658,1.643183],[124.712695,1.643146],[124.712732,1.643098],[124.712824,1.642999],[124.712826,1.642942],[124.712808,1.642914],[124.712814,1.642875],[124.712842,1.642813],[124.712883,1.642756],[124.712918,1.64271],[124.712955,1.642689],[124.71301,1.642638],[124.713056,1.642611],[124.71312,1.642572],[124.713194,1.642542],[124.713256,1.642514],[124.713405,1.642441],[124.713497,1.642399],[124.713539,1.642376],[124.713578,1.642349],[124.713617,1.642293],[124.713647,1.642279],[124.713711,1.642238],[124.713743,1.64222],[124.713784,1.642199],[124.71381,1.642197],[124.713837,1.642197],[124.713888,1.642192],[124.713929,1.642165],[124.713971,1.642137],[124.714056,1.642105],[124.714102,1.642082],[124.714136,1.642071],[124.714175,1.642041],[124.714194,1.64199],[124.714212,1.641912],[124.714233,1.641871],[124.714242,1.641825],[124.71424,1.64179],[124.714233,1.641749],[124.714228,1.641694],[124.714217,1.641659],[124.714201,1.641627],[124.714201,1.641579],[124.714212,1.641537],[124.714235,1.641498],[124.714276,1.641468],[124.714311,1.641447],[124.714313,1.641445],[124.71435,1.641427],[124.714377,1.641372],[124.714396,1.64131],[124.714417,1.641261],[124.714456,1.641222],[124.714497,1.64119],[124.714559,1.64111],[124.714614,1.641052],[124.714642,1.641006],[124.714663,1.640963],[124.714686,1.640889],[124.71469,1.640843],[124.714709,1.640792],[124.714734,1.64077],[124.714798,1.640763],[124.71484,1.640763],[124.714881,1.640767],[124.714902,1.640781],[124.71492,1.640809],[124.71492,1.640841],[124.714925,1.640871],[124.71492,1.640907],[124.714906,1.640924],[124.714849,1.640958],[124.714817,1.640969],[124.714766,1.641022],[124.714729,1.641087],[124.714725,1.641123],[124.714715,1.641165],[124.714681,1.64119],[124.71464,1.641204],[124.714612,1.641238],[124.714582,1.641273],[124.714552,1.641323],[124.714527,1.641363],[124.714492,1.641399],[124.714453,1.641436],[124.714451,1.641473],[124.714463,1.641503],[124.714467,1.64154],[124.714456,1.641572],[124.714446,1.641595],[124.714446,1.641629],[124.714444,1.641664],[124.71443,1.641698],[124.714419,1.641728],[124.714405,1.641751],[124.714387,1.641781],[124.714389,1.641815],[124.714396,1.641838],[124.714398,1.641873],[124.714387,1.641903],[124.714373,1.641917],[124.714343,1.641951],[124.714315,1.642013],[124.714315,1.642045],[124.714325,1.642071],[124.714357,1.642096],[124.71438,1.642103],[124.714419,1.642087],[124.71444,1.642061],[124.714467,1.642029],[124.714511,1.642006],[124.714573,1.64198],[124.714608,1.641918],[124.714596,1.641884],[124.714573,1.641852],[124.714566,1.641813],[124.714598,1.641808],[124.714633,1.641813],[124.714673,1.641806],[124.714672,1.641749],[124.714665,1.641694],[124.714665,1.641657],[124.714686,1.641627],[124.714727,1.641604],[124.714752,1.641569],[124.714752,1.641519],[124.714741,1.641459],[124.714729,1.641397],[124.714743,1.641337],[124.714764,1.64128],[124.714798,1.641241],[124.71484,1.641222],[124.714881,1.641222],[124.714934,1.641222],[124.714971,1.641209],[124.714998,1.641186],[124.715033,1.641158],[124.715083,1.641137],[124.715085,1.641098],[124.71506,1.641057],[124.715072,1.641022],[124.71509,1.641029],[124.715115,1.641064],[124.715143,1.641078],[124.715187,1.641073],[124.71523,1.641013],[124.71523,1.640947],[124.715212,1.640889],[124.715182,1.64085],[124.715175,1.640811],[124.715196,1.640774],[124.715212,1.640742],[124.715203,1.640691],[124.715196,1.640643],[124.715194,1.640597],[124.715205,1.640551],[124.71523,1.640478],[124.715253,1.640452],[124.715304,1.640404],[124.715359,1.640353],[124.715389,1.64033],[124.715389,1.640294],[124.715384,1.640252],[124.71541,1.640241],[124.715442,1.640257],[124.715485,1.640271],[124.715529,1.640257],[124.715547,1.640234],[124.715547,1.64019],[124.715543,1.640153],[124.715508,1.64013],[124.715469,1.640135],[124.715435,1.640126],[124.715419,1.64008],[124.715419,1.640043],[124.71541,1.639999],[124.715377,1.639956],[124.715382,1.639917],[124.715419,1.639864],[124.715462,1.639848],[124.715531,1.63985],[124.715582,1.639857],[124.715612,1.639901],[124.715653,1.639928],[124.715706,1.639949],[124.715761,1.63994],[124.715833,1.639896],[124.715883,1.639839],[124.715906,1.63976],[124.715895,1.639691],[124.715872,1.639662],[124.715844,1.63962],[124.715846,1.639572],[124.715892,1.639528],[124.715929,1.639489],[124.715936,1.639446],[124.715936,1.639393],[124.715934,1.639344],[124.715924,1.639292],[124.715904,1.639248],[124.71589,1.639206],[124.715899,1.639151],[124.715922,1.639117],[124.715938,1.639055],[124.715918,1.639],[124.715862,1.638935],[124.715734,1.638901],[124.715614,1.63888],[124.715568,1.638859],[124.715557,1.638818],[124.715568,1.638786],[124.715619,1.638774],[124.715699,1.638765],[124.715773,1.638756],[124.71589,1.638703],[124.715943,1.638636],[124.715968,1.638556],[124.715968,1.638494],[124.715961,1.638441],[124.715943,1.63837],[124.715888,1.638301],[124.715856,1.638255],[124.715823,1.638218],[124.715803,1.638188],[124.715814,1.63817],[124.715856,1.638177],[124.715892,1.63817],[124.715911,1.638133],[124.715918,1.638066],[124.715911,1.638034],[124.715876,1.638004],[124.715821,1.637995],[124.715798,1.637988],[124.715727,1.637958],[124.715708,1.637931],[124.715713,1.637887],[124.715727,1.637876],[124.715766,1.637882],[124.715807,1.637873],[124.715835,1.637834],[124.715837,1.637797],[124.715792,1.637732],[124.715766,1.637694],[124.715759,1.637655],[124.715782,1.637637],[124.715819,1.637653],[124.715851,1.637689],[124.715876,1.637699],[124.715895,1.637676],[124.715904,1.637641],[124.715918,1.637614],[124.715958,1.637594],[124.716004,1.637455],[124.715982,1.637416],[124.715943,1.637404],[124.715913,1.6374],[124.715874,1.637377],[124.715876,1.637345],[124.715906,1.637328],[124.715952,1.637326],[124.715989,1.637319],[124.716014,1.637285],[124.716019,1.63726],[124.716021,1.637237],[124.716026,1.637207],[124.716042,1.637172],[124.716058,1.637151],[124.716078,1.637122],[124.716088,1.637083],[124.716078,1.63705],[124.716039,1.637027],[124.715957,1.636995],[124.715895,1.636975],[124.715913,1.636954],[124.715961,1.636963],[124.716019,1.636963],[124.716085,1.636963],[124.716131,1.636926],[124.716141,1.636871],[124.716141,1.636827],[124.716124,1.636775],[124.71609,1.636729],[124.716042,1.636701],[124.715984,1.636669],[124.715954,1.636621],[124.715989,1.636616],[124.716035,1.63663],[124.716108,1.636653],[124.716226,1.636672],[124.716276,1.636653],[124.716295,1.636604],[124.716285,1.636542],[124.716214,1.63646],[124.716198,1.636425],[124.716212,1.636358],[124.71623,1.63629],[124.716223,1.636223],[124.7162,1.636195],[124.716164,1.636122],[124.716173,1.636071],[124.716235,1.636014],[124.716318,1.635963],[124.716338,1.635926],[124.716338,1.635885],[124.716334,1.635798],[124.716276,1.635701],[124.716272,1.635655],[124.716258,1.635609],[124.716226,1.635593],[124.716173,1.635595],[124.716083,1.635579],[124.716085,1.635542],[124.716127,1.635522],[124.716228,1.635508],[124.716278,1.63549],[124.716304,1.635439],[124.716304,1.635363],[124.716288,1.63529],[124.716283,1.635223],[124.716278,1.635159],[124.716288,1.635126],[124.716295,1.635092],[124.71629,1.635039],[124.716301,1.634984],[124.716331,1.634924],[124.716336,1.634839],[124.716327,1.63477],[124.716301,1.634731],[124.716249,1.63472],[124.716177,1.634713],[124.716062,1.634699],[124.71601,1.634683],[124.715964,1.634602],[124.71595,1.634582],[124.715908,1.634568],[124.715872,1.634575],[124.715836,1.634604],[124.715793,1.634646],[124.71577,1.634669],[124.715764,1.634699],[124.71575,1.634717],[124.715688,1.634706],[124.71569,1.634648],[124.715687,1.634609],[124.715681,1.634538],[124.715669,1.634398],[124.715683,1.634278],[124.715711,1.634193],[124.715715,1.634124],[124.715715,1.634081],[124.715704,1.634021],[124.715708,1.633793],[124.715718,1.633584],[124.715734,1.633458],[124.71575,1.633317],[124.715754,1.633216],[124.715743,1.632998],[124.715729,1.632791],[124.715734,1.632598],[124.715736,1.632485],[124.715722,1.632366],[124.715727,1.63223],[124.715747,1.632159],[124.715764,1.632092],[124.715777,1.632032],[124.715789,1.631913],[124.715787,1.631828],[124.715773,1.631734],[124.715752,1.631633],[124.71575,1.631559],[124.715761,1.631481],[124.715777,1.631389],[124.71578,1.631269],[124.715798,1.631166],[124.715851,1.630964],[124.715935,1.630518],[124.715936,1.630474],[124.715906,1.630375],[124.715911,1.630329],[124.715948,1.630205],[124.715952,1.630111],[124.715922,1.630086],[124.715904,1.630063],[124.715888,1.630007],[124.715895,1.629936],[124.715922,1.629863],[124.715965,1.629796],[124.715993,1.629741],[124.716012,1.62967],[124.716016,1.629589],[124.716003,1.629506],[124.715993,1.62948],[124.715941,1.629329],[124.715922,1.62929],[124.715922,1.629226],[124.715924,1.62915],[124.715912,1.629],[124.715924,1.628851],[124.71593,1.628776],[124.715948,1.628576],[124.716027,1.628141],[124.716039,1.628095],[124.716044,1.628058],[124.716035,1.628021],[124.716007,1.628003],[124.715961,1.627987],[124.715897,1.627982],[124.715812,1.627992],[124.715722,1.627989],[124.71566,1.627982],[124.71557,1.627987],[124.715529,1.627998],[124.71549,1.628024],[124.715481,1.628044],[124.715449,1.628054],[124.715414,1.628038],[124.7154,1.628008],[124.71538,1.627978],[124.715361,1.627964],[124.715312,1.62795],[124.715276,1.627939],[124.715251,1.627906],[124.715205,1.627847],[124.715161,1.627771],[124.715136,1.62772],[124.715122,1.627677],[124.715104,1.627628],[124.715074,1.627569],[124.715028,1.627484],[124.714941,1.627359],[124.714863,1.627224],[124.714752,1.627065],[124.714715,1.627024],[124.714681,1.626987],[124.714649,1.62695],[124.714623,1.626916],[124.714617,1.626888],[124.714617,1.626805],[124.714598,1.626782],[124.714557,1.626769],[124.714511,1.626764],[124.714479,1.626773],[124.71444,1.62684],[124.714407,1.626858],[124.714338,1.626872],[124.714214,1.626875],[124.714122,1.62687],[124.713984,1.626874],[124.713943,1.62687],[124.713911,1.626849],[124.71387,1.626822],[124.713837,1.626789],[124.713787,1.626755],[124.713732,1.626709],[124.713676,1.62661],[124.713628,1.626525],[124.713582,1.626415],[124.713555,1.626304],[124.713497,1.62618],[124.713433,1.626049],[124.71332,1.625893],[124.713111,1.625608],[124.712651,1.625102],[124.712566,1.625008],[124.712523,1.624969],[124.712196,1.624711],[124.711655,1.624276],[124.710972,1.623737],[124.7105,1.623405],[124.710435,1.623366],[124.71035,1.623369],[124.710297,1.623358],[124.710268,1.623337],[124.710222,1.6233],[124.71016,1.623279],[124.710114,1.623243],[124.710106,1.623237],[124.710072,1.62321],[124.709992,1.623151],[124.709943,1.623114],[124.709881,1.623095],[124.709815,1.623082],[124.709771,1.623061],[124.709746,1.623033],[124.709744,1.622994],[124.709744,1.622968],[124.709725,1.622946],[124.709637,1.622893],[124.709583,1.62289],[124.709546,1.622896],[124.709493,1.622882],[124.709454,1.622875],[124.709408,1.62285],[124.709367,1.622827],[124.709325,1.622797],[124.709275,1.622758],[124.709224,1.622735],[124.709146,1.622723],[124.709061,1.622682],[124.708861,1.622539],[124.708806,1.622514],[124.708773,1.6225],[124.708737,1.622477],[124.708705,1.622445],[124.708645,1.622415],[124.708606,1.622388],[124.708578,1.62236],[124.708537,1.622325],[124.708477,1.622291],[124.708408,1.622266],[124.70836,1.622259],[124.708275,1.622204],[124.708153,1.622116],[124.708109,1.622086],[124.708043,1.622052],[124.707955,1.621999],[124.707746,1.621886],[124.707686,1.621854],[124.707629,1.621817],[124.707551,1.62176],[124.707433,1.62165],[124.707355,1.621604],[124.707297,1.621561],[124.707206,1.621493],[124.707015,1.621365],[124.706928,1.621307],[124.706856,1.621257],[124.706737,1.621211],[124.706578,1.621135],[124.706369,1.621015],[124.706178,1.620937],[124.706006,1.620877],[124.705749,1.620792],[124.705661,1.620765],[124.705452,1.620705],[124.70525,1.620661],[124.705151,1.620624],[124.704951,1.620521],[124.704546,1.620289],[124.704353,1.620183],[124.70413,1.620064],[124.70393,1.619956],[124.703845,1.619889],[124.703788,1.619841],[124.703735,1.619808],[124.70371,1.619779],[124.703643,1.619746],[124.703606,1.619721],[124.703519,1.619629],[124.703464,1.619565],[124.703404,1.619503],[124.70336,1.619457],[124.703259,1.619399],[124.70313,1.61934],[124.703084,1.619328],[124.70305,1.619326],[124.703006,1.619326],[124.702965,1.619314],[124.702859,1.619259],[124.70254,1.619114],[124.702517,1.6191],[124.702489,1.619082],[124.70245,1.619066],[124.702413,1.619057],[124.70239,1.619043],[124.702351,1.619034],[124.70231,1.619029],[124.702032,1.618873],[124.70191,1.618809],[124.701891,1.618779],[124.701864,1.618747],[124.701852,1.618719],[124.701832,1.618691],[124.701797,1.618666],[124.701754,1.618636],[124.701685,1.618606],[124.701623,1.61859],[124.701547,1.618593],[124.701478,1.618593],[124.701418,1.618586],[124.701297,1.618533],[124.701255,1.618482],[124.701241,1.618468],[124.701206,1.618452],[124.701125,1.618442],[124.70108,1.618457],[124.700882,1.618358],[124.700852,1.618326],[124.700808,1.618273],[124.700749,1.618242],[124.70062,1.618204],[124.700586,1.618206],[124.700554,1.618209],[124.700492,1.618193],[124.700418,1.618158],[124.700367,1.618147],[124.700326,1.618147],[124.700282,1.618147],[124.700243,1.618142],[124.700193,1.618128],[124.700138,1.618119],[124.700082,1.618114],[124.700007,1.61811],[124.699961,1.618101],[124.699889,1.618089],[124.699823,1.618094],[124.699761,1.618096],[124.699637,1.618075],[124.699547,1.618057],[124.699487,1.618057],[124.699434,1.618032],[124.699255,1.617972],[124.699161,1.617927],[124.699073,1.617885],[124.69894,1.617795],[124.69883,1.617701],[124.698765,1.617618]]],[[[124.78127,1.613111],[124.781291,1.613111],[124.781328,1.613119],[124.781377,1.613144],[124.781433,1.613146],[124.781474,1.613148],[124.781529,1.613138],[124.781583,1.613123],[124.78161,1.613113],[124.78163,1.613097],[124.781669,1.613068],[124.781704,1.613041],[124.781717,1.612996],[124.781745,1.612948],[124.78177,1.61287],[124.781789,1.612788],[124.781791,1.61271],[124.781791,1.612634],[124.781795,1.61256],[124.781786,1.612504],[124.78178,1.612405],[124.781762,1.612366],[124.78171,1.612321],[124.781675,1.612284],[124.781665,1.61223],[124.781661,1.612179],[124.781655,1.612136],[124.78162,1.61206],[124.781575,1.612006],[124.781554,1.611963],[124.78155,1.611899],[124.78155,1.611866],[124.781542,1.611815],[124.781531,1.61178],[124.781498,1.611728],[124.781468,1.611712],[124.781435,1.611689],[124.781412,1.611665],[124.781402,1.611621],[124.7814,1.611586],[124.7814,1.611554],[124.781377,1.611498],[124.78134,1.611459],[124.781297,1.611434],[124.781239,1.611412],[124.781215,1.611377],[124.781204,1.61134],[124.781194,1.611305],[124.781173,1.611278],[124.781153,1.611249],[124.781138,1.611191],[124.781124,1.611146],[124.781085,1.611109],[124.781031,1.611082],[124.780976,1.611074],[124.780929,1.611045],[124.780912,1.61101],[124.780914,1.610986],[124.780931,1.610953],[124.780978,1.610943],[124.781015,1.610963],[124.781093,1.610959],[124.781147,1.610945],[124.781171,1.610905],[124.781186,1.610858],[124.781175,1.610799],[124.781175,1.61078],[124.781182,1.610753],[124.781198,1.610735],[124.781229,1.610714],[124.78125,1.610648],[124.78125,1.61062],[124.781241,1.610589],[124.781241,1.610566],[124.781258,1.610554],[124.781287,1.610554],[124.781319,1.610554],[124.781354,1.610562],[124.7814,1.610568],[124.781461,1.610558],[124.781474,1.610537],[124.781496,1.61049],[124.781511,1.610451],[124.781527,1.610408],[124.781531,1.610395],[124.781572,1.610344],[124.781572,1.610315],[124.781591,1.61028],[124.781612,1.610229],[124.781616,1.610185],[124.781616,1.61014],[124.781595,1.610118],[124.78154,1.610115],[124.781482,1.610124],[124.781443,1.610115],[124.781404,1.610083],[124.781387,1.610037],[124.781363,1.60998],[124.781342,1.609932],[124.781328,1.609881],[124.781272,1.609865],[124.781247,1.609856],[124.781221,1.609823],[124.781208,1.60977],[124.781173,1.609729],[124.781163,1.60969],[124.781159,1.609661],[124.781155,1.609622],[124.781143,1.609595],[124.781105,1.609564],[124.781085,1.60955],[124.781066,1.609537],[124.781046,1.609509],[124.781036,1.609476],[124.781017,1.609441],[124.780986,1.609414],[124.780945,1.609387],[124.780918,1.60935],[124.780877,1.609297],[124.780834,1.609268],[124.780791,1.609239],[124.78076,1.609216],[124.780729,1.609181],[124.7807,1.609155],[124.780655,1.609122],[124.780601,1.609118],[124.780573,1.609118],[124.780511,1.609122],[124.780464,1.609122],[124.780427,1.609107],[124.780394,1.609085],[124.780385,1.608955],[124.780398,1.608924],[124.780416,1.608928],[124.780433,1.608947],[124.780457,1.608968],[124.780497,1.608982],[124.780544,1.608998],[124.780575,1.609009],[124.780624,1.609005],[124.780661,1.608992],[124.780686,1.608959],[124.780704,1.60893],[124.780719,1.608898],[124.780739,1.608844],[124.780745,1.608817],[124.780745,1.608786],[124.780735,1.608745],[124.78071,1.608706],[124.7807,1.60868],[124.780692,1.608636],[124.780692,1.60861],[124.780745,1.608556],[124.780752,1.608525],[124.780756,1.608501],[124.780739,1.608468],[124.780688,1.608441],[124.780626,1.608414],[124.780556,1.608418],[124.780441,1.608463],[124.780443,1.608338],[124.780472,1.608178],[124.780478,1.608147],[124.780478,1.608122],[124.780488,1.608085],[124.780497,1.608077],[124.780529,1.608075],[124.780558,1.608097],[124.780575,1.608124],[124.780616,1.608157],[124.780655,1.608171],[124.780688,1.608171],[124.780731,1.608159],[124.780774,1.608126],[124.780789,1.608113],[124.780795,1.608071],[124.780805,1.608038],[124.780826,1.608029],[124.780871,1.608021],[124.780885,1.607992],[124.780894,1.607959],[124.7809,1.607935],[124.78092,1.607927],[124.780943,1.607927],[124.780966,1.607924],[124.780994,1.6079],[124.781001,1.607879],[124.781029,1.607838],[124.781042,1.607809],[124.78106,1.607776],[124.781075,1.607741],[124.781068,1.607692],[124.781068,1.607667],[124.781044,1.607622],[124.781011,1.607587],[124.78099,1.607571],[124.780955,1.607523],[124.780908,1.607499],[124.780869,1.607472],[124.780836,1.607447],[124.780803,1.607427],[124.780756,1.607414],[124.780717,1.607406],[124.780669,1.607414],[124.780632,1.607429],[124.780597,1.607429],[124.780564,1.607412],[124.780554,1.607398],[124.780552,1.60727],[124.780557,1.607237],[124.780562,1.607198],[124.780577,1.607106],[124.780587,1.606972],[124.780589,1.606925],[124.780589,1.606869],[124.780587,1.606809],[124.780587,1.606776],[124.780585,1.606645],[124.780585,1.606589],[124.780587,1.606536],[124.780589,1.606495],[124.780585,1.606474],[124.780597,1.606416],[124.780601,1.606398],[124.780612,1.606365],[124.78062,1.60634],[124.780636,1.606336],[124.780659,1.606386],[124.780669,1.606421],[124.780702,1.606441],[124.780743,1.606449],[124.780762,1.606456],[124.780797,1.606466],[124.780832,1.606474],[124.780869,1.606474],[124.780887,1.60646],[124.78091,1.606435],[124.780927,1.606419],[124.780961,1.606388],[124.780986,1.606349],[124.781027,1.606314],[124.781042,1.606272],[124.78106,1.606227],[124.781062,1.60619],[124.781064,1.606147],[124.781056,1.606056],[124.781042,1.606042],[124.781013,1.606034],[124.780972,1.606011],[124.780951,1.605974],[124.780931,1.605945],[124.780902,1.605921],[124.780879,1.605896],[124.780873,1.605861],[124.780883,1.60583],[124.780904,1.605799],[124.78092,1.605742],[124.780929,1.605715],[124.780929,1.605682],[124.780929,1.605643],[124.780906,1.605598],[124.780869,1.605554],[124.780842,1.605524],[124.780826,1.605485],[124.780815,1.605458],[124.780799,1.605437],[124.780782,1.605427],[124.780754,1.605419],[124.780719,1.605415],[124.78069,1.605408],[124.780676,1.605396],[124.780659,1.605378],[124.780653,1.605357],[124.780673,1.605102],[124.78069,1.60509],[124.780719,1.605096],[124.780735,1.605108],[124.780756,1.605118],[124.780793,1.605122],[124.780834,1.605104],[124.780846,1.605081],[124.780877,1.605048],[124.780916,1.605028],[124.780974,1.604987],[124.780976,1.604952],[124.780966,1.604917],[124.780941,1.604859],[124.780941,1.604806],[124.780955,1.604775],[124.780964,1.604738],[124.780984,1.60469],[124.781017,1.604668],[124.781046,1.604647],[124.781103,1.60462],[124.78114,1.604577],[124.78114,1.604555],[124.781132,1.604526],[124.781091,1.604485],[124.781058,1.604458],[124.781042,1.604429],[124.781033,1.604382],[124.781031,1.604341],[124.781044,1.604297],[124.781064,1.60424],[124.781068,1.604209],[124.781091,1.604164],[124.781103,1.604133],[124.78112,1.6041],[124.781128,1.604063],[124.781114,1.604022],[124.781068,1.603991],[124.78106,1.603958],[124.781073,1.603925],[124.781112,1.603882],[124.781128,1.603845],[124.781126,1.603826],[124.781097,1.6038],[124.781071,1.603779],[124.781058,1.60375],[124.781058,1.603732],[124.781073,1.603684],[124.781126,1.603631],[124.781155,1.603594],[124.781188,1.603573],[124.781217,1.603542],[124.781233,1.603497],[124.781229,1.603444],[124.781212,1.603398],[124.781186,1.60337],[124.781169,1.603333],[124.781157,1.603308],[124.781167,1.603281],[124.7812,1.603238],[124.781217,1.603215],[124.781229,1.603166],[124.781231,1.603117],[124.78125,1.603061],[124.78126,1.603028],[124.781274,1.60294],[124.781287,1.602907],[124.781303,1.60288],[124.781319,1.602812],[124.781311,1.602703],[124.781295,1.602672],[124.78127,1.602652],[124.781256,1.602621],[124.781262,1.602588],[124.781297,1.602588],[124.781342,1.602584],[124.781361,1.602543],[124.781359,1.602499],[124.78133,1.602448],[124.781319,1.602417],[124.781326,1.602382],[124.781352,1.602362],[124.781396,1.602345],[124.781416,1.602316],[124.78142,1.602271],[124.781422,1.602244],[124.781412,1.602152],[124.781379,1.602104],[124.781348,1.602088],[124.781342,1.602053],[124.781348,1.602006],[124.781363,1.60196],[124.78138,1.601923],[124.7814,1.60188],[124.781428,1.601812],[124.781424,1.601773],[124.78141,1.601722],[124.781377,1.601668],[124.781326,1.601639],[124.781266,1.601648],[124.78121,1.601683],[124.781149,1.601691],[124.781079,1.601687],[124.78112,1.601428],[124.781138,1.601351],[124.781157,1.601298],[124.781194,1.601265],[124.78121,1.601242],[124.781233,1.601209],[124.781262,1.601205],[124.781293,1.601244],[124.781319,1.601281],[124.781348,1.601308],[124.781402,1.601333],[124.781476,1.601335],[124.781521,1.601297],[124.781532,1.601241],[124.781529,1.601185],[124.781529,1.60115],[124.78154,1.601133],[124.78155,1.601117],[124.781556,1.601096],[124.781556,1.601063],[124.781556,1.601033],[124.781523,1.600991],[124.781466,1.600985],[124.781412,1.601],[124.781377,1.601028],[124.78133,1.601063],[124.781284,1.601082],[124.781252,1.60108],[124.781241,1.601061],[124.781241,1.601028],[124.781247,1.600983],[124.781276,1.600901],[124.781303,1.600866],[124.781326,1.600864],[124.781338,1.600886],[124.781334,1.600915],[124.78134,1.600948],[124.781381,1.600961],[124.781412,1.600956],[124.781461,1.60093],[124.781505,1.600919],[124.781546,1.600886],[124.781566,1.600854],[124.781583,1.6008],[124.781587,1.600763],[124.781577,1.600714],[124.781535,1.600683],[124.781478,1.600677],[124.781404,1.60067],[124.781334,1.600677],[124.781344,1.600625],[124.781346,1.600553],[124.781338,1.600483],[124.781348,1.60037],[124.781348,1.600329],[124.781352,1.600255],[124.781365,1.600205],[124.781367,1.60015],[124.7814,1.600031],[124.781428,1.599917],[124.781443,1.599862],[124.781474,1.599734],[124.781482,1.599703],[124.78148,1.599658],[124.78147,1.599627],[124.781455,1.599588],[124.781453,1.599555],[124.781488,1.599457],[124.781546,1.599259],[124.781548,1.599195],[124.781548,1.59916],[124.78155,1.599119],[124.781552,1.599095],[124.781554,1.599064],[124.781568,1.599041],[124.781597,1.599027],[124.781616,1.599006],[124.781653,1.598957],[124.781669,1.598916],[124.781659,1.598895],[124.781634,1.598883],[124.78161,1.598887],[124.781585,1.598874],[124.781581,1.59885],[124.781577,1.598815],[124.781554,1.598757],[124.781533,1.598737],[124.781492,1.598714],[124.781447,1.598687],[124.781426,1.598648],[124.781418,1.598617],[124.781433,1.598516],[124.781443,1.598488],[124.781461,1.598461],[124.781466,1.59842],[124.781459,1.598389],[124.781447,1.598352],[124.781426,1.598309],[124.7814,1.598263],[124.781381,1.598222],[124.781365,1.598193],[124.781344,1.598156],[124.781339,1.598139],[124.781336,1.59813],[124.78135,1.598101],[124.781404,1.598],[124.781455,1.597872],[124.781494,1.597739],[124.781519,1.597626],[124.781533,1.597537],[124.781544,1.597443],[124.781548,1.597329],[124.781562,1.597074],[124.781577,1.596941],[124.781585,1.596871],[124.781607,1.596755],[124.781614,1.596657],[124.781636,1.596525],[124.781642,1.596428],[124.781667,1.596364],[124.781692,1.596272],[124.7817,1.596208],[124.781693,1.596155],[124.781655,1.596093],[124.781626,1.596011],[124.781617,1.59593],[124.781617,1.595848],[124.781607,1.595781],[124.781588,1.595704],[124.781569,1.595632],[124.781554,1.595556],[124.781521,1.595436],[124.781492,1.595364],[124.78142,1.595277],[124.781338,1.595215],[124.781257,1.595167],[124.781161,1.595134],[124.781056,1.595119],[124.78083,1.595105],[124.780806,1.595106],[124.780667,1.595114],[124.780576,1.595119],[124.780509,1.595148],[124.780437,1.595172],[124.780394,1.595182],[124.780308,1.595182],[124.780255,1.595182],[124.780207,1.595191],[124.780145,1.595225],[124.780102,1.59525],[124.780097,1.595253],[124.780025,1.595263],[124.779977,1.595277],[124.77991,1.595292],[124.779869,1.595315],[124.779866,1.595316],[124.779823,1.595321],[124.779775,1.59533],[124.779684,1.595354],[124.779631,1.595378],[124.779598,1.595394],[124.779497,1.59544],[124.779489,1.595446],[124.779425,1.595488],[124.779349,1.595527],[124.779219,1.595594],[124.778883,1.59579],[124.778598,1.595949],[124.778522,1.595991],[124.778476,1.596016],[124.77839,1.596083],[124.777963,1.596347],[124.77759,1.596575],[124.777555,1.596596],[124.777493,1.596644],[124.777414,1.596694],[124.777298,1.596795],[124.777066,1.596971],[124.776846,1.597117],[124.776832,1.597128],[124.776815,1.597141],[124.776575,1.597331],[124.776433,1.597444],[124.775991,1.597796],[124.77561,1.59816],[124.775587,1.598181],[124.775248,1.598601],[124.775219,1.598637],[124.775097,1.598753],[124.774835,1.599026],[124.774746,1.599133],[124.774544,1.599404],[124.774276,1.599835],[124.77419,1.599957],[124.774145,1.600005],[124.774101,1.600073],[124.773891,1.600371],[124.77378,1.600528],[124.773744,1.600522],[124.77372,1.600484],[124.773735,1.600433],[124.773791,1.600377],[124.773893,1.60024],[124.773961,1.60018],[124.774,1.600145],[124.774023,1.600079],[124.774047,1.600008],[124.774059,1.599951],[124.774059,1.599916],[124.774077,1.599868],[124.774107,1.599826],[124.774134,1.599776],[124.774136,1.599761],[124.774136,1.599728],[124.774145,1.599686],[124.774175,1.599657],[124.774241,1.599612],[124.774282,1.599568],[124.774309,1.599532],[124.774333,1.599496],[124.774366,1.599463],[124.774404,1.599434],[124.774431,1.599383],[124.774451,1.599291],[124.774431,1.599261],[124.774398,1.599261],[124.774357,1.599282],[124.774306,1.599312],[124.774261,1.599344],[124.774208,1.599401],[124.774157,1.59946],[124.77411,1.599499],[124.774059,1.599568],[124.774026,1.59963],[124.773973,1.599684],[124.773952,1.599731],[124.773947,1.599806],[124.773918,1.599836],[124.773912,1.599885],[124.773896,1.599917],[124.773885,1.599942],[124.77388,1.599964],[124.773871,1.599982],[124.773837,1.599996],[124.773802,1.599996],[124.773788,1.600005],[124.773774,1.600026],[124.773765,1.600058],[124.773753,1.600076],[124.773732,1.600109],[124.773725,1.600146],[124.773719,1.600182],[124.773712,1.600192],[124.773702,1.600201],[124.773687,1.600219],[124.773686,1.600234],[124.773696,1.600247],[124.773707,1.600254],[124.773712,1.600272],[124.773712,1.600286],[124.773704,1.600305],[124.773693,1.600333],[124.773687,1.600346],[124.773675,1.600353],[124.773657,1.600351],[124.77364,1.60034],[124.773619,1.600319],[124.773603,1.6003],[124.773585,1.600289],[124.77356,1.600284],[124.773539,1.60028],[124.77352,1.60028],[124.773502,1.600286],[124.77349,1.600302],[124.773476,1.600323],[124.773476,1.600347],[124.773481,1.60037],[124.773486,1.600392],[124.773456,1.600427],[124.773437,1.600429],[124.773414,1.600422],[124.773396,1.600406],[124.77337,1.600397],[124.773324,1.60039],[124.773297,1.60039],[124.773266,1.60039],[124.773237,1.600404],[124.773216,1.600423],[124.773202,1.600436],[124.77317,1.600441],[124.773155,1.600422],[124.773139,1.600397],[124.773107,1.600383],[124.773063,1.600384],[124.773031,1.600402],[124.77301,1.600423],[124.772996,1.600457],[124.772964,1.600512],[124.772952,1.600522],[124.772927,1.600529],[124.772902,1.600533],[124.772877,1.600549],[124.772855,1.600572],[124.772844,1.600582],[124.772823,1.600589],[124.772772,1.600622],[124.77271,1.600668],[124.77268,1.600704],[124.772659,1.600734],[124.772641,1.600758],[124.772629,1.600775],[124.772609,1.600796],[124.772579,1.600823],[124.772561,1.600859],[124.772537,1.600915],[124.772507,1.60096],[124.772478,1.60099],[124.772442,1.601019],[124.772409,1.60104],[124.772374,1.601061],[124.772353,1.601088],[124.772344,1.601138],[124.772377,1.601177],[124.772424,1.601219],[124.772451,1.601266],[124.772457,1.601314],[124.772457,1.60135],[124.772445,1.601373],[124.772406,1.601415],[124.772394,1.601463],[124.772409,1.601498],[124.772436,1.60151],[124.772475,1.601492],[124.772507,1.601466],[124.772537,1.601451],[124.772549,1.601451],[124.772609,1.601445],[124.772644,1.601442],[124.772665,1.601421],[124.772683,1.6014],[124.772704,1.601397],[124.772756,1.601398],[124.772777,1.601422],[124.772748,1.601445],[124.772722,1.601483],[124.772698,1.601507],[124.772641,1.601519],[124.77262,1.601519],[124.772591,1.601528],[124.772579,1.601546],[124.772582,1.601582],[124.772588,1.601611],[124.7726,1.601647],[124.77262,1.601709],[124.772647,1.601727],[124.772674,1.601733],[124.772698,1.601721],[124.772725,1.601698],[124.772751,1.601662],[124.772781,1.601623],[124.772814,1.601596],[124.772844,1.601579],[124.772861,1.60157],[124.772892,1.601545],[124.772918,1.601474],[124.772927,1.60146],[124.77293,1.601427],[124.772921,1.601379],[124.772918,1.601352],[124.772933,1.601305],[124.772971,1.601284],[124.773007,1.601302],[124.773013,1.601329],[124.77298,1.60135],[124.77296,1.601361],[124.772963,1.601388],[124.772977,1.601412],[124.772983,1.601466],[124.772977,1.601489],[124.772974,1.601525],[124.772974,1.601558],[124.772974,1.601584],[124.772963,1.601621],[124.772943,1.60166],[124.772903,1.601665],[124.772879,1.601674],[124.772855,1.601692],[124.772823,1.601739],[124.77279,1.601796],[124.772763,1.60184],[124.772725,1.601891],[124.772695,1.601897],[124.772665,1.601912],[124.772641,1.601935],[124.772612,1.601974],[124.772606,1.602037],[124.772576,1.602129],[124.772537,1.602209],[124.772522,1.602251],[124.772516,1.60231],[124.772516,1.602352],[124.772493,1.602405],[124.772475,1.602429],[124.772445,1.602447],[124.772406,1.602456],[124.772377,1.602459],[124.772347,1.602465],[124.772302,1.602477],[124.772264,1.602498],[124.772246,1.602524],[124.772219,1.602572],[124.772153,1.602652],[124.772151,1.602682],[124.77213,1.602721],[124.772097,1.602759],[124.772061,1.602783],[124.772002,1.602786],[124.771972,1.602762],[124.771948,1.602742],[124.771907,1.602739],[124.771859,1.602774],[124.771817,1.602804],[124.771773,1.602831],[124.771713,1.602881],[124.771672,1.602938],[124.771657,1.602997],[124.771666,1.603048],[124.771687,1.603101],[124.771719,1.603134],[124.771758,1.603158],[124.771782,1.603173],[124.77182,1.603188],[124.771847,1.603205],[124.771868,1.603244],[124.771894,1.603303],[124.771901,1.603327],[124.771897,1.603348],[124.771884,1.603359],[124.771861,1.603378],[124.771846,1.603394],[124.771831,1.603411],[124.771821,1.603435],[124.771821,1.60346],[124.771836,1.603489],[124.771854,1.603498],[124.771873,1.603512],[124.771878,1.603527],[124.771876,1.60354],[124.771865,1.603557],[124.771836,1.603563],[124.771802,1.603553],[124.771785,1.603533],[124.771774,1.603512],[124.771741,1.603493],[124.771694,1.603496],[124.771677,1.603514],[124.771667,1.603544],[124.771669,1.603569],[124.771673,1.60359],[124.771673,1.603616],[124.771656,1.603628],[124.771623,1.603626],[124.771589,1.603613],[124.77157,1.603603],[124.771536,1.603599],[124.771528,1.603607],[124.771498,1.603614],[124.771476,1.603598],[124.771435,1.603601],[124.771402,1.603616],[124.77138,1.603639],[124.771359,1.603672],[124.771326,1.603687],[124.7713,1.603672],[124.771279,1.603658],[124.771248,1.603654],[124.771214,1.603666],[124.771187,1.603689],[124.771172,1.603717],[124.771168,1.603748],[124.771163,1.60378],[124.771159,1.603828],[124.771168,1.603858],[124.771191,1.603875],[124.771222,1.603881],[124.771254,1.603881],[124.771286,1.603881],[124.771326,1.603881],[124.771357,1.603881],[124.771385,1.60389],[124.771408,1.6039],[124.771437,1.603904],[124.771461,1.603883],[124.771479,1.603873],[124.771484,1.603881],[124.771484,1.603898],[124.771492,1.603911],[124.771511,1.603913],[124.771526,1.603917],[124.77153,1.603934],[124.771515,1.603948],[124.771507,1.603961],[124.771505,1.603978],[124.771505,1.603991],[124.77148,1.604003],[124.771446,1.604007],[124.771431,1.60402],[124.771423,1.604029],[124.771402,1.604045],[124.771376,1.604045],[124.771359,1.604039],[124.771338,1.604022],[124.771324,1.604008],[124.771296,1.604006],[124.771265,1.604035],[124.771263,1.604066],[124.771273,1.604088],[124.771273,1.604102],[124.771254,1.604119],[124.771235,1.60413],[124.771212,1.604132],[124.771204,1.604126],[124.771171,1.604124],[124.771146,1.604148],[124.771144,1.604178],[124.771153,1.604189],[124.771157,1.604201],[124.771153,1.604208],[124.771138,1.604216],[124.771123,1.604224],[124.771109,1.604235],[124.771102,1.604241],[124.771077,1.604241],[124.77106,1.604256],[124.771048,1.604275],[124.771031,1.604305],[124.771005,1.60433],[124.770967,1.604343],[124.770938,1.604361],[124.770921,1.604376],[124.770919,1.604397],[124.770925,1.604412],[124.770921,1.604429],[124.7709,1.604452],[124.770868,1.604486],[124.77085,1.604501],[124.770841,1.604524],[124.770841,1.604549],[124.770848,1.604574],[124.770858,1.604608],[124.770858,1.604637],[124.770862,1.604663],[124.770871,1.604686],[124.770879,1.604707],[124.770892,1.604732],[124.770896,1.604747],[124.770885,1.604772],[124.770864,1.604797],[124.770869,1.604821],[124.770881,1.604833],[124.7709,1.604836],[124.770921,1.604842],[124.770955,1.604836],[124.77097,1.604827],[124.770991,1.604816],[124.77102,1.604806],[124.771041,1.604806],[124.771052,1.604823],[124.771069,1.60485],[124.771061,1.604871],[124.771031,1.604876],[124.770999,1.604882],[124.770982,1.604884],[124.770961,1.604884],[124.770938,1.604884],[124.770913,1.604894],[124.770896,1.604911],[124.770883,1.604934],[124.770871,1.604958],[124.770866,1.604991],[124.770858,1.605015],[124.770841,1.60505],[124.770824,1.605074],[124.770822,1.605109],[124.770829,1.605135],[124.770831,1.605162],[124.77082,1.605208],[124.770809,1.605223],[124.770793,1.605242],[124.770774,1.605272],[124.77078,1.605305],[124.770789,1.605335],[124.77078,1.605356],[124.770759,1.605375],[124.77073,1.605402],[124.770721,1.605442],[124.770721,1.605465],[124.77074,1.605489],[124.770744,1.605529],[124.770727,1.605562],[124.770704,1.605585],[124.770694,1.605623],[124.770689,1.605647],[124.770673,1.605666],[124.770631,1.605708],[124.770611,1.605735],[124.77059,1.605754],[124.770572,1.605764],[124.770542,1.605779],[124.770517,1.605802],[124.770512,1.605828],[124.770512,1.605853],[124.770508,1.605885],[124.770506,1.605916],[124.770519,1.605948],[124.770532,1.605973],[124.770546,1.606005],[124.770553,1.606019],[124.770576,1.606024],[124.770591,1.606034],[124.770605,1.606053],[124.770631,1.606089],[124.770643,1.606095],[124.770675,1.606095],[124.770694,1.606102],[124.770738,1.606154],[124.770732,1.606173],[124.770729,1.606199],[124.77073,1.606232],[124.770738,1.606251],[124.770749,1.60626],[124.770765,1.60627],[124.770776,1.606295],[124.770772,1.606411],[124.77077,1.606447],[124.770772,1.606491],[124.770786,1.606527],[124.770803,1.606555],[124.770824,1.606574],[124.770875,1.606609],[124.770906,1.606616],[124.770949,1.606613],[124.770987,1.606603],[124.771026,1.606593],[124.771052,1.606601],[124.771062,1.606628],[124.771062,1.606662],[124.77106,1.606691],[124.771033,1.606717],[124.771031,1.606718],[124.770997,1.606736],[124.770976,1.606759],[124.770967,1.606795],[124.77097,1.606828],[124.77097,1.606896],[124.770968,1.606923],[124.770955,1.606963],[124.770946,1.606988],[124.77093,1.60702],[124.770934,1.607054],[124.77097,1.607081],[124.770995,1.607092],[124.771012,1.607109],[124.771018,1.607132],[124.771003,1.607176],[124.770986,1.607189],[124.770957,1.607206],[124.770934,1.607224],[124.770917,1.607243],[124.770911,1.607283],[124.770911,1.607304],[124.770915,1.607347],[124.770923,1.607378],[124.770925,1.607414],[124.770917,1.607435],[124.770896,1.607441],[124.770877,1.60746],[124.770873,1.607481],[124.770879,1.607511],[124.770888,1.607525],[124.770894,1.607534],[124.770909,1.607555],[124.770911,1.607589],[124.770904,1.607623],[124.770896,1.607652],[124.770881,1.607675],[124.770868,1.607692],[124.770854,1.607717],[124.770843,1.607747],[124.770839,1.607766],[124.770839,1.607804],[124.770839,1.607821],[124.770847,1.607882],[124.77085,1.607913],[124.77085,1.607945],[124.770839,1.607985],[124.770828,1.608004],[124.770805,1.608095],[124.7707,1.608579],[124.770624,1.608996],[124.770595,1.609114],[124.770552,1.609241],[124.770521,1.609371],[124.770418,1.609641],[124.770325,1.609946],[124.770275,1.610138],[124.770232,1.610265],[124.770192,1.610321],[124.77015,1.610359],[124.770135,1.610376],[124.770116,1.610406],[124.770106,1.610441],[124.7701,1.610473],[124.770095,1.610524],[124.770091,1.610549],[124.770072,1.610583],[124.770058,1.610612],[124.770041,1.61064],[124.770026,1.610665],[124.770013,1.610682],[124.770003,1.610701],[124.76995,1.610762],[124.769923,1.610797],[124.769906,1.610818],[124.769876,1.610827],[124.769849,1.610837],[124.769824,1.610863],[124.769817,1.610892],[124.769803,1.610924],[124.769784,1.610947],[124.76976,1.61097],[124.769741,1.610993],[124.769722,1.611027],[124.769716,1.611067],[124.76972,1.611109],[124.769739,1.611132],[124.769771,1.611156],[124.769786,1.611183],[124.769796,1.611204],[124.769824,1.611242],[124.769828,1.611263],[124.769832,1.611286],[124.769826,1.611311],[124.769811,1.611341],[124.769813,1.611375],[124.769822,1.611417],[124.769826,1.611444],[124.769826,1.611476],[124.769828,1.611509],[124.76984,1.611552],[124.769849,1.611579],[124.769868,1.611623],[124.769881,1.611649],[124.769889,1.611676],[124.769893,1.611701],[124.769889,1.611727],[124.769887,1.611756],[124.769883,1.61179],[124.769883,1.611815],[124.769881,1.61187],[124.769887,1.611903],[124.769895,1.611937],[124.769902,1.611986],[124.769908,1.612007],[124.769904,1.612034],[124.769889,1.612053],[124.769874,1.612089],[124.769872,1.612133],[124.769891,1.612158],[124.769904,1.612186],[124.76992,1.612217],[124.769942,1.612236],[124.769944,1.612283],[124.769939,1.612327],[124.769939,1.61235],[124.76995,1.612409],[124.769975,1.612434],[124.770002,1.612456],[124.770022,1.612476],[124.770022,1.6125],[124.770007,1.612519],[124.769954,1.612533],[124.769948,1.612552],[124.769952,1.612565],[124.769969,1.612582],[124.769992,1.612603],[124.76999,1.612626],[124.769988,1.612644],[124.769988,1.612649],[124.769944,1.612797],[124.769918,1.612917],[124.769864,1.613102],[124.769815,1.613245],[124.769727,1.613465],[124.769607,1.613717],[124.76952,1.613886],[124.769366,1.614191],[124.769339,1.614242],[124.769252,1.614365],[124.768558,1.615619],[124.767758,1.616769],[124.767143,1.617642],[124.766794,1.618051],[124.766701,1.618141],[124.76652,1.618378],[124.766377,1.618588],[124.766274,1.6187],[124.766249,1.618712],[124.766221,1.618714],[124.766183,1.618733],[124.76617,1.618773],[124.766147,1.618822],[124.765893,1.619041],[124.765576,1.619332],[124.765416,1.619458],[124.765332,1.619502],[124.765254,1.619524],[124.765214,1.619523],[124.765159,1.619507],[124.765128,1.619496],[124.765102,1.619494],[124.765086,1.619505],[124.765075,1.619524],[124.765075,1.619555],[124.765069,1.619587],[124.76505,1.619623],[124.765016,1.619644],[124.764991,1.619648],[124.764965,1.61965],[124.76493,1.619658],[124.764896,1.619679],[124.764867,1.619709],[124.764845,1.619724],[124.764818,1.619747],[124.764786,1.619768],[124.764755,1.619787],[124.764732,1.619808],[124.764711,1.619833],[124.764662,1.619863],[124.764626,1.619878],[124.764586,1.619896],[124.764546,1.619918],[124.764491,1.619958],[124.764382,1.620019],[124.764298,1.620067],[124.764228,1.620113],[124.764186,1.620141],[124.764131,1.620174],[124.76402,1.620225],[124.763834,1.620337],[124.763723,1.620402],[124.763662,1.620436],[124.763583,1.62048],[124.763537,1.620488],[124.763516,1.620476],[124.763485,1.620448],[124.763476,1.620423],[124.763434,1.6204],[124.763373,1.620396],[124.763301,1.620398],[124.763246,1.620402],[124.763215,1.620404],[124.763189,1.6204],[124.763139,1.620379],[124.763097,1.620368],[124.763061,1.620354],[124.763019,1.620339],[124.762954,1.620341],[124.76292,1.620337],[124.762892,1.62033],[124.762855,1.620318],[124.762819,1.620309],[124.7628,1.620293],[124.762777,1.620271],[124.76276,1.620248],[124.762743,1.620236],[124.762722,1.620238],[124.762705,1.620246],[124.762665,1.620265],[124.762625,1.620286],[124.762612,1.620305],[124.762593,1.62032],[124.762568,1.620322],[124.762539,1.620326],[124.762526,1.620335],[124.762496,1.620354],[124.762482,1.620366],[124.762461,1.620389],[124.762458,1.620415],[124.762463,1.62044],[124.762469,1.620467],[124.762465,1.620497],[124.762439,1.62052],[124.762402,1.620526],[124.762364,1.620526],[124.76234,1.620522],[124.762286,1.620493],[124.762241,1.620476],[124.762202,1.62045],[124.762183,1.620436],[124.762151,1.620429],[124.762098,1.620429],[124.762039,1.620429],[124.762001,1.620442],[124.761982,1.620459],[124.761968,1.620474],[124.761953,1.620478],[124.761928,1.62049],[124.761913,1.620507],[124.761907,1.62053],[124.761894,1.620541],[124.761873,1.620541],[124.761854,1.620528],[124.761833,1.620512],[124.761793,1.620486],[124.761757,1.620465],[124.761711,1.620448],[124.761662,1.620446],[124.761626,1.620444],[124.76159,1.62045],[124.761555,1.620471],[124.761542,1.620499],[124.761523,1.62051],[124.761498,1.620503],[124.761491,1.620484],[124.761466,1.620459],[124.761451,1.620446],[124.761407,1.620444],[124.761384,1.62045],[124.761371,1.620463],[124.761355,1.620469],[124.761333,1.620463],[124.761315,1.62044],[124.761306,1.620421],[124.761279,1.620402],[124.761243,1.620375],[124.76122,1.620373],[124.761176,1.620372],[124.761148,1.62037],[124.761098,1.620364],[124.761074,1.620366],[124.761041,1.620391],[124.761036,1.620417],[124.761028,1.620442],[124.761007,1.620453],[124.760977,1.62045],[124.760952,1.620432],[124.760919,1.620421],[124.760887,1.620419],[124.760855,1.620438],[124.760843,1.620457],[124.760826,1.620474],[124.760807,1.620474],[124.760788,1.620463],[124.760767,1.620451],[124.76075,1.620434],[124.76071,1.620425],[124.76067,1.620436],[124.760645,1.620415],[124.760636,1.620394],[124.760626,1.62037],[124.760619,1.620347],[124.760611,1.62032],[124.760598,1.620303],[124.760573,1.620284],[124.760546,1.620276],[124.760518,1.620276],[124.760503,1.620286],[124.760484,1.620311],[124.760468,1.620326],[124.760446,1.62036],[124.760432,1.620398],[124.760426,1.620427],[124.760426,1.620448],[124.76043,1.620471],[124.76043,1.620493],[124.760419,1.620516],[124.760404,1.620543],[124.760404,1.620577],[124.760409,1.620617],[124.760407,1.620642],[124.760392,1.620663],[124.760381,1.620678],[124.760354,1.620684],[124.760337,1.620678],[124.760312,1.620659],[124.760299,1.620651],[124.760272,1.62064],[124.760234,1.620632],[124.760225,1.620657],[124.760213,1.620667],[124.76019,1.620674],[124.760158,1.620638],[124.760133,1.620608],[124.760105,1.620575],[124.760072,1.620564],[124.760046,1.620566],[124.760034,1.620592],[124.760029,1.620615],[124.760006,1.620625],[124.759979,1.620621],[124.759951,1.6206],[124.759928,1.620585],[124.759912,1.620558],[124.759897,1.620528],[124.759895,1.620463],[124.759886,1.620442],[124.759861,1.620408],[124.759827,1.620366],[124.759794,1.620341],[124.759751,1.620332],[124.759726,1.62028],[124.759716,1.62025],[124.759703,1.620215],[124.75968,1.620198],[124.759652,1.620156],[124.759623,1.620128],[124.759598,1.620103],[124.759555,1.62008],[124.759513,1.620078],[124.759478,1.62009],[124.759458,1.620109],[124.759442,1.620153],[124.759425,1.620185],[124.759419,1.620202],[124.759404,1.6202],[124.759376,1.620194],[124.759359,1.620185],[124.759347,1.620166],[124.759334,1.620134],[124.759317,1.620107],[124.759282,1.620086],[124.759239,1.620082],[124.759206,1.620111],[124.75918,1.620135],[124.759159,1.620141],[124.759132,1.620141],[124.759103,1.620132],[124.759075,1.62013],[124.759056,1.620155],[124.759031,1.620168],[124.759001,1.620179],[124.758978,1.620185],[124.758964,1.620185],[124.758942,1.620177],[124.75893,1.620149],[124.758911,1.62013],[124.758888,1.620118],[124.758858,1.620118],[124.758829,1.620124],[124.758799,1.620132],[124.758761,1.620156],[124.758736,1.620181],[124.758708,1.620193],[124.758692,1.620193],[124.758668,1.620181],[124.758652,1.620153],[124.758629,1.620145],[124.758616,1.620162],[124.758582,1.620175],[124.758544,1.620164],[124.758523,1.620147],[124.75851,1.62012],[124.758489,1.620101],[124.758454,1.62009],[124.758424,1.620086],[124.758388,1.62009],[124.758365,1.620111],[124.758365,1.620137],[124.758378,1.62016],[124.758359,1.620174],[124.758338,1.620168],[124.758321,1.620149],[124.758298,1.620135],[124.758254,1.620124],[124.75822,1.620124],[124.758199,1.620145],[124.758184,1.620162],[124.758142,1.620175],[124.758106,1.620177],[124.75807,1.620174],[124.758024,1.62016],[124.757975,1.620155],[124.757948,1.62016],[124.757925,1.620179],[124.757902,1.620208],[124.757876,1.620227],[124.757845,1.620234],[124.757817,1.620223],[124.757801,1.620212],[124.757784,1.620191],[124.757775,1.620183],[124.75776,1.620183],[124.757724,1.620186],[124.757687,1.620194],[124.757666,1.620206],[124.757647,1.620212],[124.757626,1.620212],[124.757598,1.620208],[124.757571,1.620214],[124.757539,1.620234],[124.757501,1.620234],[124.757459,1.620223],[124.757442,1.620206],[124.757402,1.620191],[124.757366,1.620183],[124.757324,1.620187],[124.757287,1.62021],[124.757257,1.620225],[124.757236,1.620242],[124.757211,1.620259],[124.757177,1.620259],[124.757131,1.62025],[124.757084,1.620234],[124.75704,1.620233],[124.75699,1.620231],[124.756941,1.620231],[124.756905,1.620246],[124.756886,1.620257],[124.756855,1.620263],[124.756812,1.620263],[124.756775,1.620257],[124.756754,1.620269],[124.756724,1.62029],[124.756701,1.620293],[124.756671,1.620274],[124.756661,1.620255],[124.756623,1.620221],[124.756602,1.620219],[124.756574,1.620223],[124.756537,1.620219],[124.756503,1.620198],[124.756463,1.620196],[124.756408,1.620214],[124.756391,1.620236],[124.756362,1.620252],[124.756332,1.620267],[124.756298,1.620269],[124.756269,1.620269],[124.756231,1.620267],[124.756193,1.620271],[124.756166,1.620282],[124.756117,1.620278],[124.756086,1.620267],[124.756056,1.620234],[124.75605,1.620212],[124.75601,1.620189],[124.755982,1.620193],[124.755963,1.620212],[124.755959,1.620236],[124.755953,1.620259],[124.755944,1.620271],[124.755913,1.620278],[124.755879,1.620295],[124.75586,1.620313],[124.755852,1.620373],[124.755848,1.6204],[124.755848,1.620431],[124.755852,1.620457],[124.755871,1.620488],[124.755888,1.620507],[124.755905,1.620535],[124.755928,1.620552],[124.755961,1.620573],[124.755978,1.620594],[124.755987,1.620619],[124.755987,1.620653],[124.75597,1.620688],[124.755955,1.620708],[124.755913,1.620712],[124.755871,1.620712],[124.755826,1.620714],[124.755782,1.620714],[124.755736,1.620707],[124.7557,1.620693],[124.755664,1.62067],[124.755654,1.620648],[124.755654,1.620625],[124.755658,1.620604],[124.755685,1.62056],[124.755706,1.620535],[124.755727,1.620499],[124.755746,1.620461],[124.755759,1.620429],[124.755768,1.620385],[124.755766,1.620362],[124.755766,1.620328],[124.755757,1.620299],[124.75573,1.620274],[124.755707,1.620265],[124.755694,1.620254],[124.755668,1.620215],[124.755643,1.620175],[124.755605,1.620156],[124.755544,1.620134],[124.755519,1.620132],[124.755473,1.620156],[124.755445,1.620198],[124.755431,1.620254],[124.755414,1.620297],[124.755386,1.620314],[124.755359,1.620295],[124.755355,1.620254],[124.755361,1.620221],[124.755353,1.620187],[124.755336,1.620151],[124.755308,1.620105],[124.755281,1.620088],[124.755249,1.620096],[124.755226,1.620139],[124.755213,1.620185],[124.755188,1.620215],[124.755159,1.620234],[124.755117,1.620215],[124.75511,1.620198],[124.755095,1.620175],[124.75506,1.620151],[124.755024,1.620147],[124.754994,1.620158],[124.754957,1.620179],[124.754935,1.620194],[124.75491,1.620206],[124.754878,1.62024],[124.754879,1.620273],[124.7549,1.620292],[124.754923,1.620307],[124.754927,1.620335],[124.754904,1.620372],[124.754885,1.620383],[124.754857,1.620372],[124.754834,1.620354],[124.754815,1.620352],[124.754794,1.620366],[124.754746,1.620402],[124.75472,1.620394],[124.754702,1.620381],[124.754689,1.620326],[124.754683,1.620295],[124.754674,1.620261],[124.75467,1.620244],[124.754664,1.620214],[124.754661,1.620185],[124.754645,1.620143],[124.754632,1.620109],[124.754617,1.620088],[124.754598,1.620078],[124.754573,1.620078],[124.754539,1.620096],[124.754491,1.620132],[124.754472,1.620156],[124.75447,1.620183],[124.754464,1.620198],[124.754451,1.620202],[124.754434,1.620194],[124.754421,1.620177],[124.754405,1.620164],[124.754383,1.620153],[124.754352,1.620137],[124.754318,1.620147],[124.754314,1.620162],[124.754322,1.620175],[124.754337,1.620187],[124.754348,1.620206],[124.754337,1.620233],[124.754322,1.620234],[124.754295,1.620229],[124.754278,1.620212],[124.754265,1.620189],[124.754238,1.620174],[124.754206,1.620183],[124.754188,1.620208],[124.754158,1.620225],[124.75411,1.620225],[124.754069,1.620204],[124.75403,1.620172],[124.754015,1.620145],[124.753992,1.620109],[124.753987,1.620084],[124.753981,1.620054],[124.753977,1.620021],[124.753977,1.619993],[124.753996,1.619953],[124.754011,1.619928],[124.754011,1.619898],[124.754,1.619856],[124.753977,1.619825],[124.753947,1.619818],[124.753931,1.619819],[124.753907,1.619808],[124.75389,1.619787],[124.75388,1.619772],[124.753859,1.619753],[124.753829,1.619757],[124.753806,1.619757],[124.753781,1.619749],[124.753732,1.619766],[124.753716,1.619795],[124.753705,1.619819],[124.753688,1.619837],[124.753667,1.619837],[124.753636,1.619839],[124.753596,1.61981],[124.75356,1.619759],[124.753536,1.619743],[124.753507,1.619743],[124.75348,1.619768],[124.753459,1.619804],[124.753433,1.619823],[124.7534,1.619823],[124.753381,1.619802],[124.75336,1.619783],[124.753324,1.619785],[124.753294,1.619795],[124.753265,1.61978],[124.753256,1.619753],[124.753263,1.619722],[124.753288,1.619696],[124.753315,1.619665],[124.753326,1.619637],[124.753351,1.619582],[124.753358,1.619561],[124.753374,1.619524],[124.753378,1.6195],[124.753362,1.619481],[124.753339,1.619464],[124.753326,1.619446],[124.753322,1.619427],[124.753322,1.619408],[124.753324,1.619393],[124.75332,1.619376],[124.753298,1.61937],[124.753271,1.619372],[124.75325,1.61938],[124.753227,1.619385],[124.753214,1.61937],[124.753212,1.619347],[124.753212,1.619315],[124.75321,1.619288],[124.753191,1.619254],[124.753166,1.619229],[124.753138,1.619208],[124.7531,1.619197],[124.753065,1.619191],[124.753029,1.619188],[124.753003,1.619189],[124.752987,1.619214],[124.752972,1.619227],[124.752953,1.619229],[124.752936,1.619218],[124.752921,1.619189],[124.752919,1.619176],[124.752919,1.619144],[124.752923,1.619123],[124.752934,1.619096],[124.752934,1.619052],[124.75293,1.619024],[124.752917,1.618995],[124.752873,1.618965],[124.752827,1.61895],[124.752787,1.618936],[124.752763,1.618938],[124.752725,1.618961],[124.7527,1.618974],[124.752679,1.618972],[124.75265,1.618953],[124.752616,1.618944],[124.752582,1.618938],[124.752557,1.618936],[124.752534,1.618923],[124.752529,1.618894],[124.752536,1.618868],[124.752542,1.618851],[124.75254,1.618824],[124.752534,1.618818],[124.752513,1.618813],[124.75247,1.618807],[124.752433,1.618809],[124.752405,1.618824],[124.752386,1.618841],[124.752346,1.618854],[124.752321,1.618872],[124.752304,1.618887],[124.752283,1.618892],[124.752264,1.618892],[124.752245,1.618881],[124.752222,1.618875],[124.752194,1.618877],[124.752178,1.618891],[124.75215,1.618891],[124.752123,1.618887],[124.752081,1.618889],[124.752062,1.618898],[124.752034,1.618902],[124.752016,1.618906],[124.752003,1.618925],[124.752005,1.618955],[124.752001,1.61897],[124.751986,1.618972],[124.751978,1.618955],[124.751978,1.618932],[124.751978,1.618911],[124.751969,1.618892],[124.751944,1.618879],[124.751912,1.618868],[124.751885,1.618868],[124.751855,1.618885],[124.751839,1.618908],[124.751839,1.618932],[124.751834,1.61895],[124.751818,1.618963],[124.751782,1.61897],[124.75175,1.618965],[124.751718,1.618942],[124.751704,1.618919],[124.751681,1.618898],[124.751649,1.618892],[124.751613,1.618894],[124.751577,1.618898],[124.751541,1.618898],[124.751493,1.618913],[124.751463,1.618934],[124.751432,1.618936],[124.751409,1.61895],[124.751384,1.618965],[124.751362,1.618969],[124.751305,1.618984],[124.751268,1.61899],[124.751234,1.618988],[124.75119,1.61899],[124.751166,1.618997],[124.751114,1.619005],[124.75108,1.618999],[124.751059,1.618988],[124.751044,1.618978],[124.751025,1.618963],[124.750996,1.61897],[124.750973,1.618982],[124.750956,1.619003],[124.750945,1.619028],[124.750939,1.619062],[124.750939,1.619089],[124.750928,1.619121],[124.750899,1.61914],[124.750874,1.61914],[124.750861,1.619128],[124.750836,1.619109],[124.750825,1.619106],[124.7508,1.619111],[124.750789,1.619132],[124.750783,1.619146],[124.750768,1.619153],[124.750751,1.619168],[124.750734,1.619182],[124.750699,1.619195],[124.750671,1.619186],[124.750657,1.61917],[124.75065,1.619146],[124.750663,1.619109],[124.750669,1.619075],[124.750665,1.619049],[124.750642,1.61903],[124.750612,1.619018],[124.750589,1.619022],[124.750574,1.619037],[124.750551,1.61906],[124.750534,1.619071],[124.750507,1.619071],[124.750484,1.619062],[124.750465,1.619058],[124.750417,1.619071],[124.750412,1.619089],[124.750395,1.619109],[124.750376,1.619109],[124.750364,1.61909],[124.750362,1.619064],[124.750353,1.619037],[124.750336,1.61901],[124.750309,1.618993],[124.750282,1.61897],[124.750239,1.618953],[124.7502,1.618936],[124.750172,1.618911],[124.75016,1.618887],[124.75016,1.618864],[124.750164,1.618837],[124.75018,1.618805],[124.750193,1.618771],[124.750185,1.618744],[124.750174,1.618725],[124.750134,1.618719],[124.750082,1.618714],[124.750048,1.618727],[124.750027,1.618742],[124.749991,1.618753],[124.749957,1.618753],[124.749926,1.618738],[124.749902,1.618723],[124.749884,1.618708],[124.749856,1.618694],[124.749827,1.618694],[124.749812,1.618717],[124.74978,1.618734],[124.749759,1.618748],[124.749734,1.618752],[124.749715,1.618752],[124.749692,1.618755],[124.749671,1.61878],[124.749664,1.618805],[124.749656,1.618832],[124.749641,1.618866],[124.749626,1.618887],[124.749597,1.6189],[124.74958,1.6189],[124.749561,1.618887],[124.749553,1.618864],[124.749532,1.618843],[124.749485,1.61882],[124.749452,1.618795],[124.749428,1.618778],[124.749401,1.618767],[124.749365,1.618755],[124.749331,1.618752],[124.749304,1.618746],[124.74928,1.618743],[124.749247,1.61874],[124.749228,1.618752],[124.749216,1.61882],[124.749203,1.618862],[124.749195,1.618881],[124.749173,1.618894],[124.749148,1.618885],[124.749133,1.618873],[124.749098,1.61887],[124.749091,1.618915],[124.749104,1.618944],[124.749115,1.618984],[124.749104,1.619047],[124.749081,1.619085],[124.749055,1.619106],[124.74902,1.619119],[124.748986,1.619123],[124.748959,1.619115],[124.748933,1.619102],[124.748912,1.619098],[124.748872,1.619108],[124.748838,1.619108],[124.748807,1.619085],[124.748788,1.619068],[124.748763,1.619064],[124.748737,1.619064],[124.748704,1.619069],[124.748664,1.619071],[124.748634,1.619073],[124.748613,1.61909],[124.748613,1.619111],[124.748598,1.61913],[124.748571,1.619142],[124.748546,1.619146],[124.748508,1.619153],[124.748483,1.619167],[124.748464,1.619182],[124.748407,1.619189],[124.748384,1.619205],[124.748362,1.619218],[124.748343,1.61925],[124.748339,1.619279],[124.748341,1.619304],[124.748325,1.619334],[124.748289,1.619346],[124.748265,1.619346],[124.748242,1.619359],[124.748225,1.619395],[124.748215,1.619446],[124.748202,1.619484],[124.748188,1.619511],[124.748166,1.619538],[124.748148,1.619549],[124.748122,1.619551],[124.74808,1.619551],[124.748036,1.619559],[124.748,1.619559],[124.747966,1.619549],[124.74793,1.619561],[124.747762,1.619773],[124.747766,1.619812],[124.747758,1.619846],[124.747741,1.619867],[124.747716,1.619878],[124.747686,1.619886],[124.747673,1.619901],[124.747655,1.61992],[124.747652,1.619936],[124.747633,1.619966],[124.747621,1.619979],[124.747615,1.620004],[124.747621,1.620029],[124.747625,1.620048],[124.747594,1.620082],[124.747564,1.620092],[124.747537,1.620092],[124.747555,1.620017],[124.74756,1.619976],[124.747568,1.619932],[124.747602,1.619786],[124.747726,1.619288],[124.747754,1.61917],[124.747768,1.619094],[124.747764,1.619086],[124.747756,1.619086],[124.747748,1.619093],[124.747735,1.619161],[124.747708,1.619262],[124.747624,1.619605],[124.747539,1.619918],[124.747526,1.619962],[124.747504,1.620021],[124.747488,1.620079],[124.747478,1.620133],[124.747465,1.620135],[124.747448,1.620125],[124.747431,1.62012],[124.747417,1.620137],[124.74741,1.620152],[124.747393,1.620152],[124.747371,1.620152],[124.747351,1.620147],[124.747327,1.620144],[124.747298,1.620147],[124.747274,1.620164],[124.747249,1.620173],[124.747232,1.620179],[124.747196,1.620193],[124.747164,1.620196],[124.747125,1.620196],[124.747098,1.6202],[124.747074,1.620184],[124.747053,1.620157],[124.74703,1.620142],[124.746999,1.62014],[124.74698,1.620145],[124.746958,1.620161],[124.746943,1.620176],[124.746931,1.620186],[124.746912,1.620183],[124.746901,1.620171],[124.74687,1.620152],[124.746848,1.620135],[124.746839,1.62011],[124.746829,1.620086],[124.746804,1.620069],[124.746754,1.620052],[124.746724,1.620049],[124.746688,1.620037],[124.746658,1.620021],[124.746647,1.620008],[124.746646,1.619984],[124.746669,1.619967],[124.746709,1.619943],[124.746736,1.619923],[124.746761,1.619911],[124.746787,1.619914],[124.746807,1.619938],[124.746812,1.61996],[124.74681,1.619984],[124.746821,1.620008],[124.746851,1.620016],[124.746892,1.620008],[124.746924,1.619984],[124.746938,1.61997],[124.746955,1.619957],[124.746982,1.619948],[124.747008,1.619936],[124.747026,1.619909],[124.747026,1.619887],[124.74704,1.619867],[124.747048,1.619853],[124.747064,1.619841],[124.747081,1.619823],[124.747092,1.619812],[124.747109,1.619817],[124.74712,1.619838],[124.747143,1.619855],[124.747174,1.619855],[124.747206,1.619843],[124.747223,1.619829],[124.747244,1.619804],[124.747262,1.619785],[124.74729,1.619772],[124.747317,1.619755],[124.747335,1.619736],[124.747352,1.61971],[124.747356,1.619685],[124.747373,1.619658],[124.747388,1.619627],[124.747395,1.619581],[124.747402,1.619551],[124.747407,1.619505],[124.74741,1.619469],[124.74741,1.619444],[124.747417,1.619406],[124.747417,1.619379],[124.747412,1.619355],[124.747402,1.619335],[124.747366,1.619304],[124.747315,1.619313],[124.74729,1.619333],[124.747264,1.61936],[124.747242,1.619376],[124.747218,1.619376],[124.747188,1.619357],[124.747172,1.619332],[124.747149,1.619309],[124.747123,1.619281],[124.747094,1.619272],[124.747052,1.619272],[124.747016,1.619276],[124.746974,1.619289],[124.746955,1.619311],[124.746948,1.619338],[124.746936,1.619359],[124.746924,1.619362],[124.746894,1.619355],[124.74687,1.619347],[124.746838,1.619343],[124.746819,1.61936],[124.746797,1.619389],[124.746777,1.619423],[124.746766,1.619462],[124.74676,1.619493],[124.746753,1.619517],[124.746729,1.619558],[124.74671,1.619592],[124.746685,1.6196],[124.746656,1.619605],[124.746642,1.6196],[124.746642,1.619586],[124.746647,1.619558],[124.746675,1.619518],[124.746683,1.6195],[124.746693,1.619474],[124.746692,1.619451],[124.746685,1.619432],[124.746659,1.619411],[124.746635,1.6194],[124.746602,1.619401],[124.746579,1.619415],[124.746544,1.619422],[124.746522,1.619408],[124.746511,1.619389],[124.74651,1.619372],[124.746508,1.61935],[124.746505,1.619328],[124.7465,1.619284],[124.746489,1.61926],[124.746472,1.619238],[124.746461,1.619221],[124.746457,1.619197],[124.746445,1.61918],[124.746428,1.619175],[124.746403,1.619172],[124.746391,1.61916],[124.746381,1.619138],[124.746376,1.619118],[124.746376,1.619099],[124.746367,1.619078],[124.746357,1.61907],[124.746323,1.619067],[124.746294,1.619067],[124.746265,1.61908],[124.746248,1.619097],[124.746233,1.619109],[124.746219,1.619109],[124.746207,1.619095],[124.746197,1.619075],[124.746177,1.619058],[124.746151,1.619048],[124.746119,1.619051],[124.746095,1.619065],[124.746058,1.619094],[124.746044,1.619111],[124.746015,1.619126],[124.746,1.61914],[124.745992,1.619157],[124.745992,1.619177],[124.745997,1.619199],[124.745992,1.619218],[124.745968,1.619231],[124.745959,1.61925],[124.745949,1.61927],[124.745932,1.619279],[124.745905,1.619282],[124.745891,1.619298],[124.745873,1.61933],[124.745866,1.61936],[124.745871,1.619383],[124.745878,1.619403],[124.745883,1.61943],[124.745886,1.619456],[124.745888,1.619481],[124.745879,1.619498],[124.745857,1.619515],[124.745839,1.619544],[124.745825,1.619566],[124.745786,1.619598],[124.745757,1.619615],[124.745732,1.619619],[124.745711,1.619619],[124.745681,1.619622],[124.745659,1.619625],[124.745626,1.619607],[124.745613,1.619592],[124.745594,1.619576],[124.745587,1.619563],[124.745567,1.619547],[124.745548,1.619551],[124.745535,1.619571],[124.745523,1.619588],[124.745507,1.619605],[124.745492,1.619641],[124.745477,1.619661],[124.745458,1.619661],[124.745451,1.619646],[124.745436,1.619615],[124.745433,1.619585],[124.745433,1.619561],[124.745429,1.619537],[124.745438,1.61952],[124.745468,1.61952],[124.74549,1.619522],[124.745519,1.619508],[124.745535,1.619493],[124.745557,1.619478],[124.745582,1.619457],[124.745603,1.619444],[124.745618,1.619434],[124.745645,1.61944],[124.74564,1.619471],[124.745635,1.619498],[124.745643,1.61952],[124.745667,1.619529],[124.745699,1.619522],[124.745716,1.619505],[124.74575,1.619473],[124.745774,1.619457],[124.745798,1.619442],[124.74582,1.619393],[124.745823,1.619357],[124.745823,1.619337],[124.745823,1.619313],[124.745825,1.619293],[124.745834,1.619272],[124.745844,1.619248],[124.745849,1.619228],[124.745847,1.619175],[124.745851,1.619163],[124.745852,1.619145],[124.745854,1.619123],[124.745857,1.619094],[124.745861,1.619072],[124.745861,1.619046],[124.745856,1.619],[124.745854,1.618982],[124.745829,1.618949],[124.745815,1.618932],[124.745798,1.61891],[124.745778,1.618898],[124.74575,1.618892],[124.745738,1.61888],[124.745713,1.618864],[124.745694,1.618863],[124.745682,1.618871],[124.745671,1.618888],[124.745657,1.618902],[124.745638,1.618912],[124.745623,1.618922],[124.745606,1.618924],[124.745592,1.618914],[124.745587,1.618893],[124.745586,1.618869],[124.745586,1.618849],[124.745584,1.618827],[124.745577,1.618796],[124.745553,1.618788],[124.745518,1.618788],[124.745501,1.618788],[124.745479,1.618788],[124.745458,1.618781],[124.745439,1.618762],[124.745419,1.618751],[124.745395,1.618742],[124.745366,1.618734],[124.745332,1.618723],[124.745315,1.618722],[124.745298,1.61871],[124.745293,1.618691],[124.745295,1.618679],[124.745321,1.618655],[124.745324,1.61864],[124.745326,1.618611],[124.745305,1.618594],[124.745268,1.618577],[124.745236,1.61857],[124.745208,1.618565],[124.745186,1.61855],[124.745159,1.618543],[124.74514,1.618542],[124.745105,1.618542],[124.745083,1.618531],[124.745073,1.61852],[124.745067,1.618504],[124.745054,1.618484],[124.745035,1.618472],[124.745006,1.618472],[124.744974,1.61848],[124.744964,1.618472],[124.744971,1.618453],[124.744967,1.618435],[124.744959,1.618421],[124.744947,1.618402],[124.744938,1.618392],[124.744918,1.618389],[124.744899,1.618392],[124.744882,1.618406],[124.744874,1.618412],[124.744853,1.618419],[124.744814,1.618416],[124.744782,1.618407],[124.744763,1.618392],[124.744763,1.61838],[124.744775,1.61836],[124.744794,1.618351],[124.744794,1.618339],[124.74478,1.618324],[124.744753,1.618316],[124.744724,1.618304],[124.7447,1.618297],[124.74467,1.618277],[124.744661,1.618261],[124.744649,1.618241],[124.744639,1.618229],[124.744631,1.618205],[124.744605,1.618195],[124.744583,1.618195],[124.74457,1.618207],[124.744566,1.618224],[124.744566,1.618241],[124.744563,1.618254],[124.744553,1.618271],[124.744534,1.618271],[124.74452,1.618265],[124.744498,1.618246],[124.744481,1.618232],[124.744463,1.618217],[124.744424,1.618198],[124.744401,1.618181],[124.744378,1.618166],[124.744352,1.618158],[124.744322,1.618158],[124.744289,1.618147],[124.744274,1.618132],[124.744269,1.618108],[124.74425,1.618081],[124.744237,1.618068],[124.744216,1.618064],[124.744198,1.618074],[124.744172,1.618091],[124.74414,1.618105],[124.744119,1.6181],[124.744109,1.618081],[124.744106,1.618051],[124.744092,1.618015],[124.744074,1.617998],[124.744043,1.617979],[124.744012,1.617966],[124.743982,1.617955],[124.74396,1.617962],[124.743936,1.617978],[124.743904,1.617971],[124.7439,1.617961],[124.743895,1.617945],[124.743885,1.617922],[124.743878,1.617916],[124.743863,1.617916],[124.743834,1.617923],[124.743814,1.617935],[124.743805,1.617962],[124.743785,1.617972],[124.743764,1.617971],[124.743752,1.617954],[124.743746,1.617935],[124.743754,1.617898],[124.743749,1.617881],[124.743734,1.61786],[124.743715,1.617852],[124.743685,1.617835],[124.743664,1.617821],[124.743635,1.617803],[124.743618,1.617797],[124.743581,1.617796],[124.743559,1.617806],[124.743542,1.617837],[124.743523,1.617854],[124.743513,1.617872],[124.743491,1.617891],[124.743467,1.617894],[124.743435,1.617886],[124.743414,1.617857],[124.743411,1.617814],[124.743404,1.617789],[124.74338,1.617769],[124.743352,1.617753],[124.743333,1.617752],[124.743306,1.617748],[124.743279,1.617757],[124.74326,1.617784],[124.74325,1.617801],[124.743236,1.617813],[124.743219,1.617823],[124.743194,1.617823],[124.743178,1.617809],[124.743163,1.617784],[124.74316,1.617764],[124.743149,1.617714],[124.743136,1.61769],[124.743121,1.61768],[124.743071,1.617682],[124.743047,1.617696],[124.743017,1.617707],[124.743005,1.617724],[124.743,1.617752],[124.743,1.617787],[124.742983,1.617814],[124.742971,1.617825],[124.742954,1.617828],[124.742932,1.617831],[124.742917,1.617831],[124.74291,1.617823],[124.742908,1.617809],[124.742917,1.617787],[124.742912,1.617765],[124.742893,1.617743],[124.742871,1.617735],[124.742849,1.617736],[124.74283,1.61774],[124.742811,1.617728],[124.742806,1.617714],[124.742794,1.61769],[124.742794,1.617673],[124.742803,1.617658],[124.742815,1.617641],[124.742816,1.617622],[124.742801,1.617602],[124.742764,1.617587],[124.742721,1.61758],[124.742687,1.617578],[124.742645,1.617568],[124.742613,1.617553],[124.742577,1.617534],[124.74255,1.617515],[124.742541,1.617504],[124.742526,1.617481],[124.742517,1.617456],[124.742504,1.617442],[124.742478,1.617436],[124.742455,1.617441],[124.742426,1.617458],[124.742412,1.617475],[124.742392,1.61748],[124.74238,1.617471],[124.74238,1.617449],[124.74239,1.617429],[124.742387,1.617405],[124.742371,1.617385],[124.742356,1.617371],[124.742315,1.617363],[124.742297,1.617363],[124.742274,1.617366],[124.74226,1.617377],[124.742251,1.617385],[124.74224,1.617408],[124.742239,1.617448],[124.742244,1.617465],[124.742266,1.61749],[124.74229,1.6175],[124.742305,1.617514],[124.742307,1.617529],[124.742303,1.617546],[124.742293,1.617553],[124.742278,1.617546],[124.742259,1.617531],[124.742242,1.617514],[124.742213,1.617498],[124.742181,1.617481],[124.742162,1.617473],[124.74212,1.617466],[124.742084,1.617463],[124.742026,1.617446],[124.742016,1.617431],[124.742004,1.617408],[124.741989,1.6174],[124.741969,1.617393],[124.741916,1.617393],[124.741887,1.617391],[124.741862,1.617383],[124.741863,1.617368],[124.741884,1.617352],[124.741897,1.61733],[124.741906,1.617307],[124.741897,1.617279],[124.741884,1.617264],[124.741858,1.617244],[124.741829,1.617232],[124.741799,1.617223],[124.741783,1.61721],[124.741787,1.617182],[124.741806,1.61716],[124.741836,1.617154],[124.74186,1.617174],[124.741872,1.617198],[124.741891,1.617218],[124.741919,1.617228],[124.74194,1.61723],[124.741953,1.617211],[124.741953,1.617182],[124.741945,1.617145],[124.741931,1.617115],[124.741916,1.617087],[124.741899,1.617065],[124.741862,1.617048],[124.741824,1.617048],[124.741794,1.617057],[124.741763,1.617087],[124.741751,1.617115],[124.741738,1.617133],[124.741719,1.617145],[124.741692,1.61715],[124.741673,1.617154],[124.741653,1.617172],[124.741648,1.617193],[124.741636,1.61721],[124.741617,1.617211],[124.741581,1.617211],[124.741551,1.617215],[124.741527,1.617218],[124.741501,1.617222],[124.741486,1.61722],[124.741456,1.617201],[124.741456,1.617182],[124.741462,1.617159],[124.741473,1.617143],[124.741495,1.617115],[124.741507,1.617099],[124.741561,1.617058],[124.741585,1.617058],[124.741602,1.617053],[124.741615,1.61704],[124.74162,1.617026],[124.741622,1.616994],[124.74161,1.61697],[124.741583,1.61696],[124.741539,1.61695],[124.741507,1.616938],[124.741483,1.616923],[124.741473,1.616904],[124.741471,1.616883],[124.741464,1.616863],[124.741452,1.616853],[124.741434,1.616851],[124.741401,1.61686],[124.741371,1.616873],[124.741352,1.616912],[124.741347,1.616941],[124.741349,1.616975],[124.741337,1.617028],[124.741325,1.617048],[124.741303,1.617062],[124.741303,1.617098],[124.741303,1.617118],[124.741304,1.617137],[124.741301,1.617149],[124.741287,1.617149],[124.741274,1.617143],[124.74127,1.61713],[124.741269,1.617115],[124.74127,1.617091],[124.741274,1.617072],[124.741274,1.617031],[124.741267,1.617011],[124.741262,1.616989],[124.741259,1.616957],[124.741259,1.616916],[124.741259,1.616904],[124.741256,1.616896],[124.741238,1.616877],[124.741211,1.616868],[124.741191,1.616866],[124.741163,1.616866],[124.741129,1.616872],[124.741092,1.616887],[124.741077,1.616887],[124.741056,1.616887],[124.741033,1.616889],[124.741019,1.616907],[124.741016,1.616934],[124.741019,1.61696],[124.741026,1.616987],[124.741026,1.617016],[124.741027,1.617052],[124.741017,1.617067],[124.741002,1.617081],[124.740992,1.617094],[124.74098,1.617113],[124.740965,1.617118],[124.740953,1.617111],[124.740948,1.617096],[124.740937,1.617081],[124.740912,1.61707],[124.740892,1.617055],[124.740886,1.617041],[124.740895,1.617024],[124.740914,1.617014],[124.740931,1.617009],[124.740949,1.616982],[124.740954,1.61696],[124.74096,1.616941],[124.740963,1.616917],[124.740944,1.616894],[124.740927,1.616872],[124.740898,1.616853],[124.740881,1.616855],[124.740863,1.61688],[124.740849,1.616895],[124.740836,1.616899],[124.740827,1.616894],[124.74082,1.61688],[124.740808,1.616865],[124.740785,1.616863],[124.740768,1.616877],[124.740742,1.61689],[124.740723,1.6169],[124.74071,1.6169],[124.740681,1.616892],[124.740659,1.616885],[124.740644,1.616877],[124.740621,1.616863],[124.740591,1.616858],[124.74057,1.616865],[124.740555,1.616868],[124.74055,1.616856],[124.740548,1.616834],[124.74053,1.616812],[124.740514,1.616795],[124.740496,1.616776],[124.74047,1.616766],[124.740438,1.616763],[124.740423,1.616765],[124.740397,1.61677],[124.74038,1.616787],[124.740367,1.6168],[124.740348,1.616817],[124.740334,1.616829],[124.740324,1.616843],[124.740297,1.616843],[124.740277,1.616836],[124.740263,1.616819],[124.740249,1.616807],[124.740231,1.616795],[124.740212,1.616775],[124.74018,1.616768],[124.740156,1.616765],[124.74013,1.616756],[124.740107,1.616746],[124.740078,1.616744],[124.740052,1.616756],[124.740017,1.616765],[124.739979,1.616766],[124.73995,1.616744],[124.73995,1.616729],[124.739961,1.616712],[124.739976,1.6167],[124.739979,1.616683],[124.739959,1.616673],[124.739932,1.616669],[124.739884,1.616669],[124.739854,1.616671],[124.739828,1.616688],[124.739797,1.616697],[124.73976,1.616697],[124.739736,1.616695],[124.739723,1.616692],[124.739713,1.61668],[124.739709,1.616661],[124.739696,1.616637],[124.73967,1.616617],[124.739648,1.616605],[124.739612,1.616601],[124.739575,1.616607],[124.739548,1.616613],[124.739524,1.616613],[124.739507,1.616615],[124.739475,1.616627],[124.739441,1.616651],[124.739424,1.616668],[124.739403,1.6167],[124.739402,1.616725],[124.739388,1.616744],[124.739371,1.616754],[124.739344,1.616759],[124.739322,1.616768],[124.739298,1.616793],[124.739279,1.616805],[124.739245,1.616814],[124.739233,1.616833],[124.739225,1.616863],[124.73922,1.616877],[124.739208,1.616889],[124.739199,1.616877],[124.739186,1.616861],[124.739171,1.616856],[124.739159,1.616844],[124.739152,1.616822],[124.739147,1.616797],[124.739133,1.616775],[124.739115,1.616763],[124.739087,1.616759],[124.73906,1.616775],[124.739043,1.616795],[124.739035,1.616821],[124.739047,1.616839],[124.739065,1.61685],[124.739096,1.616861],[124.739115,1.61688],[124.739115,1.616899],[124.739106,1.616923],[124.739106,1.616945],[124.739092,1.616958],[124.739075,1.61695],[124.739062,1.616933],[124.73905,1.616912],[124.739035,1.616894],[124.739024,1.61688],[124.739018,1.616865],[124.739011,1.616846],[124.738997,1.616833],[124.738972,1.616821],[124.738957,1.616812],[124.738946,1.6168],[124.738945,1.616788],[124.738958,1.616768],[124.738982,1.616761],[124.739009,1.616742],[124.739038,1.616722],[124.739058,1.616695],[124.739072,1.616675],[124.739092,1.616656],[124.739125,1.616639],[124.739149,1.616627],[124.739177,1.616613],[124.739199,1.616595],[124.739223,1.616576],[124.739249,1.616573],[124.739274,1.616576],[124.7393,1.616586],[124.739344,1.616596],[124.739373,1.6166],[124.739407,1.616593],[124.739429,1.616579],[124.739444,1.616573],[124.739464,1.616564],[124.739495,1.616552],[124.739524,1.616551],[124.739555,1.616537],[124.73957,1.616525],[124.73959,1.616508],[124.739616,1.616488],[124.739656,1.616474],[124.739697,1.61646],[124.739736,1.616455],[124.739772,1.616466],[124.739809,1.616477],[124.73983,1.616501],[124.739867,1.61653],[124.739891,1.616539],[124.739928,1.616545],[124.739978,1.616551],[124.74003,1.616549],[124.740066,1.616545],[124.740102,1.616545],[124.740141,1.616552],[124.740176,1.616556],[124.7402,1.616556],[124.740221,1.616556],[124.740256,1.616551],[124.740295,1.616545],[124.740341,1.61654],[124.740387,1.616561],[124.740414,1.616576],[124.740436,1.616588],[124.740491,1.616593],[124.74054,1.616576],[124.740576,1.616549],[124.740579,1.616517],[124.740576,1.616488],[124.740557,1.616454],[124.74053,1.616425],[124.740475,1.616404],[124.740416,1.616401],[124.740351,1.616409],[124.7403,1.616409],[124.740268,1.616406],[124.740238,1.616389],[124.740221,1.616376],[124.740198,1.616362],[124.740178,1.61636],[124.740153,1.616372],[124.740125,1.616374],[124.740098,1.616357],[124.740078,1.616338],[124.740056,1.616326],[124.740035,1.616323],[124.740006,1.616345],[124.739976,1.61635],[124.739955,1.61635],[124.739938,1.616348],[124.739916,1.616347],[124.739889,1.616345],[124.739847,1.616349],[124.739813,1.616364],[124.739799,1.616377],[124.73975,1.616389],[124.739694,1.616396],[124.739643,1.616404],[124.739607,1.616404],[124.73956,1.616398],[124.739505,1.616399],[124.739464,1.616406],[124.739437,1.616404],[124.739425,1.616394],[124.739419,1.616379],[124.73941,1.616364],[124.739405,1.616353],[124.739407,1.616328],[124.73941,1.616285],[124.739398,1.616257],[124.73938,1.616248],[124.739357,1.61625],[124.73933,1.61626],[124.739318,1.616272],[124.739303,1.616326],[124.739296,1.616345],[124.739283,1.61636],[124.739278,1.616382],[124.73931,1.61642],[124.739337,1.616432],[124.739344,1.616449],[124.739346,1.616469],[124.739346,1.616479],[124.73934,1.616489],[124.739332,1.616498],[124.739313,1.616508],[124.739284,1.616511],[124.739262,1.616511],[124.739218,1.61652],[124.739196,1.616534],[124.739132,1.616552],[124.739106,1.616554],[124.739064,1.616567],[124.739023,1.616573],[124.739001,1.616566],[124.738975,1.616561],[124.738975,1.616537],[124.738991,1.616503],[124.739021,1.616493],[124.739043,1.616493],[124.739077,1.616489],[124.739108,1.616489],[124.739128,1.616481],[124.73914,1.616455],[124.73914,1.616437],[124.73913,1.616416],[124.739121,1.616394],[124.739121,1.616345],[124.739133,1.616314],[124.739142,1.616294],[124.739147,1.616267],[124.739145,1.616238],[124.739135,1.616206],[124.739116,1.61619],[124.739055,1.616192],[124.739035,1.616204],[124.739016,1.616233],[124.739009,1.616263],[124.739009,1.616304],[124.739016,1.616338],[124.739018,1.616372],[124.739011,1.616404],[124.738989,1.616437],[124.738974,1.616449],[124.738948,1.616459],[124.738924,1.616477],[124.73888,1.61651],[124.738827,1.61653],[124.738812,1.616545],[124.738801,1.616583],[124.738826,1.61661],[124.738851,1.616639],[124.738865,1.616664],[124.738872,1.616686],[124.738872,1.616705],[124.73887,1.616725],[124.738872,1.616748],[124.738872,1.616768],[124.738861,1.616788],[124.738841,1.616797],[124.738817,1.616797],[124.73879,1.616797],[124.738766,1.616805],[124.738754,1.616829],[124.738754,1.616853],[124.738749,1.61688],[124.738725,1.616894],[124.738698,1.616894],[124.73868,1.616916],[124.738635,1.616963],[124.738598,1.616994],[124.738564,1.617013],[124.73852,1.617028],[124.738496,1.617052],[124.738466,1.617101],[124.73845,1.617123],[124.738438,1.617138],[124.738432,1.61714],[124.738426,1.617133],[124.738421,1.61712],[124.738403,1.617115],[124.738387,1.61712],[124.738379,1.617137],[124.738367,1.617149],[124.73836,1.617149],[124.738352,1.617142],[124.738336,1.617138],[124.738319,1.617145],[124.738302,1.617162],[124.738287,1.617171],[124.738265,1.617171],[124.738229,1.617176],[124.738209,1.617191],[124.738185,1.617199],[124.738158,1.61722],[124.738144,1.61724],[124.738141,1.617264],[124.738126,1.617291],[124.738114,1.617303],[124.738099,1.61731],[124.73809,1.617325],[124.738092,1.617347],[124.738092,1.617366],[124.738077,1.617383],[124.738054,1.617393],[124.738032,1.617393],[124.738027,1.617373],[124.738022,1.617352],[124.738012,1.617339],[124.738019,1.617327],[124.738044,1.617323],[124.738053,1.617315],[124.738053,1.617293],[124.738054,1.617274],[124.738068,1.617249],[124.738075,1.617228],[124.738083,1.61721],[124.7381,1.617205],[124.738117,1.617193],[124.738119,1.617176],[124.738117,1.61715],[124.738116,1.617133],[124.738109,1.617116],[124.73809,1.617094],[124.738073,1.617089],[124.738058,1.617089],[124.738048,1.617104],[124.738027,1.617109],[124.738002,1.617099],[124.737983,1.617094],[124.737966,1.617094],[124.737941,1.617099],[124.737917,1.617108],[124.737907,1.617115],[124.737883,1.617135],[124.737869,1.61716],[124.737854,1.617188],[124.737844,1.617208],[124.737823,1.617216],[124.737806,1.617211],[124.737789,1.617196],[124.737788,1.617184],[124.737771,1.617172],[124.737737,1.617174],[124.737701,1.617189],[124.737682,1.617206],[124.737672,1.617225],[124.737652,1.617242],[124.737626,1.617239],[124.73762,1.617227],[124.737625,1.617186],[124.737636,1.617167],[124.737652,1.617149],[124.737662,1.617128],[124.737645,1.617108],[124.737621,1.617096],[124.737608,1.61707],[124.737606,1.617052],[124.737606,1.617033],[124.737623,1.617013],[124.737643,1.616982],[124.737653,1.61696],[124.737676,1.616941],[124.737696,1.616936],[124.737718,1.616946],[124.737738,1.61698],[124.737755,1.616991],[124.737795,1.616985],[124.737822,1.616968],[124.737839,1.616953],[124.737857,1.616934],[124.737881,1.616921],[124.737905,1.616912],[124.737927,1.616909],[124.737947,1.616917],[124.737951,1.616938],[124.73793,1.616958],[124.737903,1.616975],[124.737885,1.616989],[124.737876,1.617028],[124.737896,1.617035],[124.737929,1.617035],[124.737966,1.617035],[124.738002,1.617031],[124.738037,1.617019],[124.738058,1.617011],[124.738073,1.616996],[124.738099,1.616982],[124.738112,1.616957],[124.738129,1.616929],[124.738155,1.616919],[124.738184,1.616911],[124.738214,1.616892],[124.738231,1.616895],[124.738236,1.616909],[124.738233,1.616923],[124.738214,1.616948],[124.738207,1.616979],[124.738218,1.617002],[124.738238,1.617023],[124.738272,1.617033],[124.738318,1.617052],[124.738338,1.617065],[124.738355,1.617072],[124.738384,1.617072],[124.738404,1.617057],[124.738409,1.617045],[124.738418,1.617019],[124.738428,1.616997],[124.738447,1.616972],[124.738464,1.616955],[124.738474,1.616938],[124.738474,1.616921],[124.738455,1.616892],[124.738435,1.616875],[124.738399,1.616863],[124.73837,1.616861],[124.73834,1.616861],[124.738309,1.616853],[124.738292,1.616848],[124.738287,1.616841],[124.738282,1.616824],[124.738302,1.616799],[124.738326,1.61678],[124.738347,1.616775],[124.738401,1.616775],[124.738425,1.616785],[124.738443,1.616797],[124.738479,1.616817],[124.738503,1.616836],[124.738535,1.616839],[124.738559,1.616853],[124.738581,1.616865],[124.738608,1.616872],[124.738642,1.616865],[124.738671,1.616846],[124.738698,1.616833],[124.738729,1.616807],[124.738731,1.616787],[124.738724,1.616754],[124.738714,1.616741],[124.73871,1.616727],[124.738722,1.61671],[124.738744,1.616717],[124.738766,1.616727],[124.738788,1.61672],[124.738804,1.616703],[124.738809,1.616678],[124.738802,1.616658],[124.738768,1.616644],[124.738756,1.616635],[124.738753,1.616612],[124.738742,1.616584],[124.738731,1.616569],[124.738698,1.616559],[124.738671,1.616561],[124.738637,1.616566],[124.738618,1.616566],[124.73861,1.616552],[124.738607,1.616528],[124.738608,1.61652],[124.73862,1.616498],[124.738658,1.616467],[124.738669,1.616455],[124.738676,1.61644],[124.738709,1.616425],[124.738744,1.616416],[124.73878,1.616413],[124.738822,1.616386],[124.738833,1.61636],[124.738833,1.616318],[124.738831,1.616291],[124.738814,1.616263],[124.738792,1.616245],[124.738773,1.616236],[124.738731,1.616236],[124.738697,1.616238],[124.738661,1.616248],[124.738649,1.61626],[124.738641,1.616284],[124.738624,1.616299],[124.738601,1.616299],[124.738566,1.616301],[124.738547,1.616321],[124.738534,1.616347],[124.738503,1.61636],[124.738471,1.616355],[124.73845,1.616336],[124.738426,1.616311],[124.738393,1.616284],[124.738386,1.61626],[124.738377,1.616238],[124.738359,1.616209],[124.73834,1.61619],[124.738321,1.616177],[124.738267,1.616175],[124.738212,1.616177],[124.738165,1.616185],[124.738131,1.616197],[124.738104,1.616223],[124.738085,1.61625],[124.738051,1.616258],[124.738019,1.616251],[124.737998,1.616257],[124.737981,1.616277],[124.737958,1.616309],[124.737936,1.616325],[124.737917,1.61634],[124.737902,1.616365],[124.737886,1.616387],[124.737842,1.616387],[124.737827,1.616376],[124.737791,1.616374],[124.737755,1.616382],[124.73771,1.616381],[124.737669,1.616381],[124.737633,1.616396],[124.737613,1.616425],[124.737579,1.61646],[124.737555,1.616481],[124.737531,1.616508],[124.737519,1.616523],[124.737518,1.616552],[124.737512,1.616583],[124.737497,1.616607],[124.73747,1.616608],[124.737455,1.6166],[124.737439,1.616583],[124.737399,1.616567],[124.737368,1.616574],[124.737339,1.616595],[124.737315,1.616615],[124.737297,1.616624],[124.737266,1.616639],[124.737219,1.616676],[124.737196,1.616705],[124.737171,1.616736],[124.737163,1.616766],[124.737146,1.616783],[124.737127,1.616793],[124.737098,1.616793],[124.737079,1.61679],[124.737037,1.616822],[124.737025,1.616848],[124.737008,1.616883],[124.736989,1.616914],[124.73696,1.616928],[124.736925,1.616941],[124.736892,1.61695],[124.73686,1.616955],[124.736818,1.616962],[124.736792,1.616955],[124.736762,1.616954],[124.736736,1.616977],[124.736711,1.617004],[124.736694,1.617013],[124.73668,1.617024],[124.736661,1.617041],[124.736644,1.617067],[124.736639,1.617087],[124.736626,1.617111],[124.736617,1.617125],[124.736614,1.617147],[124.736614,1.617169],[124.736627,1.617189],[124.736641,1.617206],[124.736655,1.617232],[124.736656,1.617232],[124.736651,1.617266],[124.736636,1.617284],[124.736612,1.617293],[124.736588,1.617305],[124.736575,1.617322],[124.736561,1.617339],[124.736559,1.617364],[124.736573,1.617378],[124.736592,1.617397],[124.736597,1.61741],[124.736587,1.617427],[124.736566,1.617434],[124.736544,1.617434],[124.736527,1.617424],[124.73651,1.617407],[124.736495,1.617378],[124.736485,1.617356],[124.736473,1.617335],[124.736461,1.617323],[124.736438,1.617311],[124.736383,1.61731],[124.736352,1.617318],[124.736327,1.617329],[124.736308,1.617358],[124.736296,1.617393],[124.736299,1.617419],[124.736308,1.617448],[124.73632,1.617465],[124.736339,1.617481],[124.736352,1.617492],[124.736373,1.617502],[124.736407,1.617524],[124.736412,1.617549],[124.73641,1.617575],[124.736398,1.617595],[124.736383,1.617609],[124.736344,1.617609],[124.736333,1.6176],[124.736322,1.61758],[124.736311,1.617565],[124.736299,1.617561],[124.736277,1.617556],[124.73624,1.617555],[124.736216,1.617555],[124.736187,1.617556],[124.736175,1.617561],[124.736158,1.61758],[124.736153,1.617595],[124.736153,1.617673],[124.736131,1.61769],[124.736096,1.617702],[124.736077,1.617704],[124.73606,1.617707],[124.73605,1.617716],[124.73605,1.617731],[124.736041,1.61774],[124.736016,1.617747],[124.735997,1.617747],[124.735983,1.617747],[124.735973,1.617762],[124.735975,1.617777],[124.735965,1.617792],[124.735934,1.617799],[124.735907,1.617799],[124.735882,1.617806],[124.735853,1.617823],[124.735844,1.617845],[124.735854,1.617867],[124.735865,1.617894],[124.735865,1.617944],[124.73587,1.617969],[124.735893,1.617995],[124.735922,1.618017],[124.735936,1.618027],[124.735963,1.618032],[124.735995,1.61802],[124.736006,1.61802],[124.736026,1.61803],[124.736031,1.618044],[124.736028,1.618057],[124.736011,1.618071],[124.736007,1.618103],[124.735994,1.61811],[124.735973,1.618119],[124.735953,1.618129],[124.735938,1.618149],[124.735933,1.618171],[124.735933,1.618198],[124.735922,1.618226],[124.735912,1.618248],[124.735905,1.618283],[124.735907,1.618304],[124.735933,1.618329],[124.735956,1.618348],[124.735995,1.618368],[124.736017,1.618382],[124.736058,1.618401],[124.736104,1.61844],[124.736124,1.618453],[124.736152,1.61847],[124.736184,1.618491],[124.736198,1.618514],[124.736196,1.61854],[124.736167,1.618569],[124.73614,1.618591],[124.736128,1.618606],[124.736111,1.61864],[124.736106,1.618667],[124.736108,1.6187],[124.736116,1.61872],[124.736136,1.618747],[124.73616,1.618756],[124.736201,1.618756],[124.736235,1.618742],[124.736271,1.618722],[124.736298,1.618703],[124.73631,1.618686],[124.736325,1.618652],[124.736333,1.618625],[124.736344,1.618591],[124.736354,1.618562],[124.736369,1.618547],[124.736388,1.618559],[124.736398,1.618577],[124.736412,1.618594],[124.73644,1.618599],[124.736459,1.618594],[124.736485,1.618594],[124.7365,1.618611],[124.736507,1.61863],[124.736508,1.618659],[124.736497,1.618679],[124.736457,1.618696],[124.736434,1.618706],[124.73642,1.618728],[124.73642,1.618751],[124.736434,1.618783],[124.736466,1.618813],[124.736486,1.61882],[124.736507,1.61882],[124.736519,1.618836],[124.736491,1.618851],[124.736444,1.618846],[124.73642,1.618839],[124.736369,1.618846],[124.736344,1.618847],[124.736318,1.618844],[124.736289,1.618836],[124.736254,1.618836],[124.736223,1.618844],[124.736211,1.618871],[124.736225,1.618912],[124.736252,1.618934],[124.736281,1.618939],[124.736322,1.618922],[124.73634,1.618907],[124.736373,1.618897],[124.7364,1.6189],[124.736425,1.618917],[124.736456,1.618932],[124.736485,1.618932],[124.736508,1.618932],[124.736524,1.618948],[124.736529,1.618975],[124.736537,1.618999],[124.736561,1.619017],[124.736588,1.619022],[124.736624,1.619004],[124.736646,1.618997],[124.736673,1.619],[124.736687,1.619017],[124.736689,1.619038],[124.736682,1.61906],[124.736665,1.619077],[124.736656,1.619119],[124.736672,1.619155],[124.736692,1.619168],[124.736721,1.619175],[124.736743,1.619157],[124.736751,1.61914],[124.736784,1.619107],[124.736809,1.619107],[124.736813,1.619129],[124.736801,1.619165],[124.736777,1.619191],[124.736763,1.619211],[124.736736,1.619233],[124.736711,1.619238],[124.736649,1.619233],[124.736629,1.619236],[124.736602,1.619259],[124.736583,1.619286],[124.736578,1.619315],[124.736581,1.619337],[124.73657,1.619359],[124.736551,1.619362],[124.736517,1.619362],[124.736493,1.619367],[124.736485,1.6194],[124.736483,1.619428],[124.736468,1.619439],[124.736443,1.61942],[124.736429,1.619396],[124.736401,1.619396],[124.736378,1.619408],[124.736364,1.61942],[124.736342,1.619432],[124.73631,1.619444],[124.736284,1.619461],[124.736259,1.619483],[124.736243,1.619508],[124.736233,1.619541],[124.736235,1.619566],[124.736267,1.619607],[124.736281,1.619624],[124.736289,1.619653],[124.736289,1.619687],[124.736286,1.61971],[124.736272,1.619729],[124.736262,1.619748],[124.73625,1.619772],[124.736223,1.619795],[124.73622,1.619816],[124.736226,1.619841],[124.736249,1.61986],[124.73626,1.619875],[124.73627,1.619911],[124.736291,1.619957],[124.73631,1.619975],[124.73633,1.619984],[124.736349,1.619992],[124.736366,1.620001],[124.736388,1.620008],[124.736398,1.620021],[124.736396,1.62005],[124.736364,1.620074],[124.73633,1.620074],[124.736303,1.620065],[124.736286,1.620049],[124.736276,1.620038],[124.73625,1.620037],[124.736218,1.620059],[124.736191,1.620084],[124.736169,1.620098],[124.736148,1.620105],[124.736124,1.620108],[124.736114,1.620113],[124.736113,1.620132],[124.736106,1.620159],[124.736109,1.620181],[124.736114,1.620198],[124.736116,1.620218],[124.736102,1.620237],[124.736084,1.620254],[124.736077,1.620281],[124.736085,1.62032],[124.736072,1.620353],[124.736062,1.620388],[124.73604,1.620427],[124.736021,1.620446],[124.736,1.620461],[124.735989,1.62048],[124.735989,1.620514],[124.736,1.620538],[124.736002,1.620563],[124.735992,1.62058],[124.73597,1.620584],[124.735958,1.620582],[124.735943,1.620582],[124.735916,1.620597],[124.735902,1.620619],[124.735897,1.620641],[124.73588,1.620674],[124.73587,1.620689],[124.735848,1.620713],[124.735844,1.620737],[124.735858,1.62076],[124.735859,1.620779],[124.735858,1.62081],[124.735846,1.62084],[124.735854,1.620871],[124.735866,1.620884],[124.735876,1.620889],[124.735897,1.620896],[124.735917,1.620913],[124.735933,1.620937],[124.735916,1.620973],[124.735907,1.620998],[124.735895,1.621036],[124.735885,1.621061],[124.735862,1.621069],[124.735839,1.621066],[124.73582,1.621068],[124.735802,1.621081],[124.735768,1.6211],[124.735741,1.621114],[124.735725,1.621136],[124.735718,1.621163],[124.735718,1.621197],[124.735722,1.621245],[124.735724,1.621268],[124.735712,1.621294],[124.735696,1.621318],[124.73569,1.621355],[124.73569,1.621375],[124.735681,1.621394],[124.735666,1.621416],[124.735666,1.621469],[124.735674,1.621489],[124.735683,1.621511],[124.735684,1.621535],[124.735674,1.621572],[124.735676,1.6216],[124.735684,1.621617],[124.7357,1.621635],[124.735701,1.621666],[124.735705,1.621703],[124.73572,1.621725],[124.735741,1.621739],[124.735754,1.621741],[124.735771,1.621751],[124.735775,1.621769],[124.735764,1.621795],[124.735764,1.621824],[124.735776,1.621848],[124.735786,1.621863],[124.735802,1.621877],[124.735815,1.621888],[124.735829,1.621912],[124.735837,1.621934],[124.735853,1.62196],[124.735871,1.621978],[124.735888,1.621989],[124.735916,1.621999],[124.735924,1.622001],[124.735946,1.622016],[124.735958,1.622019],[124.735978,1.622016],[124.735997,1.622012],[124.736019,1.622016],[124.736033,1.622033],[124.736051,1.62205],[124.736074,1.622068],[124.736091,1.622094],[124.736094,1.622125],[124.736084,1.622157],[124.736067,1.62217],[124.736055,1.622196],[124.73605,1.622238],[124.736038,1.62226],[124.736019,1.62226],[124.736006,1.62226],[124.735987,1.622272],[124.735983,1.622303],[124.73599,1.62234],[124.736006,1.622359],[124.736034,1.622371],[124.73607,1.622356],[124.736091,1.62233],[124.736109,1.622294],[124.736133,1.622277],[124.73616,1.622272],[124.736187,1.622291],[124.736189,1.622327],[124.736179,1.622356],[124.736191,1.622388],[124.736198,1.622412],[124.736162,1.622424],[124.736141,1.622429],[124.736111,1.622444],[124.736094,1.622461],[124.736085,1.622493],[124.736085,1.622534],[124.736097,1.622571],[124.736108,1.62261],[124.736109,1.622633],[124.736101,1.622653],[124.736087,1.622675],[124.736085,1.622702],[124.736094,1.622728],[124.736108,1.622741],[124.73613,1.62276],[124.736157,1.622762],[124.736184,1.622762],[124.736218,1.622765],[124.73625,1.622763],[124.736277,1.62276],[124.736335,1.622741],[124.736357,1.622748],[124.736373,1.62277],[124.736374,1.622801],[124.736359,1.622826],[124.736325,1.622845],[124.736298,1.622864],[124.73626,1.622881],[124.73623,1.622886],[124.736203,1.622886],[124.736169,1.622886],[124.736126,1.622884],[124.736074,1.622881],[124.73605,1.622886],[124.736034,1.622915],[124.736046,1.62295],[124.73607,1.622979],[124.736102,1.622994],[124.736138,1.623001],[124.736169,1.623001],[124.736233,1.622989],[124.736269,1.622979],[124.736306,1.622965],[124.736362,1.622937],[124.736395,1.622933],[124.736446,1.622925],[124.736502,1.622928],[124.736531,1.622955],[124.736541,1.622994],[124.736517,1.623015],[124.736478,1.623045],[124.736468,1.623095],[124.736483,1.62314],[124.736515,1.623161],[124.736532,1.623183],[124.736536,1.623217],[124.736525,1.623241],[124.736503,1.623261],[124.736471,1.62327],[124.736434,1.623256],[124.736412,1.623237],[124.736364,1.623222],[124.736327,1.623225],[124.736296,1.623249],[124.736293,1.623283],[124.736311,1.623322],[124.736366,1.623355],[124.736379,1.623377],[124.736435,1.62338],[124.736476,1.623387],[124.736503,1.623409],[124.736502,1.623455],[124.736474,1.623501],[124.736461,1.623543],[124.736451,1.623582],[124.736437,1.6236],[124.736413,1.623628],[124.736403,1.62366],[124.736425,1.623703],[124.736424,1.623728],[124.736403,1.623749],[124.736379,1.623769],[124.736379,1.62381],[124.736395,1.623832],[124.736422,1.623846],[124.736444,1.623886],[124.736444,1.623902],[124.736439,1.623922],[124.736422,1.623954],[124.736417,1.62399],[124.736425,1.624017],[124.736446,1.624029],[124.736456,1.624068],[124.736461,1.624109],[124.736461,1.624155],[124.736457,1.624199],[124.736454,1.624246],[124.736463,1.624282],[124.736478,1.624306],[124.736512,1.624328],[124.736558,1.624343],[124.736604,1.624367],[124.736646,1.624401],[124.736675,1.624413],[124.736697,1.624413],[124.736714,1.624396],[124.736726,1.624372],[124.736729,1.62434],[124.736738,1.624331],[124.736753,1.62433],[124.736775,1.62433],[124.736816,1.62433],[124.736831,1.624323],[124.736858,1.62432],[124.73687,1.624331],[124.736904,1.624328],[124.736918,1.624309],[124.73694,1.624287],[124.736957,1.624299],[124.73696,1.624323],[124.736954,1.624352],[124.73693,1.624367],[124.736896,1.624379],[124.736867,1.624393],[124.736836,1.624404],[124.736802,1.624411],[124.736794,1.624408],[124.736762,1.624404],[124.736738,1.62442],[124.736707,1.624452],[124.736702,1.624479],[124.73669,1.624506],[124.736677,1.624513],[124.736648,1.624518],[124.736619,1.62452],[124.736585,1.62452],[124.736553,1.624527],[124.736527,1.624556],[124.736515,1.624591],[124.736529,1.624632],[124.736568,1.624654],[124.736604,1.624659],[124.736627,1.624654],[124.736649,1.624654],[124.736678,1.624659],[124.736719,1.624678],[124.736721,1.624692],[124.736702,1.624705],[124.736699,1.624724],[124.736714,1.624743],[124.736733,1.624753],[124.736751,1.62476],[124.736768,1.624768],[124.73678,1.624793],[124.736792,1.624829],[124.736814,1.624841],[124.736841,1.624829],[124.736865,1.624836],[124.736874,1.624855],[124.736875,1.624889],[124.736847,1.624901],[124.736823,1.624901],[124.736792,1.624897],[124.736763,1.624889],[124.736741,1.624877],[124.736728,1.624856],[124.736716,1.624834],[124.736697,1.624816],[124.736677,1.624804],[124.736653,1.62481],[124.736624,1.624823],[124.736605,1.624805],[124.736583,1.624799],[124.736568,1.624802],[124.736565,1.624821],[124.736559,1.624844],[124.736548,1.624875],[124.736541,1.624899],[124.73651,1.624921],[124.7365,1.624948],[124.736503,1.624975],[124.73652,1.624994],[124.736537,1.624997],[124.736568,1.624993],[124.736598,1.624972],[124.736614,1.624979],[124.736632,1.624989],[124.736663,1.624987],[124.736682,1.624977],[124.736702,1.624974],[124.736724,1.624989],[124.73676,1.624996],[124.73679,1.624991],[124.736824,1.624996],[124.736853,1.625011],[124.736864,1.625035],[124.736858,1.625043],[124.736836,1.625043],[124.736807,1.625042],[124.736765,1.625048],[124.736734,1.625057],[124.736694,1.625059],[124.736668,1.625053],[124.736648,1.625053],[124.736622,1.625052],[124.736597,1.625045],[124.736578,1.625042],[124.736552,1.62504],[124.73652,1.625045],[124.736498,1.625048],[124.736471,1.625059],[124.736454,1.625065],[124.736435,1.625072],[124.736417,1.625084],[124.736407,1.625109],[124.736407,1.625137],[124.73642,1.625169],[124.736429,1.625196],[124.736435,1.625232],[124.736444,1.625252],[124.736476,1.62527],[124.736527,1.625264],[124.736551,1.625264],[124.73658,1.625276],[124.736615,1.625288],[124.736639,1.625288],[124.736668,1.625274],[124.736692,1.625276],[124.736721,1.625298],[124.736733,1.62532],[124.736733,1.625335],[124.736692,1.625344],[124.736653,1.625346],[124.736612,1.625349],[124.73659,1.625352],[124.736556,1.625351],[124.736534,1.625334],[124.736507,1.625322],[124.736476,1.625324],[124.736432,1.625329],[124.736407,1.625329],[124.736374,1.62533],[124.736354,1.625356],[124.736354,1.62538],[124.736362,1.6254],[124.736347,1.625424],[124.73633,1.625434],[124.736308,1.625436],[124.736284,1.625434],[124.73626,1.625449],[124.736259,1.625476],[124.736247,1.625502],[124.73624,1.625516],[124.736225,1.625539],[124.736225,1.62557],[124.736247,1.625595],[124.736264,1.6256],[124.736288,1.625597],[124.736311,1.625592],[124.736333,1.6256],[124.736339,1.625616],[124.736308,1.625633],[124.736294,1.625657],[124.736293,1.625679],[124.736294,1.625697],[124.736311,1.625711],[124.73634,1.625724],[124.736369,1.625731],[124.736396,1.625728],[124.736418,1.625709],[124.736429,1.62568],[124.73644,1.625658],[124.736478,1.625658],[124.736503,1.625674],[124.736497,1.625691],[124.736485,1.625713],[124.73649,1.625748],[124.73651,1.625777],[124.736546,1.625794],[124.736619,1.625818],[124.736631,1.625818],[124.73666,1.625823],[124.736678,1.625842],[124.736692,1.625884],[124.736695,1.625918],[124.736687,1.62595],[124.736677,1.625993],[124.736673,1.626042],[124.736673,1.626102],[124.736689,1.626132],[124.736726,1.626151],[124.736734,1.626168],[124.736736,1.626183],[124.736721,1.626202],[124.736697,1.626222],[124.736689,1.626263],[124.736687,1.626283],[124.736707,1.626304],[124.736746,1.626329],[124.736775,1.626343],[124.736818,1.626356],[124.736858,1.626355],[124.736875,1.626348],[124.736909,1.626339],[124.736947,1.626341],[124.736994,1.626356],[124.737045,1.626384],[124.737093,1.626404],[124.737149,1.626438],[124.737166,1.626467],[124.737168,1.626494],[124.737154,1.626537],[124.737122,1.626543],[124.737081,1.626528],[124.737049,1.626499],[124.737001,1.626467],[124.736926,1.626441],[124.736877,1.62645],[124.736843,1.626499],[124.736843,1.626552],[124.736877,1.626598],[124.736904,1.626615],[124.736969,1.626647],[124.73702,1.626683],[124.737052,1.626732],[124.737064,1.626785],[124.737061,1.62683],[124.737028,1.626892],[124.737025,1.626944],[124.737059,1.626983],[124.737089,1.627012],[124.737103,1.627051],[124.7371,1.627092],[124.737086,1.627124],[124.737061,1.627143],[124.737028,1.627152],[124.736986,1.627155],[124.73696,1.627163],[124.736943,1.627191],[124.736935,1.627231],[124.736943,1.627279],[124.736938,1.62733],[124.736938,1.627408],[124.73693,1.627442],[124.736948,1.62751],[124.736965,1.627539],[124.736988,1.627561],[124.73703,1.627598],[124.737049,1.627603],[124.7371,1.627626],[124.737113,1.627666],[124.737115,1.627707],[124.737106,1.627753],[124.737134,1.627794],[124.737173,1.627807],[124.7372,1.627828],[124.737207,1.627848],[124.737208,1.627882],[124.737212,1.627914],[124.737258,1.627992],[124.737261,1.627998],[124.737295,1.628015],[124.737324,1.628018],[124.73736,1.62802],[124.737395,1.628023],[124.737439,1.628032],[124.737475,1.628032],[124.737519,1.628023],[124.73757,1.628067],[124.737611,1.62811],[124.737635,1.628137],[124.73767,1.628178],[124.73772,1.628193],[124.737747,1.628193],[124.737776,1.628198],[124.73781,1.628195],[124.737837,1.628205],[124.737827,1.628232],[124.737798,1.628244],[124.737776,1.628269],[124.737779,1.628315],[124.737822,1.628349],[124.737849,1.628365],[124.73789,1.62839],[124.737924,1.628399],[124.737949,1.628417],[124.737952,1.628449],[124.73798,1.628495],[124.738031,1.628528],[124.738056,1.628553],[124.738058,1.628579],[124.738044,1.628621],[124.738024,1.628635],[124.738009,1.628657],[124.738005,1.628689],[124.738019,1.628715],[124.738046,1.628726],[124.738061,1.628776],[124.738046,1.628827],[124.738046,1.628857],[124.738066,1.628893],[124.738117,1.628934],[124.738122,1.628968],[124.738112,1.628993],[124.738092,1.629012],[124.738092,1.629053],[124.738114,1.629081],[124.73815,1.629098],[124.738155,1.629122],[124.738148,1.629151],[124.738146,1.629187],[124.738148,1.629204],[124.738133,1.629231],[124.738139,1.629253],[124.738165,1.629285],[124.738192,1.629297],[124.738245,1.629292],[124.738279,1.629245],[124.73833,1.629217],[124.738379,1.629199],[124.738425,1.629195],[124.738459,1.629216],[124.738489,1.629258],[124.738494,1.629302],[124.738474,1.629341],[124.738445,1.629353],[124.738411,1.62937],[124.738376,1.629396],[124.738362,1.62943],[124.738369,1.629476],[124.738381,1.629484],[124.738399,1.629498],[124.738406,1.629528],[124.738398,1.629555],[124.73837,1.629576],[124.738336,1.629608],[124.738336,1.629671],[124.73836,1.629705],[124.738418,1.629725],[124.73846,1.62971],[124.738508,1.629681],[124.738554,1.629664],[124.738613,1.629652],[124.738695,1.629646],[124.738737,1.629639],[124.738758,1.629649],[124.738763,1.629676],[124.738746,1.629693],[124.738712,1.6297],[124.738668,1.629703],[124.738629,1.629707],[124.738588,1.629724],[124.738544,1.629751],[124.738501,1.629776],[124.738472,1.629785],[124.738459,1.629802],[124.738454,1.629844],[124.738469,1.629875],[124.738488,1.629897],[124.738489,1.629943],[124.738494,1.62998],[124.738522,1.630007],[124.738545,1.630021],[124.738571,1.630031],[124.738588,1.630053],[124.7386,1.630092],[124.738612,1.630147],[124.738591,1.630194],[124.73859,1.630225],[124.738607,1.630279],[124.738624,1.630305],[124.738629,1.630357],[124.738625,1.630379],[124.738617,1.630412],[124.738617,1.630442],[124.738625,1.63049],[124.738652,1.630522],[124.738683,1.630551],[124.738705,1.63059],[124.738722,1.630626],[124.738741,1.630653],[124.738766,1.63066],[124.738788,1.630655],[124.738812,1.630653],[124.738834,1.63066],[124.738827,1.630695],[124.738792,1.630719],[124.73877,1.630736],[124.738754,1.630762],[124.738763,1.630818],[124.738782,1.630852],[124.738821,1.630857],[124.738851,1.630862],[124.738885,1.630859],[124.738926,1.630852],[124.738967,1.630843],[124.739013,1.630821],[124.739062,1.630794],[124.739099,1.63077],[124.739138,1.630734],[124.739164,1.630723],[124.739184,1.630728],[124.73921,1.630753],[124.739218,1.63078],[124.739194,1.630799],[124.739155,1.630809],[124.73913,1.630819],[124.739106,1.630838],[124.739099,1.630869],[124.739108,1.630896],[124.739113,1.63092],[124.739111,1.63095],[124.739111,1.630979],[124.73912,1.631006],[124.739138,1.63103],[124.739184,1.631052],[124.739203,1.631059],[124.739225,1.631074],[124.739233,1.631095],[124.73923,1.631124],[124.739237,1.631151],[124.739257,1.631171],[124.739286,1.631171],[124.739295,1.631152],[124.739305,1.631124],[124.739329,1.631084],[124.739342,1.631067],[124.739359,1.63104],[124.739381,1.631035],[124.739417,1.631023],[124.739441,1.631017],[124.739464,1.631022],[124.739485,1.631039],[124.739488,1.631062],[124.739468,1.631074],[124.739444,1.631083],[124.739403,1.631098],[124.739383,1.63112],[124.739381,1.631147],[124.739402,1.631195],[124.739417,1.631208],[124.739442,1.631217],[124.739488,1.631234],[124.739502,1.631242],[124.739504,1.631263],[124.739485,1.631275],[124.739456,1.631282],[124.739415,1.63127],[124.739393,1.631268],[124.73938,1.631283],[124.739368,1.631317],[124.73938,1.631338],[124.739393,1.631356],[124.739419,1.631363],[124.739442,1.63138],[124.739459,1.6314],[124.739488,1.631462],[124.739505,1.631467],[124.739534,1.631458],[124.739549,1.631423],[124.739568,1.631382],[124.739578,1.631355],[124.739602,1.631333],[124.739663,1.631304],[124.739692,1.631302],[124.739724,1.6313],[124.73975,1.631282],[124.739774,1.631297],[124.739787,1.631338],[124.739784,1.631365],[124.739797,1.631406],[124.739823,1.631429],[124.739852,1.631411],[124.739864,1.631361],[124.739871,1.631333],[124.739888,1.631293],[124.739933,1.631287],[124.739978,1.631314],[124.74001,1.631346],[124.740057,1.631356],[124.740081,1.631355],[124.740119,1.631321],[124.740132,1.631278],[124.740125,1.631258],[124.740112,1.631225],[124.740093,1.631198],[124.740083,1.631169],[124.740083,1.631139],[124.740096,1.631115],[124.740124,1.631088],[124.740163,1.631084],[124.74021,1.631078],[124.740239,1.63111],[124.740261,1.631139],[124.740319,1.631171],[124.740334,1.631205],[124.740355,1.631242],[124.740385,1.63127],[124.740404,1.63129],[124.740409,1.631321],[124.740414,1.631346],[124.740429,1.631385],[124.740446,1.631387],[124.740497,1.631395],[124.740535,1.631395],[124.740567,1.631412],[124.740569,1.631429],[124.740537,1.63144],[124.740503,1.631457],[124.740496,1.631482],[124.740508,1.631513],[124.74054,1.631536],[124.740582,1.631553],[124.740615,1.631575],[124.740659,1.631586],[124.740698,1.631584],[124.74074,1.631601],[124.740764,1.631626],[124.740781,1.631645],[124.740802,1.631667],[124.7408,1.631694],[124.74079,1.631723],[124.740781,1.631749],[124.740781,1.631776],[124.740795,1.631806],[124.740822,1.631844],[124.740839,1.631864],[124.740861,1.631874],[124.74091,1.631885],[124.740939,1.631886],[124.74099,1.631895],[124.741019,1.631914],[124.741022,1.631934],[124.740985,1.631959],[124.740988,1.63199],[124.741004,1.632009],[124.741033,1.632021],[124.741075,1.632022],[124.741106,1.632005],[124.741118,1.631978],[124.741128,1.631953],[124.741153,1.631948],[124.741165,1.631981],[124.741189,1.632026],[124.741211,1.632055],[124.741208,1.632112],[124.741216,1.63215],[124.741243,1.632177],[124.741315,1.63219],[124.741372,1.632189],[124.741435,1.632196],[124.741462,1.632219],[124.7415,1.632236],[124.741527,1.632238],[124.741542,1.632213],[124.741552,1.632184],[124.741578,1.63218],[124.741595,1.632209],[124.741605,1.632255],[124.741605,1.632296],[124.741607,1.632333],[124.741609,1.632386],[124.741626,1.63241],[124.74163,1.63243],[124.741636,1.632461],[124.741653,1.632489],[124.741677,1.632506],[124.741719,1.632526],[124.74176,1.632537],[124.741794,1.63253],[124.741807,1.632499],[124.741814,1.632472],[124.741825,1.632434],[124.741862,1.632424],[124.741896,1.632465],[124.741896,1.632492],[124.741903,1.632526],[124.741927,1.632554],[124.741972,1.632564],[124.742006,1.632581],[124.742054,1.632602],[124.742136,1.632636],[124.74216,1.63266],[124.74218,1.632667],[124.742194,1.632691],[124.742198,1.632714],[124.742208,1.632735],[124.742222,1.632756],[124.742249,1.632769],[124.742273,1.632769],[124.742304,1.632769],[124.742331,1.632769],[124.742365,1.632745],[124.742372,1.632728],[124.742396,1.632721],[124.742413,1.632738],[124.742417,1.632762],[124.74241,1.632786],[124.742403,1.632821],[124.742403,1.632851],[124.742423,1.632875],[124.742461,1.632875],[124.742482,1.632875],[124.742519,1.632858],[124.74255,1.632838],[124.742564,1.632817],[124.742581,1.632793],[124.742615,1.63279],[124.742622,1.632814],[124.742622,1.632845],[124.742618,1.632868],[124.742632,1.632896],[124.74267,1.632899],[124.742697,1.632896],[124.742728,1.632851],[124.742745,1.63281],[124.742766,1.632769],[124.742776,1.632742],[124.742796,1.632718],[124.74282,1.632718],[124.742865,1.632718],[124.742899,1.632735],[124.742933,1.632752],[124.742954,1.63278],[124.742981,1.63281],[124.743032,1.632821],[124.74305,1.632814],[124.743067,1.632786],[124.743087,1.632749],[124.743101,1.632728],[124.743139,1.632721],[124.743176,1.632721],[124.743214,1.632728],[124.743238,1.632728],[124.743251,1.632704],[124.743248,1.632661],[124.743238,1.632615],[124.743234,1.632598],[124.743245,1.632584],[124.743279,1.632598],[124.743299,1.632615],[124.743338,1.632657],[124.743337,1.632694],[124.74334,1.632738],[124.743361,1.632773],[124.743392,1.632797],[124.743433,1.632814],[124.743498,1.632855],[124.743512,1.632879],[124.743522,1.632906],[124.743556,1.63292],[124.743594,1.63292],[124.743624,1.63291],[124.743659,1.632899],[124.743689,1.63291],[124.743717,1.63293],[124.743741,1.632944],[124.743778,1.632951],[124.743806,1.632944],[124.74382,1.632916],[124.743828,1.632857],[124.74384,1.632814],[124.743881,1.632807],[124.743922,1.632838],[124.743939,1.632892],[124.743994,1.632916],[124.744015,1.632923],[124.744042,1.63294],[124.744049,1.632968],[124.744042,1.632992],[124.744011,1.632988],[124.74398,1.632985],[124.743933,1.633008],[124.743908,1.632978],[124.743888,1.632985],[124.743874,1.633012],[124.743881,1.633053],[124.743895,1.633084],[124.743891,1.633149],[124.743902,1.633187],[124.743898,1.633221],[124.743867,1.633269],[124.743847,1.633303],[124.74384,1.633344],[124.743843,1.633385],[124.743843,1.633416],[124.743854,1.633457],[124.743871,1.633498],[124.743908,1.633546],[124.743953,1.633567],[124.743991,1.633577],[124.744045,1.633577],[124.744138,1.633553],[124.744158,1.633519],[124.744198,1.633493],[124.744237,1.633471],[124.744278,1.633471],[124.744323,1.633478],[124.744353,1.633505],[124.744377,1.633529],[124.744415,1.633539],[124.744456,1.633539],[124.7445,1.633525],[124.744569,1.633495],[124.744637,1.63344],[124.744696,1.633416],[124.744761,1.633389],[124.744798,1.633358],[124.744832,1.63332],[124.744867,1.633283],[124.744901,1.633269],[124.744932,1.633265],[124.744969,1.633269],[124.745003,1.633286],[124.745065,1.6333],[124.74511,1.633303],[124.745164,1.633306],[124.745216,1.633313],[124.745277,1.633289],[124.745318,1.633248],[124.745363,1.633207],[124.745376,1.633159],[124.74538,1.633091],[124.74538,1.633043],[124.745359,1.632992],[124.745311,1.632944],[124.745243,1.63292],[124.745195,1.632903],[124.745055,1.632838],[124.744973,1.632831],[124.744887,1.632824],[124.744832,1.632831],[124.744815,1.632862],[124.744798,1.632916],[124.744764,1.632971],[124.744754,1.633022],[124.744733,1.63307],[124.744706,1.633105],[124.744654,1.633132],[124.744576,1.633139],[124.744538,1.633125],[124.744511,1.633101],[124.744487,1.633053],[124.74448,1.632999],[124.744459,1.632954],[124.744405,1.63291],[124.744353,1.632886],[124.744299,1.632851],[124.744288,1.632831],[124.744309,1.63279],[124.74436,1.63278],[124.744425,1.63278],[124.744463,1.632769],[124.744494,1.632732],[124.744538,1.632711],[124.744559,1.632687],[124.744565,1.632622],[124.744565,1.632557],[124.744569,1.632513],[124.744569,1.632478],[124.744583,1.632454],[124.744613,1.632437],[124.744648,1.63243],[124.744692,1.632407],[124.744726,1.632396],[124.744761,1.632389],[124.744822,1.632372],[124.744873,1.632348],[124.744918,1.632307],[124.744962,1.63229],[124.745014,1.632263],[124.745041,1.632232],[124.745034,1.632188],[124.745017,1.632167],[124.744997,1.632146],[124.744993,1.632109],[124.745024,1.632102],[124.745062,1.632112],[124.745082,1.632157],[124.745107,1.632197],[124.74511,1.632201],[124.745134,1.632232],[124.745175,1.632242],[124.745246,1.632235],[124.745301,1.632218],[124.74537,1.63216],[124.745383,1.632123],[124.745383,1.632095],[124.745383,1.632078],[124.74539,1.632078],[124.745418,1.632078],[124.745441,1.632092],[124.745465,1.632109],[124.745513,1.632112],[124.745537,1.632105],[124.745572,1.632099],[124.745647,1.632047],[124.745681,1.63202],[124.745719,1.632013],[124.745746,1.632037],[124.745753,1.632071],[124.745763,1.632119],[124.745791,1.63214],[124.745835,1.63217],[124.745842,1.632198],[124.745835,1.632229],[124.745808,1.632242],[124.74576,1.632242],[124.745708,1.632242],[124.745667,1.632253],[124.745643,1.63228],[124.74564,1.632311],[124.745643,1.632342],[124.745674,1.632362],[124.745729,1.632372],[124.74576,1.6324],[124.745777,1.632434],[124.745791,1.632475],[124.745784,1.632506],[124.745753,1.632509],[124.745715,1.632485],[124.745671,1.632448],[124.745623,1.63241],[124.745602,1.632365],[124.745575,1.632331],[124.74553,1.632321],[124.745489,1.632335],[124.745469,1.632383],[124.745459,1.632434],[124.745445,1.632499],[124.745438,1.632561],[124.745424,1.632629],[124.745445,1.632721],[124.745476,1.632783],[124.745541,1.632838],[124.745582,1.632906],[124.745637,1.632999],[124.745671,1.633046],[124.745739,1.633094],[124.745828,1.633139],[124.745879,1.633152],[124.745921,1.633149],[124.745982,1.633149],[124.746023,1.633146],[124.746081,1.633111],[124.746098,1.633046],[124.746109,1.632988],[124.746095,1.632933],[124.746112,1.632889],[124.74615,1.632862],[124.746187,1.632858],[124.746239,1.632868],[124.74629,1.632858],[124.746314,1.632814],[124.746314,1.632793],[124.746369,1.632773],[124.7464,1.632783],[124.746403,1.632824],[124.7464,1.632858],[124.74642,1.632872],[124.746475,1.632872],[124.746526,1.632858],[124.746571,1.632858],[124.746636,1.632851],[124.746684,1.632824],[124.746725,1.632776],[124.746776,1.632708],[124.746807,1.63268],[124.746848,1.632649],[124.746886,1.632591],[124.746916,1.632537],[124.746923,1.632485],[124.74694,1.632444],[124.746978,1.6324],[124.747026,1.632376],[124.747077,1.632321],[124.747108,1.63228],[124.747128,1.632246],[124.74717,1.632208],[124.7472,1.63217],[124.747221,1.632157],[124.747272,1.632146],[124.74732,1.632136],[124.747361,1.632102],[124.747402,1.632088],[124.747436,1.632095],[124.747501,1.632095],[124.747566,1.632071],[124.747625,1.632027],[124.747662,1.632003],[124.747703,1.631962],[124.747714,1.631924],[124.747717,1.631876],[124.74772,1.631815],[124.74772,1.63177],[124.74771,1.631685],[124.74771,1.63164],[124.74771,1.631589],[124.747751,1.631572],[124.747785,1.631585],[124.747799,1.631626],[124.74783,1.631661],[124.747854,1.631681],[124.747905,1.631685],[124.747946,1.631698],[124.747998,1.631712],[124.748063,1.631698],[124.748111,1.631664],[124.748121,1.631609],[124.748121,1.631551],[124.748097,1.631496],[124.748066,1.631479],[124.747998,1.631445],[124.747967,1.631435],[124.747946,1.631397],[124.747933,1.631363],[124.747932,1.631312],[124.747943,1.631267],[124.747987,1.631253],[124.748022,1.631267],[124.74808,1.631274],[124.748114,1.631243],[124.748121,1.631216],[124.748117,1.631188],[124.748056,1.631106],[124.748035,1.631089],[124.748028,1.631065],[124.748056,1.631045],[124.748114,1.631045],[124.748179,1.631055],[124.748247,1.631082],[124.748278,1.631093],[124.748323,1.631093],[124.748353,1.631099],[124.748388,1.631116],[124.748442,1.631116],[124.74846,1.631086],[124.748494,1.631055],[124.748531,1.631051],[124.748579,1.631051],[124.748685,1.631051],[124.748737,1.631031],[124.748798,1.630997],[124.748809,1.630949],[124.748867,1.630921],[124.748918,1.630925],[124.748963,1.630925],[124.749021,1.630904],[124.749062,1.63087],[124.749134,1.630836],[124.749178,1.630836],[124.749247,1.630836],[124.749301,1.630836],[124.749363,1.630839],[124.749408,1.630853],[124.749438,1.630822],[124.749448,1.630778],[124.749462,1.630723],[124.749472,1.630692],[124.749496,1.630661],[124.749534,1.630637],[124.749589,1.630603],[124.749623,1.630566],[124.749668,1.630514],[124.749702,1.630497],[124.749763,1.630497],[124.749811,1.630483],[124.749842,1.630436],[124.749873,1.630377],[124.749873,1.630336],[124.749893,1.630285],[124.749921,1.630244],[124.749972,1.630199],[124.750023,1.630186],[124.750075,1.630186],[124.750123,1.630169],[124.750181,1.630128],[124.750588,1.629891],[124.750629,1.629871],[124.750684,1.629857],[124.750735,1.629847],[124.75078,1.62984],[124.750817,1.62984],[124.750865,1.62984],[124.750889,1.629789],[124.75091,1.629744],[124.750923,1.629703],[124.750944,1.629655],[124.750971,1.629625],[124.751036,1.629522],[124.751057,1.629501],[124.751112,1.629477],[124.751396,1.629329],[124.751577,1.629234],[124.751645,1.629197],[124.751686,1.62921],[124.751724,1.629224],[124.751796,1.629221],[124.751851,1.629221],[124.75194,1.629183],[124.75196,1.629132],[124.751974,1.629104],[124.752142,1.629029],[124.752422,1.628903],[124.752467,1.628899],[124.752528,1.62892],[124.752573,1.62892],[124.752573,1.628947],[124.752573,1.628988],[124.752576,1.629015],[124.75261,1.629052],[124.752625,1.629052],[124.752772,1.628977],[124.752826,1.628885],[124.75287,1.628841],[124.752901,1.628814],[124.752949,1.628786],[124.753004,1.628755],[124.75326,1.628684],[124.75328,1.628718],[124.753309,1.62873],[124.753358,1.628727],[124.753372,1.628717],[124.75339,1.628714],[124.753421,1.628721],[124.753453,1.62873],[124.753496,1.628729],[124.753529,1.628702],[124.75354,1.628683],[124.75354,1.628663],[124.75355,1.628635],[124.753568,1.628611],[124.753598,1.628592],[124.753645,1.62858],[124.753714,1.628563],[124.753728,1.628558],[124.753751,1.628551],[124.75378,1.628532],[124.753807,1.628516],[124.753841,1.628506],[124.753896,1.628504],[124.753943,1.628513],[124.75396,1.628498],[124.753973,1.628479],[124.753973,1.628459],[124.753971,1.628437],[124.75397,1.628428],[124.75396,1.628394],[124.753951,1.628313],[124.753982,1.62829],[124.754023,1.628279],[124.75407,1.628271],[124.754111,1.628263],[124.754166,1.628266],[124.754623,1.628161],[124.755513,1.627933],[124.755546,1.628004],[124.755585,1.628052],[124.755642,1.628085],[124.755708,1.628085],[124.755784,1.628047],[124.755856,1.628018],[124.755913,1.627995],[124.75598,1.627947],[124.756022,1.627928],[124.756041,1.627885],[124.756041,1.627838],[124.756037,1.627743],[124.756035,1.627695],[124.756432,1.627642],[124.756474,1.627642],[124.756503,1.627666],[124.756536,1.62769],[124.756574,1.627704],[124.756617,1.627704],[124.75666,1.627704],[124.756717,1.627714],[124.756746,1.627666],[124.75675,1.627623],[124.756946,1.627571],[124.757012,1.627623],[124.757107,1.627619],[124.757174,1.627585],[124.757226,1.627538],[124.757283,1.627514],[124.757345,1.6275],[124.757431,1.627476],[124.757498,1.627438],[124.757536,1.6274],[124.757555,1.627315],[124.757564,1.627195],[124.757688,1.627148],[124.75782,1.627136],[124.757953,1.627122],[124.758031,1.627114],[124.758107,1.627186],[124.75815,1.627209],[124.758207,1.627214],[124.75825,1.627243],[124.758292,1.627286],[124.758354,1.62729],[124.758397,1.627262],[124.758445,1.627209],[124.758473,1.627167],[124.758654,1.627167],[124.75873,1.6272],[124.758792,1.627181],[124.75884,1.627152],[124.758882,1.627152],[124.75893,1.627152],[124.758997,1.627143],[124.759092,1.627143],[124.759139,1.627143],[124.759182,1.627148],[124.759225,1.627162],[124.759287,1.627167],[124.75932,1.627148],[124.759358,1.627133],[124.759411,1.627133],[124.759463,1.627162],[124.759511,1.62719],[124.759596,1.627195],[124.759653,1.627181],[124.759739,1.627128],[124.759801,1.62709],[124.760044,1.626943],[124.760196,1.626955],[124.760339,1.626967],[124.760377,1.626986],[124.760501,1.627012],[124.760662,1.627048],[124.760743,1.627105],[124.760815,1.627124],[124.760905,1.627119],[124.760967,1.627081],[124.761014,1.627057],[124.761067,1.627033],[124.761133,1.627005],[124.7612,1.626976],[124.761267,1.626952],[124.761329,1.626933],[124.761433,1.626924],[124.7615,1.626914],[124.761567,1.626914],[124.761609,1.6269],[124.761638,1.626824],[124.76163,1.626761],[124.761936,1.626693],[124.762223,1.6267],[124.762533,1.6267],[124.762642,1.626705],[124.762751,1.626686],[124.763051,1.626657],[124.76366,1.626648],[124.76397,1.626619],[124.764136,1.626605],[124.764241,1.6266],[124.764403,1.626615],[124.764455,1.626643],[124.76455,1.626648],[124.764631,1.626638],[124.764703,1.626629],[124.764769,1.626629],[124.764969,1.626653],[124.765164,1.626676],[124.765483,1.626724],[124.765797,1.626757],[124.766416,1.626824],[124.76662,1.626852],[124.766701,1.626886],[124.766806,1.626905],[124.766897,1.626919],[124.766954,1.626948],[124.767011,1.626971],[124.767073,1.627],[124.767139,1.62701],[124.767182,1.626995],[124.767192,1.626967],[124.767196,1.62691],[124.767234,1.6269],[124.767272,1.6269],[124.767306,1.626924],[124.767387,1.626929],[124.767415,1.626914],[124.767434,1.626872],[124.767487,1.626738],[124.767748,1.626848],[124.767882,1.626905],[124.767953,1.626938],[124.76801,1.627],[124.768072,1.627024],[124.768129,1.627048],[124.768224,1.627057],[124.768262,1.627067],[124.76831,1.627048],[124.768338,1.627033],[124.768367,1.627057],[124.768367,1.6271],[124.768386,1.627152],[124.768448,1.627148],[124.768486,1.627148],[124.768515,1.627186],[124.768543,1.627209],[124.768572,1.627238],[124.768586,1.627252],[124.768634,1.627252],[124.7687,1.627276],[124.768729,1.627319],[124.768757,1.627371],[124.76881,1.627385],[124.768852,1.627385],[124.768895,1.627376],[124.768929,1.627366],[124.768986,1.627366],[124.769033,1.627366],[124.769133,1.627357],[124.769186,1.627376],[124.76919,1.627438],[124.769209,1.627504],[124.769252,1.627533],[124.769352,1.627562],[124.769395,1.627585],[124.769457,1.627614],[124.769504,1.627642],[124.769557,1.627642],[124.7696,1.627638],[124.769666,1.627628],[124.769757,1.627709],[124.769818,1.627761],[124.76989,1.627795],[124.769942,1.627828],[124.769971,1.627852],[124.770047,1.627904],[124.770109,1.627928],[124.770194,1.627942],[124.770271,1.627971],[124.770351,1.627995],[124.770437,1.628009],[124.770532,1.628037],[124.770613,1.62808],[124.770699,1.628118],[124.77078,1.628166],[124.770837,1.628214],[124.770908,1.628256],[124.77097,1.628285],[124.771037,1.628304],[124.771141,1.628313],[124.771227,1.628328],[124.771322,1.628361],[124.771379,1.628394],[124.771475,1.628437],[124.771565,1.62848],[124.771636,1.628499],[124.771746,1.628494],[124.771855,1.628513],[124.771931,1.628518],[124.772036,1.628518],[124.772117,1.628532],[124.772203,1.628542],[124.772269,1.628542],[124.772355,1.628542],[124.772426,1.628551],[124.772488,1.62857],[124.772555,1.628599],[124.772636,1.628628],[124.772731,1.628651],[124.772845,1.628675],[124.772902,1.628685],[124.773002,1.628685],[124.773097,1.628661],[124.773226,1.628613],[124.77335,1.628575],[124.773426,1.628556],[124.773469,1.62857],[124.773516,1.628575],[124.773578,1.628551],[124.773635,1.628513],[124.773711,1.628475],[124.773749,1.628466],[124.773806,1.628466],[124.773878,1.62848],[124.773964,1.62848],[124.774044,1.628456],[124.774097,1.628413],[124.774121,1.628361],[124.774121,1.6283],[124.774187,1.628289],[124.774211,1.628218],[124.774249,1.628175],[124.77432,1.628142],[124.774325,1.628085],[124.77432,1.628042],[124.774354,1.628023],[124.774401,1.628014],[124.774454,1.627995],[124.774506,1.62799],[124.774592,1.627966],[124.774615,1.627942],[124.774644,1.627909],[124.774663,1.627876],[124.774692,1.627833],[124.774744,1.6278],[124.77483,1.627776],[124.77493,1.627733],[124.77504,1.62771],[124.775113,1.627689],[124.775152,1.627668],[124.775201,1.627615],[124.775255,1.627494],[124.775275,1.627452],[124.775294,1.627438],[124.775333,1.627409],[124.775343,1.627384],[124.775372,1.627356],[124.775405,1.627347],[124.775448,1.627325],[124.775487,1.627306],[124.775503,1.627273],[124.77551,1.627228],[124.77551,1.627191],[124.77551,1.627171],[124.77551,1.627133],[124.775518,1.627109],[124.775538,1.62708],[124.775559,1.627059],[124.775578,1.627037],[124.775612,1.627016],[124.775652,1.62701],[124.775668,1.626987],[124.775678,1.626963],[124.77568,1.626934],[124.775684,1.626899],[124.775703,1.626843],[124.775709,1.626808],[124.77573,1.626769],[124.775746,1.626745],[124.775769,1.626708],[124.775787,1.626666],[124.775824,1.626605],[124.775855,1.626562],[124.775901,1.626535],[124.775942,1.626498],[124.775975,1.626469],[124.775995,1.626418],[124.77601,1.626368],[124.776014,1.626335],[124.776022,1.62629],[124.776028,1.626257],[124.776045,1.626224],[124.776069,1.626146],[124.776084,1.626121],[124.77611,1.626097],[124.776131,1.62607],[124.776184,1.626045],[124.776195,1.626027],[124.776207,1.625986],[124.776448,1.625739],[124.776477,1.625679],[124.776573,1.625551],[124.776771,1.625222],[124.776795,1.625187],[124.776822,1.625179],[124.776857,1.625152],[124.77687,1.625126],[124.776878,1.625099],[124.776878,1.625078],[124.776882,1.625033],[124.776896,1.625006],[124.776915,1.624996],[124.776944,1.62499],[124.776989,1.624973],[124.777003,1.624938],[124.777001,1.624928],[124.776995,1.624875],[124.776997,1.624831],[124.777016,1.624784],[124.777032,1.624751],[124.777065,1.624708],[124.777073,1.624694],[124.777079,1.624654],[124.777086,1.624607],[124.777086,1.624568],[124.777086,1.624523],[124.777081,1.624494],[124.777081,1.624463],[124.777081,1.624445],[124.777059,1.624366],[124.777016,1.624325],[124.776985,1.624294],[124.77697,1.62428],[124.776968,1.624247],[124.776954,1.624175],[124.776954,1.62414],[124.77696,1.624089],[124.776983,1.624056],[124.777024,1.624019],[124.777075,1.624006],[124.777141,1.623998],[124.777209,1.624004],[124.777244,1.624029],[124.777306,1.624072],[124.777355,1.624091],[124.777437,1.624083],[124.777481,1.624041],[124.777489,1.623976],[124.777485,1.623897],[124.77747,1.623819],[124.77746,1.623778],[124.777446,1.623743],[124.777415,1.623696],[124.777365,1.623685],[124.777328,1.623696],[124.777283,1.623733],[124.777219,1.623786],[124.777178,1.623807],[124.777133,1.623809],[124.777102,1.623797],[124.7771,1.623743],[124.77711,1.62369],[124.777145,1.623655],[124.777192,1.623624],[124.777209,1.623607],[124.777252,1.623556],[124.777287,1.623525],[124.777314,1.623523],[124.777332,1.623556],[124.777343,1.623601],[124.777374,1.62362],[124.777431,1.623611],[124.777487,1.623578],[124.777501,1.623548],[124.777493,1.6235],[124.777481,1.623455],[124.777485,1.623399],[124.777503,1.623358],[124.777505,1.623321],[124.777491,1.623282],[124.77747,1.623235],[124.77747,1.623196],[124.777481,1.623157],[124.777509,1.623068],[124.77752,1.623025],[124.77753,1.622992],[124.777538,1.622963],[124.777555,1.622941],[124.777587,1.622922],[124.777625,1.622898],[124.777664,1.622867],[124.777688,1.622832],[124.777703,1.622795],[124.777703,1.622753],[124.777699,1.62271],[124.777686,1.622671],[124.777676,1.622636],[124.777688,1.622609],[124.777711,1.622587],[124.777723,1.622556],[124.777725,1.622527],[124.777732,1.622484],[124.777734,1.622426],[124.777746,1.622381],[124.77775,1.622338],[124.777777,1.622295],[124.777808,1.622256],[124.777836,1.622219],[124.777845,1.622184],[124.777845,1.622142],[124.777838,1.622101],[124.777838,1.62207],[124.777845,1.622017],[124.777851,1.621978],[124.777871,1.621939],[124.777882,1.621904],[124.777898,1.621877],[124.777931,1.621842],[124.777974,1.621826],[124.778034,1.621772],[124.778059,1.621719],[124.778077,1.621688],[124.778108,1.621626],[124.778137,1.621597],[124.778172,1.621554],[124.778194,1.621529],[124.778219,1.621484],[124.778225,1.621453],[124.778231,1.621412],[124.77824,1.621379],[124.77824,1.621342],[124.778238,1.621324],[124.778254,1.621283],[124.778256,1.621241],[124.778291,1.621165],[124.778324,1.621118],[124.778359,1.621079],[124.778392,1.621048],[124.778421,1.621015],[124.778433,1.620984],[124.778462,1.620941],[124.778489,1.620896],[124.778507,1.620855],[124.77854,1.620811],[124.778542,1.620764],[124.778542,1.620741],[124.778532,1.620702],[124.778538,1.620669],[124.778556,1.620643],[124.778573,1.6206],[124.778606,1.620558],[124.778643,1.620521],[124.77874,1.62039],[124.778841,1.620214],[124.77889,1.620128],[124.778921,1.620083],[124.778933,1.620067],[124.778966,1.620026],[124.779001,1.619976],[124.779015,1.619941],[124.77904,1.619896],[124.779061,1.619851],[124.779075,1.619824],[124.779085,1.619812],[124.779106,1.619783],[124.779147,1.619725],[124.779174,1.619705],[124.779207,1.619674],[124.77927,1.619624],[124.779295,1.619587],[124.779322,1.619544],[124.779328,1.619519],[124.779336,1.619482],[124.779369,1.619456],[124.779425,1.619443],[124.779458,1.619423],[124.779488,1.619392],[124.779499,1.619347],[124.779507,1.619308],[124.779501,1.61926],[124.779472,1.619223],[124.779431,1.619201],[124.779361,1.619186],[124.779332,1.619182],[124.779307,1.619164],[124.779297,1.619139],[124.779316,1.619013],[124.779353,1.618867],[124.779349,1.618814],[124.779349,1.618764],[124.779357,1.618701],[124.779373,1.618618],[124.779386,1.618563],[124.779412,1.618501],[124.779439,1.618452],[124.77946,1.618419],[124.779499,1.618376],[124.779515,1.618345],[124.779513,1.618289],[124.779525,1.618174],[124.779525,1.618131],[124.779519,1.618079],[124.779505,1.618034],[124.77946,1.618001],[124.779414,1.617972],[124.779384,1.617876],[124.779375,1.617802],[124.779369,1.617752],[124.779365,1.617703],[124.779365,1.617651],[124.7794,1.6176],[124.779419,1.617586],[124.779447,1.617586],[124.779468,1.617596],[124.779472,1.617629],[124.779472,1.617676],[124.779468,1.617719],[124.779474,1.617775],[124.779493,1.617806],[124.779532,1.61782],[124.779567,1.61783],[124.779628,1.617816],[124.779682,1.617746],[124.779698,1.617695],[124.779698,1.617647],[124.779694,1.617581],[124.779678,1.617549],[124.779672,1.617511],[124.779688,1.617483],[124.779723,1.617458],[124.779754,1.617446],[124.779803,1.617417],[124.779826,1.617365],[124.77983,1.617333],[124.77983,1.617289],[124.779848,1.617271],[124.779871,1.617254],[124.779894,1.617223],[124.779927,1.617195],[124.779964,1.617191],[124.780011,1.617213],[124.780048,1.617215],[124.780079,1.617203],[124.780126,1.617156],[124.780132,1.617129],[124.780136,1.61709],[124.780126,1.617036],[124.780095,1.616993],[124.780083,1.616958],[124.780083,1.616931],[124.780104,1.6169],[124.780143,1.616903],[124.78019,1.616905],[124.780248,1.616882],[124.780283,1.616828],[124.780289,1.616775],[124.780299,1.616738],[124.780324,1.616666],[124.780363,1.616635],[124.7804,1.616598],[124.780447,1.616553],[124.780453,1.616495],[124.780445,1.616448],[124.780441,1.616396],[124.780499,1.616343],[124.780538,1.616316],[124.780591,1.616279],[124.780595,1.61625],[124.780595,1.616222],[124.780587,1.616189],[124.780566,1.61616],[124.780544,1.616137],[124.780521,1.616108],[124.780507,1.61608],[124.780515,1.616053],[124.780529,1.61603],[124.780558,1.616012],[124.780587,1.615997],[124.780608,1.615971],[124.780628,1.615934],[124.780634,1.615897],[124.780647,1.615859],[124.780698,1.615765],[124.780729,1.615695],[124.780741,1.615652],[124.780768,1.615588],[124.780782,1.615545],[124.780809,1.615475],[124.780859,1.615454],[124.780881,1.615444],[124.780906,1.615419],[124.780907,1.615413],[124.780923,1.615355],[124.780917,1.615328],[124.780901,1.615287],[124.780904,1.615247],[124.780912,1.615222],[124.780925,1.615209],[124.78095,1.615201],[124.780971,1.615179],[124.780982,1.615138],[124.780977,1.6151],[124.780958,1.615068],[124.780936,1.615054],[124.78092,1.615032],[124.780923,1.615003],[124.78095,1.614975],[124.780974,1.614965],[124.781001,1.614924],[124.780996,1.614891],[124.780985,1.614859],[124.780985,1.614824],[124.781006,1.614802],[124.781025,1.614788],[124.781049,1.614761],[124.78106,1.614723],[124.781109,1.614661],[124.781141,1.614631],[124.781181,1.614623],[124.781225,1.614618],[124.78126,1.614604],[124.78128,1.614565],[124.78128,1.614533],[124.781276,1.614518],[124.781256,1.614485],[124.781239,1.614461],[124.781231,1.614432],[124.781227,1.614384],[124.781243,1.61437],[124.78127,1.61437],[124.781303,1.614362],[124.781334,1.614343],[124.78135,1.614296],[124.781348,1.614271],[124.78134,1.614234],[124.781324,1.614201],[124.781293,1.614154],[124.781276,1.614119],[124.781254,1.614057],[124.781229,1.614028],[124.781229,1.613996],[124.781233,1.613963],[124.781233,1.61394],[124.781217,1.613905],[124.781184,1.613872],[124.781157,1.613858],[124.78112,1.613835],[124.781108,1.613808],[124.781116,1.613782],[124.78114,1.613773],[124.781186,1.613751],[124.781219,1.613736],[124.781264,1.613708],[124.781268,1.613666],[124.781268,1.613642],[124.781252,1.613609],[124.781227,1.613578],[124.781206,1.613543],[124.7812,1.6135],[124.7812,1.61345],[124.781212,1.613401],[124.781235,1.613364],[124.781287,1.613341],[124.781332,1.613306],[124.781348,1.613278],[124.781354,1.613247],[124.781352,1.613212],[124.781338,1.613185],[124.781293,1.613164],[124.781276,1.613148],[124.781264,1.613134],[124.781258,1.613127],[124.78127,1.613111]]],[[[124.804297,1.632841],[124.804333,1.632817],[124.804365,1.632776],[124.80444,1.632597],[124.804493,1.63249],[124.80452,1.632449],[124.804544,1.632404],[124.804556,1.632362],[124.804577,1.632321],[124.804594,1.632267],[124.804618,1.63222],[124.80466,1.632074],[124.80471,1.631973],[124.80474,1.631916],[124.804761,1.631872],[124.804773,1.631836],[124.80485,1.63164],[124.804898,1.631533],[124.804945,1.631387],[124.804996,1.631244],[124.805032,1.631063],[124.80507,1.630875],[124.805103,1.63075],[124.805127,1.630667],[124.805157,1.630563],[124.805198,1.63037],[124.805219,1.630209],[124.805243,1.630063],[124.805249,1.629974],[124.805255,1.629873],[124.805243,1.629584],[124.805222,1.629412],[124.805198,1.629266],[124.805166,1.629108],[124.8051,1.628912],[124.805005,1.62865],[124.804925,1.628472],[124.804716,1.628163],[124.80458,1.627984],[124.804371,1.627755],[124.804235,1.627633],[124.804004,1.627412],[124.803809,1.627238],[124.803696,1.627137],[124.803601,1.627065],[124.803449,1.627019],[124.803337,1.626999],[124.802661,1.627031],[124.80248,1.627091],[124.802378,1.627147],[124.802318,1.627159],[124.801458,1.627529],[124.800506,1.627961],[124.800502,1.627963],[124.8005,1.627964],[124.800442,1.62799],[124.800202,1.628247],[124.800117,1.628356],[124.799856,1.628644],[124.799856,1.628646],[124.799422,1.629558],[124.799419,1.629572],[124.799383,1.629691],[124.799345,1.62979],[124.799291,1.629945],[124.799213,1.630639],[124.799211,1.630792],[124.799226,1.630923],[124.79925,1.630994],[124.799247,1.631089],[124.799232,1.631158],[124.799223,1.631244],[124.799226,1.631289],[124.799365,1.631976],[124.799372,1.632],[124.799419,1.632095],[124.799467,1.632184],[124.799541,1.632288],[124.799696,1.632452],[124.799721,1.632477],[124.800395,1.633073],[124.800442,1.633151],[124.800484,1.633198],[124.800588,1.633362],[124.800811,1.633695],[124.800856,1.633742],[124.800888,1.633817],[124.80088,1.633864],[124.800871,1.6339],[124.800871,1.633939],[124.800853,1.633974],[124.800841,1.633998],[124.800808,1.634031],[124.800769,1.634058],[124.800743,1.634093],[124.800702,1.634132],[124.800695,1.634141],[124.800668,1.634182],[124.800634,1.634634],[124.80049,1.634873],[124.800287,1.635606],[124.800135,1.635982],[124.800246,1.636425],[124.800264,1.636449],[124.800272,1.636452],[124.800332,1.636482],[124.800368,1.636497],[124.800389,1.636526],[124.800398,1.636568],[124.800395,1.636598],[124.800389,1.636613],[124.800441,1.636681],[124.800505,1.636781],[124.80052,1.636782],[124.800535,1.636809],[124.800533,1.636826],[124.800531,1.636853],[124.800543,1.636904],[124.800582,1.636937],[124.800612,1.636949],[124.800636,1.63697],[124.800653,1.636996],[124.800668,1.637017],[124.80068,1.637026],[124.800725,1.637035],[124.800755,1.637047],[124.800793,1.63705],[124.800823,1.63705],[124.800844,1.63705],[124.800877,1.637038],[124.800888,1.63702],[124.800888,1.636999],[124.800888,1.63697],[124.80088,1.636943],[124.800877,1.636919],[124.800883,1.636886],[124.800897,1.636874],[124.800939,1.636868],[124.800975,1.636871],[124.801019,1.636854],[124.801043,1.63683],[124.801073,1.6368],[124.801088,1.63677],[124.801109,1.636735],[124.80112,1.636705],[124.801141,1.636675],[124.801162,1.636654],[124.801219,1.636619],[124.801233,1.636613],[124.80126,1.636592],[124.801308,1.636571],[124.801332,1.636541],[124.801338,1.636518],[124.801332,1.636467],[124.801332,1.636437],[124.801332,1.63641],[124.801358,1.636363],[124.801376,1.636339],[124.801406,1.6363],[124.801439,1.636253],[124.801468,1.63622],[124.801501,1.636175],[124.801513,1.636137],[124.801507,1.63611],[124.801474,1.636083],[124.801448,1.636068],[124.80143,1.636042],[124.801427,1.636003],[124.801427,1.635961],[124.801439,1.635917],[124.801477,1.635875],[124.801501,1.635845],[124.801519,1.635804],[124.801546,1.635768],[124.801567,1.635738],[124.801596,1.635717],[124.80162,1.635694],[124.801656,1.635658],[124.801689,1.635631],[124.801766,1.635595],[124.801793,1.63559],[124.801828,1.635572],[124.801915,1.635539],[124.801989,1.635491],[124.802045,1.635471],[124.802126,1.635465],[124.802188,1.635447],[124.802242,1.635423],[124.802301,1.635399],[124.802328,1.635372],[124.802364,1.635343],[124.802423,1.63531],[124.802471,1.635268],[124.802486,1.635233],[124.802524,1.635167],[124.802551,1.635131],[124.802593,1.635102],[124.802634,1.635072],[124.802691,1.635048],[124.802733,1.635045],[124.802786,1.635045],[124.802843,1.635007],[124.802857,1.63498],[124.802866,1.634935],[124.802866,1.634908],[124.802881,1.634837],[124.802893,1.634789],[124.80292,1.634733],[124.802941,1.634685],[124.802976,1.634626],[124.803006,1.634581],[124.803042,1.634546],[124.803083,1.63451],[124.803137,1.634462],[124.803182,1.634418],[124.803339,1.634266],[124.80339,1.634215],[124.803429,1.634165],[124.803458,1.634117],[124.803473,1.634064],[124.803497,1.634013],[124.803515,1.633969],[124.803518,1.633936],[124.803527,1.633903],[124.803545,1.63387],[124.803565,1.633835],[124.803714,1.633573],[124.803777,1.633505],[124.803821,1.63346],[124.803869,1.633377],[124.804208,1.632886],[124.804252,1.632865],[124.804297,1.632841]]]]},"properties":{"idkec":"7171054","nmkec":"BUNAKEN KEPULAUAN","luas":18.8499}},{"id":917,"type":"Feature","geometry":{"type":"MultiPolygon","coordinates":[[[[124.837865,1.458672],[124.837862,1.458672],[124.837799,1.458667],[124.836435,1.458632],[124.83643,1.458632],[124.836427,1.458632],[124.836427,1.458631],[124.83641,1.458381],[124.836342,1.45804],[124.836341,1.458038],[124.836317,1.458003],[124.83615,1.457756],[124.836109,1.457697],[124.836097,1.457679],[124.835922,1.457565],[124.835862,1.457554],[124.835722,1.457526],[124.835711,1.457524],[124.835708,1.457524],[124.835633,1.457509],[124.8351,1.457475],[124.834919,1.457487],[124.834677,1.457504],[124.834611,1.457508],[124.834611,1.457508],[124.834579,1.45751],[124.834425,1.457521],[124.834314,1.457524],[124.833837,1.45758],[124.833621,1.457605],[124.83332,1.45764],[124.833336,1.4577],[124.833407,1.457962],[124.833417,1.458],[124.833414,1.458],[124.833413,1.458001],[124.833434,1.458062],[124.833449,1.45811],[124.833449,1.45811],[124.833484,1.458211],[124.833495,1.458246],[124.833716,1.459],[124.833799,1.459293],[124.833898,1.459542],[124.833929,1.459623],[124.833929,1.459623],[124.833948,1.459678],[124.83399,1.459787],[124.834052,1.459945],[124.834055,1.459951],[124.834057,1.459956],[124.83407,1.459989],[124.834108,1.46008],[124.834109,1.46008],[124.834138,1.460152],[124.834157,1.4602],[124.834282,1.460491],[124.834449,1.460838],[124.834601,1.461153],[124.834631,1.461218],[124.834665,1.461291],[124.834712,1.461393],[124.834715,1.461399],[124.834735,1.461441],[124.834731,1.461484],[124.834725,1.461549],[124.834712,1.46166],[124.834712,1.461666],[124.834696,1.461831],[124.8347,1.461916],[124.83471,1.462226],[124.834624,1.46221],[124.834479,1.462184],[124.834394,1.462168],[124.83424,1.462138],[124.833543,1.461976],[124.833509,1.461972],[124.833507,1.461972],[124.833455,1.462],[124.833439,1.462008],[124.83319,1.46216],[124.83284,1.462367],[124.832522,1.462533],[124.8325,1.462552],[124.832454,1.462626],[124.832441,1.462648],[124.832432,1.462677],[124.832432,1.462881],[124.832444,1.463097],[124.832442,1.463157],[124.832437,1.463322],[124.832427,1.463633],[124.832422,1.463669],[124.832364,1.463753],[124.83234,1.463788],[124.832287,1.463845],[124.83219,1.463833],[124.83211,1.463822],[124.832107,1.463822],[124.83208,1.463819],[124.83162,1.46376],[124.8301,1.46356],[124.829976,1.463545],[124.829811,1.463525],[124.829786,1.463519],[124.829152,1.463382],[124.829145,1.46338],[124.829112,1.463375],[124.828635,1.463306],[124.82831,1.463263],[124.828307,1.463262],[124.828296,1.463261],[124.828046,1.463227],[124.827604,1.463188],[124.827457,1.46315],[124.827229,1.463091],[124.826965,1.46299],[124.826897,1.462942],[124.826895,1.462944],[124.82679,1.463054],[124.826738,1.463094],[124.826982,1.463427],[124.827231,1.463748],[124.827261,1.463795],[124.827403,1.463977],[124.827408,1.463995],[124.827399,1.464068],[124.827381,1.464118],[124.827249,1.464243],[124.827027,1.464432],[124.826831,1.464596],[124.826622,1.464726],[124.826531,1.4648],[124.826492,1.464878],[124.826474,1.464959],[124.826487,1.465293],[124.826497,1.465349],[124.826525,1.465448],[124.826552,1.465494],[124.826587,1.46558],[124.826616,1.465676],[124.82663,1.46572],[124.826657,1.465752],[124.826724,1.46583],[124.826764,1.46588],[124.826794,1.465921],[124.826815,1.465944],[124.826846,1.465959],[124.826884,1.465982],[124.826956,1.466037],[124.826978,1.466057],[124.827009,1.466081],[124.827038,1.46611],[124.827058,1.466126],[124.827061,1.466126],[124.827078,1.466128],[124.827109,1.466107],[124.827132,1.466116],[124.827139,1.46613],[124.82714,1.466144],[124.82714,1.466165],[124.827141,1.46618],[124.82715,1.466199],[124.82719,1.466246],[124.827277,1.466313],[124.827799,1.466786],[124.828293,1.46751],[124.828317,1.467546],[124.828441,1.467724],[124.828492,1.467791],[124.828517,1.467832],[124.828532,1.46789],[124.82855,1.467933],[124.828571,1.467964],[124.828599,1.467983],[124.82866,1.468027],[124.828694,1.468068],[124.828727,1.468103],[124.828759,1.468128],[124.828788,1.468133],[124.828822,1.468126],[124.828847,1.468107],[124.828873,1.46806],[124.828871,1.468035],[124.82889,1.468006],[124.828982,1.467947],[124.829096,1.46788],[124.82914,1.467867],[124.829189,1.467869],[124.829212,1.467866],[124.829235,1.467842],[124.82935,1.467846],[124.829499,1.46788],[124.829524,1.46789],[124.829539,1.467881],[124.829742,1.467969],[124.830012,1.468018],[124.829694,1.468184],[124.829694,1.468184],[124.829389,1.468428],[124.829151,1.468724],[124.829133,1.468914],[124.829196,1.469099],[124.829183,1.469106],[124.829799,1.470303],[124.829801,1.470302],[124.829801,1.470305],[124.829837,1.470307],[124.829836,1.470308],[124.830128,1.470498],[124.830265,1.470575],[124.830444,1.470868],[124.830449,1.470931],[124.83037,1.471249],[124.830336,1.471387],[124.830244,1.471621],[124.830206,1.471718],[124.830172,1.471975],[124.830153,1.472354],[124.830179,1.472439],[124.830242,1.47258],[124.830295,1.472688],[124.830362,1.472776],[124.830394,1.472831],[124.830404,1.472866],[124.830407,1.472879],[124.830425,1.472915],[124.830453,1.472938],[124.830524,1.473001],[124.830586,1.473073],[124.830636,1.473145],[124.830663,1.473191],[124.830706,1.473248],[124.830781,1.473326],[124.830919,1.473489],[124.831076,1.473637],[124.831151,1.473736],[124.831209,1.473797],[124.831257,1.473838],[124.831501,1.473982],[124.831824,1.474196],[124.831967,1.474257],[124.832013,1.47428],[124.832051,1.474312],[124.832169,1.474436],[124.832414,1.474626],[124.83253,1.474665],[124.832689,1.474665],[124.832778,1.474708],[124.832867,1.474771],[124.832894,1.474788],[124.832905,1.474784],[124.832903,1.474767],[124.832883,1.474702],[124.832877,1.474664],[124.832881,1.474636],[124.832908,1.474601],[124.833084,1.474527],[124.833159,1.474534],[124.833233,1.474575],[124.833296,1.474627],[124.83336,1.474697],[124.83339,1.474733],[124.833413,1.474746],[124.833455,1.474753],[124.833512,1.474753],[124.833524,1.474756],[124.83353,1.47476],[124.83354,1.474771],[124.833548,1.47479],[124.833592,1.47489],[124.833612,1.474935],[124.833623,1.474975],[124.833627,1.475045],[124.83361,1.475119],[124.833595,1.475142],[124.83357,1.475166],[124.833355,1.475315],[124.833227,1.475383],[124.833123,1.475464],[124.833028,1.475551],[124.832935,1.475657],[124.832805,1.475788],[124.832708,1.475991],[124.832534,1.476468],[124.832534,1.476502],[124.83253,1.476574],[124.832498,1.476761],[124.832519,1.476767],[124.832519,1.476841],[124.832525,1.47693],[124.832551,1.477044],[124.832591,1.477146],[124.83259,1.477147],[124.832679,1.477212],[124.832682,1.477211],[124.83272,1.477195],[124.832714,1.477087],[124.832699,1.476873],[124.832689,1.476707],[124.832752,1.476603],[124.832831,1.476563],[124.832852,1.476567],[124.832912,1.476578],[124.832946,1.476669],[124.832968,1.4768],[124.832969,1.476807],[124.832986,1.476934],[124.83299,1.477038],[124.832992,1.477085],[124.833009,1.477289],[124.833003,1.477441],[124.833024,1.47763],[124.833103,1.477865],[124.833111,1.477889],[124.833109,1.47789],[124.833113,1.477909],[124.833164,1.478123],[124.833165,1.478124],[124.833269,1.478595],[124.833271,1.4786],[124.833268,1.478601],[124.833272,1.478622],[124.833277,1.478624],[124.833304,1.478723],[124.833304,1.478726],[124.833315,1.478862],[124.833296,1.479074],[124.833267,1.479233],[124.833243,1.479362],[124.833171,1.479567],[124.833162,1.479615],[124.833143,1.479725],[124.833041,1.480133],[124.832867,1.480678],[124.832863,1.480689],[124.832682,1.481219],[124.83268,1.481251],[124.832813,1.481321],[124.832801,1.481344],[124.832846,1.48136],[124.833391,1.481349],[124.833529,1.481342],[124.833481,1.480656],[124.833887,1.480635],[124.833887,1.480638],[124.83397,1.480638],[124.834242,1.480624],[124.834242,1.480624],[124.834262,1.480598],[124.834481,1.480586],[124.834771,1.48057],[124.834905,1.480563],[124.834907,1.480562],[124.834908,1.48057],[124.834922,1.480735],[124.834963,1.481242],[124.834976,1.481241],[124.83533,1.481228],[124.836616,1.48118],[124.836619,1.48118],[124.83662,1.48118],[124.836617,1.481158],[124.836613,1.481131],[124.8366,1.48103],[124.836608,1.481029],[124.83722,1.48097],[124.83722,1.480969],[124.837647,1.480946],[124.837658,1.480696],[124.837658,1.480695],[124.83766,1.480695],[124.837695,1.480694],[124.837698,1.480694],[124.837699,1.480694],[124.837701,1.480694],[124.837701,1.480694],[124.837705,1.480636],[124.837711,1.480559],[124.83804,1.480554],[124.838049,1.480554],[124.838074,1.480554],[124.83812,1.48019],[124.83812,1.479868],[124.83812,1.479759],[124.83812,1.47974],[124.838109,1.479589],[124.838088,1.479317],[124.838088,1.479315],[124.838088,1.479314],[124.83808,1.479211],[124.83808,1.47921],[124.83804,1.479143],[124.83797,1.479024],[124.837964,1.479009],[124.837956,1.478989],[124.837956,1.478985],[124.837956,1.478981],[124.837956,1.478962],[124.837956,1.478702],[124.83788,1.478636],[124.837948,1.478556],[124.83818,1.47822],[124.838124,1.478123],[124.838098,1.47808],[124.838095,1.478074],[124.838087,1.478061],[124.838083,1.478054],[124.837996,1.477905],[124.837993,1.477704],[124.837993,1.477687],[124.837993,1.477686],[124.83789,1.47766],[124.837811,1.477625],[124.8378,1.47762],[124.837723,1.477567],[124.837669,1.47753],[124.837529,1.477434],[124.837481,1.477389],[124.837459,1.477355],[124.837452,1.477345],[124.837428,1.477297],[124.837301,1.477047],[124.837258,1.47694],[124.83723,1.476848],[124.837223,1.476748],[124.837237,1.476648],[124.837258,1.476541],[124.8373,1.476453],[124.837329,1.476392],[124.837364,1.476278],[124.837407,1.476164],[124.837438,1.47612],[124.837492,1.476042],[124.83753,1.475999],[124.837541,1.475985],[124.837583,1.475909],[124.837584,1.475907],[124.837619,1.475793],[124.837612,1.475707],[124.837607,1.475626],[124.837605,1.475593],[124.837615,1.475349],[124.837717,1.475253],[124.837926,1.475048],[124.837954,1.474969],[124.838073,1.474883],[124.838137,1.474914],[124.838173,1.474879],[124.838105,1.474812],[124.838099,1.474811],[124.837988,1.474255],[124.837948,1.474093],[124.837912,1.473842],[124.837833,1.473844],[124.837809,1.473845],[124.837801,1.473852],[124.837783,1.473846],[124.837743,1.473842],[124.837668,1.473834],[124.837517,1.473816],[124.837364,1.473787],[124.837185,1.47377],[124.837095,1.473748],[124.837057,1.473727],[124.836989,1.473689],[124.836989,1.473688],[124.836978,1.473678],[124.836835,1.473551],[124.836652,1.473292],[124.836436,1.472902],[124.83643,1.472892],[124.836428,1.472887],[124.836428,1.472886],[124.836434,1.47288],[124.836437,1.472876],[124.83646,1.47285],[124.836592,1.472691],[124.836691,1.472571],[124.836727,1.472531],[124.83677,1.472463],[124.836952,1.472063],[124.837096,1.471562],[124.837103,1.471528],[124.837105,1.471517],[124.837105,1.471511],[124.837102,1.47149],[124.837068,1.471363],[124.837037,1.471278],[124.837032,1.471255],[124.83703,1.471234],[124.83703,1.471217],[124.837061,1.471135],[124.837146,1.470908],[124.837158,1.470896],[124.83717,1.470889],[124.83719,1.470883],[124.837203,1.470881],[124.837214,1.470879],[124.837234,1.470879],[124.837236,1.470879],[124.837257,1.470882],[124.837278,1.470886],[124.837875,1.471137],[124.837912,1.471145],[124.837954,1.471151],[124.838001,1.471153],[124.838003,1.471154],[124.838061,1.471152],[124.838123,1.471145],[124.838427,1.471021],[124.838431,1.471019],[124.83847,1.470995],[124.838648,1.470847],[124.838653,1.470842],[124.838914,1.470624],[124.838933,1.470604],[124.838941,1.470591],[124.838948,1.470577],[124.838953,1.470564],[124.838961,1.47054],[124.838968,1.470496],[124.839001,1.470278],[124.839008,1.470234],[124.839003,1.470187],[124.838997,1.470166],[124.838987,1.470151],[124.838965,1.470119],[124.838927,1.470087],[124.838924,1.470085],[124.838878,1.470047],[124.838654,1.469984],[124.838505,1.469855],[124.838455,1.469697],[124.838482,1.469535],[124.838482,1.469533],[124.838488,1.469497],[124.838469,1.46927],[124.838353,1.468966],[124.838328,1.468803],[124.838331,1.468779],[124.83834,1.468746],[124.838347,1.46873],[124.838358,1.468704],[124.838379,1.468674],[124.838418,1.468642],[124.838463,1.468618],[124.838498,1.468608],[124.838877,1.468551],[124.8389,1.468538],[124.838958,1.468471],[124.838972,1.468445],[124.83899,1.468345],[124.838991,1.468306],[124.838925,1.468012],[124.838924,1.467985],[124.838923,1.467971],[124.838925,1.467954],[124.83893,1.467931],[124.838984,1.467785],[124.838986,1.46778],[124.839,1.467743],[124.839015,1.467581],[124.839029,1.467434],[124.83905,1.467264],[124.839099,1.466872],[124.839359,1.466634],[124.839515,1.466413],[124.839533,1.466378],[124.839544,1.466349],[124.839583,1.466083],[124.839585,1.466022],[124.839543,1.465741],[124.839515,1.465636],[124.839375,1.465305],[124.83921,1.465008],[124.839197,1.464985],[124.839194,1.46497],[124.839192,1.464961],[124.839118,1.464539],[124.839144,1.463949],[124.839061,1.463522],[124.839038,1.462736],[124.839072,1.462408],[124.839091,1.462003],[124.839091,1.462],[124.839095,1.461947],[124.839109,1.461751],[124.839134,1.461453],[124.839135,1.46142],[124.83913,1.461388],[124.839116,1.461347],[124.839079,1.461301],[124.839019,1.461254],[124.838947,1.46121],[124.838879,1.461181],[124.838823,1.46116],[124.838774,1.461153],[124.838601,1.461174],[124.838331,1.460842],[124.838304,1.460704],[124.838352,1.46054],[124.838368,1.460484],[124.838418,1.460302],[124.838416,1.460066],[124.838412,1.459961],[124.838408,1.459832],[124.838401,1.459775],[124.838379,1.459613],[124.838346,1.459383],[124.838339,1.459264],[124.838338,1.459256],[124.838342,1.459179],[124.838355,1.459145],[124.838374,1.459117],[124.838418,1.459072],[124.838531,1.459068],[124.838647,1.45906],[124.838713,1.459001],[124.83872,1.458813],[124.838664,1.458635],[124.838664,1.458635],[124.838652,1.458601],[124.838648,1.458591],[124.838648,1.458591],[124.838592,1.45843],[124.838584,1.458396],[124.83855,1.458388],[124.838194,1.458307],[124.837955,1.458252],[124.837932,1.458246],[124.837866,1.458664],[124.837865,1.458672]]]]},"properties":{"idkec":"7171020","nmkec":"SARIO","luas":2.0059}},{"id":918,"type":"Feature","geometry":{"type":"MultiPolygon","coordinates":[[[[124.864486,1.477517],[124.864473,1.477415],[124.864409,1.477289],[124.863448,1.476647],[124.863399,1.476605],[124.86301,1.47614],[124.862883,1.476081],[124.862876,1.476078],[124.862865,1.476074],[124.862857,1.476072],[124.862849,1.476071],[124.862848,1.476071],[124.862827,1.47607],[124.862734,1.47607],[124.862718,1.476073],[124.862704,1.476078],[124.862691,1.476085],[124.86266,1.476111],[124.862587,1.47617],[124.862328,1.476381],[124.862319,1.476388],[124.86228,1.47642],[124.862276,1.476429],[124.862271,1.47644],[124.862269,1.476458],[124.862272,1.47648],[124.86228,1.476509],[124.862301,1.476534],[124.862341,1.47656],[124.862452,1.476632],[124.862456,1.476636],[124.862511,1.476684],[124.862902,1.477119],[124.862945,1.477197],[124.862982,1.477314],[124.862981,1.477379],[124.86282,1.47807],[124.86279,1.478137],[124.862747,1.478206],[124.862697,1.478271],[124.862662,1.478303],[124.862625,1.478336],[124.862585,1.478383],[124.862454,1.478497],[124.862417,1.478531],[124.862281,1.478655],[124.862175,1.478723],[124.862132,1.478744],[124.862068,1.47875],[124.86194,1.47873],[124.861584,1.478628],[124.861263,1.478535],[124.861246,1.47853],[124.86121,1.47852],[124.861203,1.478525],[124.861201,1.478524],[124.861183,1.478522],[124.860991,1.478536],[124.860958,1.478554],[124.86094,1.478576],[124.860807,1.478721],[124.860635,1.478972],[124.860572,1.479085],[124.860471,1.479331],[124.86042,1.479433],[124.860359,1.479527],[124.860241,1.479609],[124.86017,1.479638],[124.86007,1.47968],[124.859946,1.479705],[124.859691,1.479731],[124.859421,1.479733],[124.859355,1.479734],[124.859208,1.479737],[124.85916,1.479738],[124.859135,1.479739],[124.859089,1.479747],[124.859061,1.479754],[124.859023,1.479766],[124.859023,1.479766],[124.858945,1.479797],[124.858895,1.479821],[124.858855,1.479841],[124.858824,1.479862],[124.858792,1.479885],[124.858752,1.479912],[124.858738,1.479921],[124.858618,1.480006],[124.858294,1.480258],[124.858277,1.48027],[124.858121,1.480391],[124.857973,1.480516],[124.857964,1.480524],[124.857952,1.480534],[124.857679,1.480744],[124.857611,1.480779],[124.857428,1.480832],[124.857265,1.480863],[124.857213,1.480862],[124.857207,1.48086],[124.857196,1.480856],[124.85719,1.480853],[124.857165,1.480834],[124.856984,1.480689],[124.856885,1.480645],[124.856494,1.48056],[124.856117,1.480529],[124.855881,1.480475],[124.85571,1.480437],[124.85571,1.480437],[124.855708,1.480436],[124.855707,1.480436],[124.855502,1.480402],[124.855252,1.480361],[124.855212,1.480357],[124.8552,1.480355],[124.855061,1.480334],[124.855007,1.480344],[124.854999,1.480345],[124.854998,1.480345],[124.854957,1.480362],[124.854915,1.48042],[124.854899,1.480452],[124.85487,1.480512],[124.85487,1.480512],[124.854854,1.48057],[124.854814,1.480737],[124.854808,1.480771],[124.854799,1.48082],[124.854793,1.480853],[124.854795,1.480884],[124.854796,1.480894],[124.854805,1.480934],[124.854823,1.480966],[124.854923,1.481096],[124.854968,1.481153],[124.855095,1.481272],[124.855137,1.481308],[124.855166,1.481333],[124.855213,1.481389],[124.855257,1.481462],[124.8553,1.481532],[124.855319,1.481595],[124.855322,1.481605],[124.855324,1.481635],[124.855326,1.481657],[124.855324,1.481701],[124.855314,1.481769],[124.855314,1.48177],[124.855302,1.481834],[124.855301,1.481838],[124.855278,1.481902],[124.855277,1.481904],[124.855243,1.481962],[124.855147,1.482035],[124.854969,1.482188],[124.854935,1.482223],[124.854868,1.48229],[124.854841,1.482317],[124.854809,1.482344],[124.854767,1.48238],[124.854745,1.482395],[124.854709,1.482421],[124.854701,1.482427],[124.854619,1.482462],[124.854608,1.482464],[124.854543,1.482479],[124.854466,1.482489],[124.854411,1.482488],[124.854408,1.482488],[124.854374,1.482474],[124.854353,1.482462],[124.854322,1.482444],[124.854319,1.482443],[124.854174,1.482362],[124.854148,1.482347],[124.853886,1.482081],[124.85384,1.482035],[124.853826,1.482021],[124.853773,1.481967],[124.853557,1.481787],[124.85353,1.481775],[124.853434,1.481731],[124.853232,1.481639],[124.853152,1.481597],[124.853094,1.481566],[124.852897,1.481463],[124.852845,1.481436],[124.852827,1.481426],[124.852743,1.481382],[124.852549,1.481256],[124.852498,1.481223],[124.852438,1.481184],[124.852215,1.481038],[124.852127,1.481006],[124.852011,1.480995],[124.851877,1.480998],[124.851804,1.481017],[124.851759,1.48104],[124.851725,1.48107],[124.851621,1.481228],[124.851598,1.481278],[124.851556,1.481407],[124.85155,1.481437],[124.851545,1.481466],[124.851535,1.481709],[124.851533,1.481749],[124.851536,1.481749],[124.851537,1.48175],[124.851551,1.481904],[124.851629,1.48213],[124.851703,1.482236],[124.85175,1.482303],[124.851919,1.482493],[124.851939,1.482521],[124.851999,1.482601],[124.85201,1.482616],[124.852157,1.482812],[124.85233,1.483051],[124.852382,1.483114],[124.852555,1.483307],[124.852564,1.483314],[124.852624,1.483362],[124.852894,1.483513],[124.852902,1.483517],[124.852924,1.483533],[124.853124,1.483669],[124.85327,1.483809],[124.853295,1.483836],[124.853312,1.48386],[124.853319,1.483871],[124.853337,1.483922],[124.853352,1.483991],[124.853358,1.484053],[124.853356,1.484119],[124.853345,1.484184],[124.853327,1.484242],[124.853298,1.48429],[124.853266,1.484329],[124.853214,1.484387],[124.853156,1.484442],[124.853039,1.484539],[124.852702,1.484822],[124.852186,1.485298],[124.852075,1.48541],[124.851954,1.485545],[124.851817,1.485777],[124.851739,1.485992],[124.851738,1.485996],[124.851691,1.486285],[124.851704,1.48652],[124.851704,1.486528],[124.851705,1.486557],[124.851705,1.486634],[124.85165,1.486935],[124.851473,1.487573],[124.851257,1.488357],[124.851679,1.488092],[124.852148,1.487871],[124.85215,1.48787],[124.852314,1.487792],[124.852761,1.48763],[124.852805,1.487614],[124.852936,1.487566],[124.853191,1.487516],[124.853439,1.487467],[124.853486,1.487458],[124.853786,1.487496],[124.85389,1.48755],[124.853939,1.487575],[124.85409,1.487652],[124.854333,1.487777],[124.854574,1.487981],[124.854632,1.48803],[124.854684,1.488074],[124.85469,1.48808],[124.854746,1.488127],[124.854765,1.488143],[124.854765,1.488144],[124.854778,1.488154],[124.85484,1.488207],[124.854875,1.488237],[124.855465,1.488883],[124.855528,1.488961],[124.855734,1.489215],[124.855785,1.489313],[124.855955,1.489645],[124.855968,1.489689],[124.855975,1.489715],[124.856071,1.490041],[124.856117,1.490311],[124.856131,1.490391],[124.856172,1.490478],[124.856182,1.4905],[124.856274,1.490698],[124.856311,1.490746],[124.856347,1.490792],[124.856364,1.490807],[124.856699,1.491084],[124.857273,1.491454],[124.857275,1.491456],[124.857277,1.491457],[124.857298,1.491467],[124.857845,1.491738],[124.857939,1.491764],[124.858019,1.491774],[124.858399,1.491795],[124.858435,1.491797],[124.858471,1.491799],[124.85866,1.49178],[124.85868,1.491778],[124.858861,1.491759],[124.85904,1.491712],[124.859179,1.491631],[124.859276,1.491553],[124.859376,1.491442],[124.859428,1.49139],[124.859534,1.491217],[124.859546,1.491197],[124.859599,1.491111],[124.859638,1.491037],[124.859653,1.490985],[124.859667,1.490899],[124.859684,1.490585],[124.859687,1.490443],[124.85969,1.490317],[124.859664,1.490095],[124.85966,1.490062],[124.85966,1.490062],[124.85963,1.489941],[124.859589,1.489838],[124.859539,1.489735],[124.859318,1.489418],[124.859288,1.489376],[124.859232,1.489295],[124.859208,1.489263],[124.859208,1.489262],[124.859,1.488974],[124.858932,1.488844],[124.858847,1.488576],[124.858838,1.488474],[124.858842,1.488415],[124.85892,1.487967],[124.858959,1.487879],[124.859001,1.487827],[124.859076,1.487772],[124.859126,1.487743],[124.859179,1.487713],[124.859262,1.487676],[124.859274,1.487673],[124.859298,1.487666],[124.859323,1.48766],[124.859344,1.487656],[124.859359,1.487653],[124.859588,1.487602],[124.859643,1.487602],[124.859654,1.487602],[124.859715,1.487623],[124.859854,1.487703],[124.860154,1.487861],[124.860375,1.487995],[124.860526,1.488121],[124.860649,1.488223],[124.860861,1.488471],[124.860873,1.488489],[124.860905,1.488535],[124.860932,1.488584],[124.860965,1.488671],[124.861011,1.488853],[124.861026,1.488909],[124.861041,1.48897],[124.861057,1.489104],[124.861055,1.489174],[124.861055,1.48919],[124.861049,1.489311],[124.861018,1.489975],[124.861015,1.490049],[124.860996,1.490444],[124.860991,1.490646],[124.861009,1.491179],[124.861006,1.491348],[124.860985,1.491451],[124.860849,1.491794],[124.860814,1.491917],[124.860791,1.492022],[124.860772,1.492127],[124.860759,1.492197],[124.860671,1.492688],[124.860667,1.492712],[124.860669,1.492812],[124.860721,1.493202],[124.860765,1.493437],[124.860792,1.493582],[124.860806,1.49367],[124.860828,1.49373],[124.860856,1.493764],[124.860956,1.493819],[124.861011,1.493838],[124.86107,1.493859],[124.861158,1.493878],[124.861236,1.493893],[124.861295,1.493895],[124.861362,1.493884],[124.861771,1.493739],[124.861896,1.493699],[124.861986,1.493678],[124.862055,1.49367],[124.862195,1.493658],[124.862282,1.49366],[124.862303,1.49366],[124.862353,1.49366],[124.8624,1.493671],[124.86252,1.493698],[124.862751,1.493773],[124.862762,1.493776],[124.86286,1.493807],[124.862941,1.493832],[124.862941,1.493832],[124.863156,1.493918],[124.863324,1.494009],[124.863378,1.494061],[124.863409,1.4941],[124.863436,1.494148],[124.863462,1.494224],[124.863483,1.495098],[124.863493,1.495144],[124.863585,1.495395],[124.863601,1.495439],[124.863644,1.495522],[124.863702,1.495559],[124.863766,1.495578],[124.863934,1.495565],[124.863953,1.49556],[124.863956,1.495558],[124.864052,1.495529],[124.864157,1.495461],[124.864585,1.495183],[124.864836,1.495029],[124.864949,1.494946],[124.864996,1.494911],[124.865094,1.494799],[124.865252,1.494597],[124.865401,1.494407],[124.86544,1.494357],[124.865813,1.493993],[124.865832,1.493975],[124.86615,1.493681],[124.866276,1.49357],[124.86638,1.493503],[124.866551,1.493418],[124.866694,1.493359],[124.86678,1.493336],[124.866892,1.493317],[124.867019,1.493295],[124.867091,1.493291],[124.867094,1.493291],[124.867156,1.493288],[124.867253,1.493283],[124.86739,1.493299],[124.867448,1.493307],[124.867514,1.493328],[124.867687,1.493399],[124.867755,1.493435],[124.86781,1.493472],[124.86787,1.493518],[124.867962,1.493599],[124.868182,1.49382],[124.868243,1.493881],[124.868438,1.494078],[124.868504,1.494145],[124.868589,1.494235],[124.868618,1.494268],[124.868646,1.4943],[124.868972,1.494665],[124.86913,1.494842],[124.869186,1.494905],[124.869393,1.495136],[124.869435,1.495181],[124.869483,1.495234],[124.869581,1.495329],[124.870298,1.496029],[124.870359,1.496088],[124.870487,1.496213],[124.870637,1.496304],[124.870638,1.496304],[124.870672,1.496312],[124.870694,1.496317],[124.870743,1.496327],[124.870934,1.496343],[124.870981,1.496342],[124.870988,1.496342],[124.871407,1.496335],[124.871925,1.496301],[124.872082,1.496291],[124.872151,1.496275],[124.872277,1.496227],[124.872289,1.496222],[124.872353,1.496193],[124.872454,1.496141],[124.872581,1.496084],[124.87265,1.496041],[124.873103,1.495763],[124.873249,1.49567],[124.873299,1.49563],[124.873342,1.495584],[124.873465,1.495426],[124.873559,1.495288],[124.873608,1.495191],[124.873684,1.495088],[124.873755,1.495019],[124.873833,1.494974],[124.874066,1.494874],[124.874082,1.494866],[124.874118,1.494846],[124.874139,1.494824],[124.874199,1.494752],[124.874231,1.494723],[124.874252,1.494702],[124.874298,1.494685],[124.874412,1.494684],[124.87449,1.49469],[124.874543,1.494716],[124.8746,1.494765],[124.874737,1.494914],[124.874777,1.494958],[124.874848,1.495035],[124.874983,1.495182],[124.875094,1.49532],[124.875147,1.495404],[124.875228,1.49556],[124.875332,1.495828],[124.875407,1.496196],[124.87546,1.496473],[124.875603,1.496928],[124.875668,1.497135],[124.875757,1.497273],[124.875872,1.497414],[124.875914,1.497443],[124.87605,1.497523],[124.876346,1.497649],[124.87654,1.4977],[124.876705,1.497711],[124.876835,1.497691],[124.876874,1.497681],[124.876976,1.497656],[124.877093,1.497609],[124.877219,1.497563],[124.877289,1.497514],[124.877363,1.497445],[124.877558,1.497216],[124.877825,1.496879],[124.877834,1.496865],[124.877847,1.496844],[124.877851,1.496837],[124.877854,1.496832],[124.877909,1.496744],[124.877964,1.496617],[124.878001,1.496469],[124.878043,1.496243],[124.878111,1.495757],[124.878147,1.495566],[124.878224,1.4953],[124.878321,1.495074],[124.878387,1.494956],[124.878477,1.494836],[124.878561,1.494739],[124.878693,1.494603],[124.878817,1.494518],[124.878909,1.494463],[124.879032,1.494404],[124.879158,1.494361],[124.879275,1.494339],[124.879568,1.494301],[124.879703,1.494284],[124.880823,1.494157],[124.881021,1.494135],[124.881116,1.494135],[124.881206,1.494146],[124.881247,1.494153],[124.881707,1.494224],[124.881864,1.494232],[124.881902,1.494227],[124.881995,1.494188],[124.882092,1.494129],[124.882211,1.494049],[124.882279,1.493978],[124.882315,1.493934],[124.882345,1.493883],[124.882484,1.493684],[124.882526,1.493576],[124.882562,1.493413],[124.882585,1.493309],[124.882589,1.493288],[124.882601,1.493235],[124.882675,1.492897],[124.882874,1.491751],[124.883038,1.491071],[124.883108,1.490782],[124.883339,1.490005],[124.883424,1.48977],[124.883452,1.489731],[124.883471,1.489704],[124.88353,1.489627],[124.883724,1.489482],[124.883907,1.489335],[124.883917,1.489328],[124.884165,1.48912],[124.884239,1.489057],[124.88428,1.489021],[124.884378,1.488937],[124.88461,1.488707],[124.884846,1.488577],[124.884939,1.488563],[124.885017,1.488589],[124.885074,1.488639],[124.885135,1.488723],[124.885241,1.488868],[124.885329,1.488998],[124.88556,1.489371],[124.885861,1.489694],[124.885978,1.48979],[124.886115,1.489872],[124.886343,1.489962],[124.886567,1.489985],[124.886849,1.489939],[124.887099,1.489866],[124.887206,1.489817],[124.887308,1.489744],[124.887555,1.48956],[124.887673,1.489469],[124.887761,1.489426],[124.888133,1.489308],[124.888471,1.489224],[124.888511,1.489206],[124.888513,1.489205],[124.888912,1.489025],[124.889357,1.488795],[124.889623,1.488654],[124.889858,1.488478],[124.889953,1.488386],[124.890022,1.488306],[124.8902,1.488053],[124.890303,1.487912],[124.890322,1.487824],[124.890322,1.487755],[124.890295,1.487667],[124.890265,1.487598],[124.89015,1.487291],[124.89012,1.487182],[124.890124,1.48712],[124.890159,1.486905],[124.890196,1.486749],[124.890212,1.486681],[124.890254,1.486635],[124.890322,1.4866],[124.890615,1.486501],[124.890926,1.486436],[124.891139,1.486417],[124.891325,1.486413],[124.89147,1.48639],[124.891622,1.486329],[124.891804,1.486214],[124.892032,1.486069],[124.892062,1.486019],[124.89207,1.485946],[124.892062,1.485759],[124.892032,1.485556],[124.89199,1.485403],[124.891903,1.485162],[124.891858,1.485065],[124.891766,1.484891],[124.891633,1.484719],[124.89134,1.484439],[124.89127,1.48436],[124.891232,1.483924],[124.891177,1.483445],[124.889399,1.483591],[124.88851,1.483464],[124.888022,1.481941],[124.887526,1.48024],[124.887682,1.479198],[124.887862,1.477989],[124.887863,1.477981],[124.887039,1.477308],[124.885879,1.476334],[124.885936,1.476173],[124.886206,1.475412],[124.886525,1.474411],[124.886703,1.473747],[124.886899,1.473217],[124.886906,1.473198],[124.8868,1.472551],[124.886782,1.472153],[124.886658,1.47109],[124.886873,1.470854],[124.886893,1.470831],[124.888262,1.469274],[124.887744,1.468821],[124.887269,1.468406],[124.886419,1.467821],[124.885778,1.467132],[124.884857,1.466409],[124.884857,1.466409],[124.884857,1.466409],[124.884773,1.466362],[124.884534,1.466225],[124.88442,1.46616],[124.88406,1.46597],[124.88245,1.465104],[124.88233,1.46504],[124.882215,1.464978],[124.882219,1.464969],[124.882039,1.464853],[124.881952,1.464797],[124.881874,1.464747],[124.881527,1.464523],[124.881296,1.464394],[124.881028,1.464258],[124.880566,1.463872],[124.880503,1.46382],[124.880304,1.463729],[124.880095,1.463633],[124.879642,1.463325],[124.879513,1.463177],[124.879501,1.463168],[124.879263,1.462911],[124.879206,1.462839],[124.879183,1.462811],[124.879052,1.462744],[124.879018,1.462727],[124.878865,1.462621],[124.878864,1.462621],[124.878774,1.46262],[124.878586,1.462604],[124.878439,1.462586],[124.878294,1.46258],[124.878233,1.462588],[124.87823,1.462583],[124.878229,1.462584],[124.878173,1.462554],[124.877841,1.462663],[124.877643,1.46279],[124.877452,1.462877],[124.877143,1.462999],[124.877026,1.463097],[124.876674,1.463502],[124.876588,1.463604],[124.876464,1.463824],[124.876347,1.464043],[124.876201,1.46424],[124.876149,1.464325],[124.87604,1.464504],[124.875997,1.464626],[124.875952,1.464736],[124.875939,1.46475],[124.875739,1.464982],[124.875698,1.465022],[124.875479,1.465018],[124.875263,1.464986],[124.874796,1.464869],[124.874731,1.464878],[124.87457,1.464957],[124.874442,1.464991],[124.87418,1.465063],[124.873774,1.465133],[124.873757,1.465134],[124.873519,1.465144],[124.87331,1.465226],[124.87326,1.465246],[124.873234,1.465257],[124.873186,1.46528],[124.873148,1.465297],[124.873135,1.465328],[124.872838,1.465492],[124.872756,1.465574],[124.872703,1.465628],[124.872667,1.465717],[124.872674,1.465779],[124.872775,1.465904],[124.872874,1.465997],[124.872925,1.466045],[124.87296,1.466094],[124.872987,1.466131],[124.873042,1.466276],[124.873053,1.466307],[124.873125,1.466454],[124.873225,1.46654],[124.873368,1.466607],[124.873834,1.466751],[124.874354,1.467005],[124.874603,1.467112],[124.874717,1.467183],[124.874838,1.467316],[124.87486,1.46734],[124.874899,1.467417],[124.874913,1.467476],[124.874902,1.467542],[124.87488,1.467585],[124.874804,1.467662],[124.87463,1.467757],[124.874507,1.467801],[124.874251,1.467821],[124.874034,1.467852],[124.873913,1.467924],[124.873866,1.467976],[124.873809,1.468068],[124.873726,1.468318],[124.873708,1.46847],[124.873747,1.4689],[124.873785,1.469006],[124.873831,1.469075],[124.873898,1.469125],[124.87417,1.469179],[124.87445,1.469199],[124.874726,1.469274],[124.874802,1.469325],[124.874865,1.469401],[124.874881,1.46948],[124.874802,1.469807],[124.874785,1.469961],[124.874785,1.470005],[124.874783,1.470269],[124.874781,1.470397],[124.874801,1.471082],[124.874801,1.471082],[124.874804,1.471191],[124.874801,1.471283],[124.87479,1.471374],[124.874764,1.471461],[124.874728,1.471527],[124.874601,1.471618],[124.874514,1.471651],[124.874391,1.471684],[124.874235,1.471662],[124.874152,1.471633],[124.874055,1.471558],[124.873678,1.471123],[124.873499,1.470852],[124.873293,1.470255],[124.873227,1.470184],[124.873169,1.470155],[124.873096,1.470137],[124.873009,1.470169],[124.872802,1.470374],[124.872574,1.470604],[124.872521,1.470642],[124.8725,1.470657],[124.872416,1.470719],[124.872249,1.47084],[124.872122,1.470932],[124.872031,1.471039],[124.871582,1.471825],[124.871571,1.471844],[124.871556,1.47187],[124.871518,1.47196],[124.871485,1.472036],[124.871482,1.472042],[124.871448,1.472085],[124.871443,1.472093],[124.871414,1.472126],[124.871363,1.47214],[124.871319,1.472133],[124.871185,1.472029],[124.870972,1.471865],[124.870819,1.471748],[124.870692,1.471663],[124.870578,1.471616],[124.870444,1.471562],[124.870311,1.471518],[124.870188,1.471518],[124.870095,1.471558],[124.87002,1.471606],[124.87,1.471632],[124.869961,1.471682],[124.869946,1.471701],[124.869771,1.47206],[124.869728,1.47219],[124.869725,1.472207],[124.869689,1.472374],[124.869679,1.472419],[124.869604,1.4728],[124.869607,1.472907],[124.869663,1.473115],[124.869676,1.473161],[124.869704,1.473263],[124.869965,1.473619],[124.870011,1.473682],[124.870286,1.474216],[124.870306,1.474306],[124.870306,1.474306],[124.870311,1.474381],[124.870285,1.474479],[124.87025,1.474543],[124.870185,1.474585],[124.870136,1.474594],[124.87001,1.474617],[124.869901,1.474668],[124.869266,1.475091],[124.869209,1.475114],[124.869027,1.475145],[124.868999,1.475147],[124.868977,1.475148],[124.868748,1.475132],[124.868743,1.475132],[124.868697,1.475115],[124.868624,1.47505],[124.868334,1.47481],[124.86828,1.474784],[124.868191,1.474766],[124.868165,1.474769],[124.868131,1.474773],[124.868037,1.474817],[124.867992,1.47485],[124.867939,1.474908],[124.867899,1.474978],[124.867841,1.47518],[124.867819,1.475256],[124.867791,1.475352],[124.867768,1.47541],[124.867676,1.475564],[124.86763,1.47564],[124.86739,1.476224],[124.867258,1.476546],[124.867217,1.47662],[124.867182,1.476665],[124.867169,1.476682],[124.867123,1.476743],[124.86711,1.47676],[124.866992,1.476847],[124.866934,1.476879],[124.866786,1.47693],[124.866782,1.476932],[124.866747,1.476944],[124.866486,1.477031],[124.866419,1.477044],[124.866283,1.477054],[124.86618,1.477054],[124.865791,1.476976],[124.865731,1.476976],[124.865553,1.477013],[124.865501,1.47703],[124.86537,1.4771],[124.865357,1.477116],[124.86533,1.477149],[124.86528,1.47721],[124.865279,1.477221],[124.865276,1.477274],[124.865272,1.477324],[124.865275,1.477382],[124.865324,1.477592],[124.865356,1.477646],[124.865484,1.477772],[124.865512,1.477791],[124.865518,1.477795],[124.865534,1.477801],[124.86582,1.477951],[124.865876,1.477987],[124.865911,1.478018],[124.865933,1.478047],[124.865958,1.478116],[124.865963,1.478216],[124.865939,1.478315],[124.865765,1.478687],[124.865744,1.478732],[124.86561,1.47897],[124.86548,1.4791],[124.86535,1.47916],[124.865239,1.479159],[124.865058,1.478996],[124.865008,1.478938],[124.864712,1.478511],[124.864637,1.478404],[124.864612,1.478367],[124.864603,1.478348],[124.864598,1.478338],[124.864593,1.4783],[124.864535,1.477871],[124.864515,1.477726],[124.864486,1.477517]]]]},"properties":{"idkec":"7171032","nmkec":"PAAL DUA","luas":9.0529}},{"id":919,"type":"Feature","geometry":{"type":"MultiPolygon","coordinates":[[[[124.835321,1.448787],[124.835212,1.448865],[124.835143,1.448932],[124.835108,1.448986],[124.835077,1.44906],[124.834848,1.448944],[124.834809,1.449025],[124.834832,1.449072],[124.83486,1.449121],[124.834906,1.449167],[124.834951,1.449212],[124.834934,1.449244],[124.834867,1.449357],[124.834811,1.44945],[124.834606,1.449342],[124.834578,1.449371],[124.834559,1.449391],[124.834535,1.449418],[124.834452,1.449469],[124.834451,1.449468],[124.83445,1.449469],[124.83445,1.449467],[124.834433,1.449453],[124.834171,1.449238],[124.834171,1.449238],[124.834167,1.449233],[124.83403,1.44908],[124.833975,1.449041],[124.833973,1.449073],[124.833963,1.449248],[124.833969,1.449346],[124.834009,1.449493],[124.83408,1.449687],[124.834101,1.449741],[124.834111,1.449825],[124.834101,1.449912],[124.834072,1.449979],[124.833992,1.450103],[124.83395,1.450189],[124.833935,1.450265],[124.833926,1.450342],[124.833888,1.450438],[124.833498,1.450868],[124.833462,1.45091],[124.833403,1.450978],[124.833346,1.451088],[124.83332,1.451135],[124.833295,1.451181],[124.83327,1.451227],[124.83321,1.451311],[124.833202,1.451317],[124.8332,1.451319],[124.833199,1.451319],[124.83306,1.45142],[124.832887,1.451454],[124.832721,1.451488],[124.832632,1.451505],[124.832596,1.451436],[124.832596,1.45143],[124.832478,1.45148],[124.832457,1.451435],[124.832457,1.451435],[124.832447,1.451432],[124.832387,1.451313],[124.832321,1.451173],[124.832222,1.450928],[124.832223,1.450922],[124.832132,1.450772],[124.832133,1.450772],[124.832127,1.450771],[124.832093,1.450717],[124.832094,1.450709],[124.83198,1.450523],[124.831873,1.450345],[124.831823,1.45026],[124.83182,1.450255],[124.83177,1.45017],[124.831768,1.450212],[124.83175,1.45056],[124.831752,1.450596],[124.831761,1.450766],[124.831762,1.450769],[124.83181,1.451645],[124.83181,1.45165],[124.831861,1.452202],[124.831901,1.452637],[124.831913,1.4527],[124.831935,1.452809],[124.831953,1.45285],[124.832013,1.452938],[124.832103,1.453023],[124.832262,1.45317],[124.832289,1.453209],[124.832297,1.453228],[124.832302,1.45325],[124.832302,1.45325],[124.832403,1.453242],[124.832533,1.453232],[124.832661,1.453231],[124.832671,1.453247],[124.8327,1.453393],[124.832707,1.453428],[124.832719,1.453561],[124.832719,1.453563],[124.832724,1.453615],[124.832812,1.453928],[124.832813,1.45393],[124.832836,1.45408],[124.832836,1.454084],[124.832847,1.454157],[124.832848,1.454163],[124.832872,1.454157],[124.832922,1.454256],[124.833014,1.454772],[124.833198,1.45581],[124.833175,1.455871],[124.833184,1.455887],[124.833187,1.455907],[124.833202,1.455996],[124.833213,1.456062],[124.833207,1.456085],[124.833218,1.456142],[124.833222,1.456205],[124.833222,1.456278],[124.833241,1.456351],[124.833243,1.456358],[124.833264,1.456405],[124.833298,1.456469],[124.833323,1.456537],[124.833361,1.456638],[124.83337,1.456698],[124.833378,1.4568],[124.833403,1.456868],[124.833424,1.456923],[124.833471,1.456957],[124.833551,1.456961],[124.833614,1.456948],[124.833657,1.456948],[124.833699,1.456991],[124.833745,1.457135],[124.833812,1.457349],[124.833813,1.457352],[124.833836,1.457566],[124.833837,1.45758],[124.834314,1.457524],[124.834425,1.457521],[124.834579,1.45751],[124.834611,1.457508],[124.834611,1.457508],[124.834677,1.457504],[124.834919,1.457487],[124.8351,1.457475],[124.835633,1.457509],[124.835708,1.457524],[124.835711,1.457524],[124.835722,1.457526],[124.835862,1.457554],[124.835922,1.457565],[124.836097,1.457679],[124.836109,1.457697],[124.83615,1.457756],[124.836317,1.458003],[124.836341,1.458038],[124.836342,1.45804],[124.83641,1.458381],[124.836427,1.458631],[124.836427,1.458632],[124.83643,1.458632],[124.836435,1.458632],[124.837799,1.458667],[124.837862,1.458672],[124.837865,1.458672],[124.837866,1.458664],[124.837932,1.458246],[124.837955,1.458252],[124.838194,1.458307],[124.83855,1.458388],[124.838584,1.458396],[124.838592,1.45843],[124.838648,1.458591],[124.838648,1.458591],[124.838652,1.458601],[124.838664,1.458635],[124.838664,1.458635],[124.83872,1.458813],[124.838713,1.459001],[124.838647,1.45906],[124.838531,1.459068],[124.838418,1.459072],[124.838374,1.459117],[124.838355,1.459145],[124.838342,1.459179],[124.838338,1.459256],[124.838339,1.459264],[124.838346,1.459383],[124.838379,1.459613],[124.838401,1.459775],[124.838408,1.459832],[124.838412,1.459961],[124.838416,1.460066],[124.838418,1.460302],[124.838368,1.460484],[124.838352,1.46054],[124.838304,1.460704],[124.838331,1.460842],[124.838601,1.461174],[124.838774,1.461153],[124.838823,1.46116],[124.838879,1.461181],[124.838947,1.46121],[124.839019,1.461254],[124.839079,1.461301],[124.839116,1.461347],[124.83913,1.461388],[124.839135,1.46142],[124.839134,1.461453],[124.839109,1.461751],[124.839095,1.461947],[124.839091,1.462],[124.839091,1.462003],[124.839072,1.462408],[124.839038,1.462736],[124.839061,1.463522],[124.839144,1.463949],[124.839118,1.464539],[124.839192,1.464961],[124.839194,1.46497],[124.839197,1.464985],[124.83921,1.465008],[124.839375,1.465305],[124.839515,1.465636],[124.839543,1.465741],[124.839585,1.466022],[124.839583,1.466083],[124.839544,1.466349],[124.839533,1.466378],[124.839515,1.466413],[124.839359,1.466634],[124.839099,1.466872],[124.83905,1.467264],[124.839029,1.467434],[124.839015,1.467581],[124.839,1.467743],[124.838986,1.46778],[124.838984,1.467785],[124.83893,1.467931],[124.838925,1.467954],[124.838923,1.467971],[124.838924,1.467985],[124.838925,1.468012],[124.838991,1.468306],[124.83899,1.468345],[124.838972,1.468445],[124.838958,1.468471],[124.8389,1.468538],[124.838877,1.468551],[124.838498,1.468608],[124.838463,1.468618],[124.838418,1.468642],[124.838379,1.468674],[124.838358,1.468704],[124.838347,1.46873],[124.83834,1.468746],[124.838331,1.468779],[124.838328,1.468803],[124.838353,1.468966],[124.838469,1.46927],[124.838488,1.469497],[124.838482,1.469533],[124.838482,1.469535],[124.838455,1.469697],[124.838505,1.469855],[124.838654,1.469984],[124.838878,1.470047],[124.838924,1.470085],[124.838927,1.470087],[124.838965,1.470119],[124.838987,1.470151],[124.838997,1.470166],[124.839003,1.470187],[124.839008,1.470234],[124.839001,1.470278],[124.838968,1.470496],[124.838961,1.47054],[124.838953,1.470564],[124.838948,1.470577],[124.838941,1.470591],[124.838933,1.470604],[124.838914,1.470624],[124.838653,1.470842],[124.838648,1.470847],[124.83847,1.470995],[124.838431,1.471019],[124.838427,1.471021],[124.838123,1.471145],[124.838061,1.471152],[124.838003,1.471154],[124.838001,1.471153],[124.837954,1.471151],[124.837912,1.471145],[124.837875,1.471137],[124.837278,1.470886],[124.837257,1.470882],[124.837236,1.470879],[124.837234,1.470879],[124.837214,1.470879],[124.837203,1.470881],[124.83719,1.470883],[124.83717,1.470889],[124.837158,1.470896],[124.837146,1.470908],[124.837061,1.471135],[124.83703,1.471217],[124.83703,1.471234],[124.837032,1.471255],[124.837037,1.471278],[124.837068,1.471363],[124.837102,1.47149],[124.837105,1.471511],[124.837105,1.471517],[124.837103,1.471528],[124.837096,1.471562],[124.836952,1.472063],[124.83677,1.472463],[124.836727,1.472531],[124.836691,1.472571],[124.836592,1.472691],[124.83646,1.47285],[124.836437,1.472876],[124.836434,1.47288],[124.836428,1.472886],[124.836428,1.472887],[124.83643,1.472892],[124.836436,1.472902],[124.836652,1.473292],[124.836835,1.473551],[124.836978,1.473678],[124.836989,1.473688],[124.836989,1.473689],[124.837057,1.473727],[124.837095,1.473748],[124.837185,1.47377],[124.837364,1.473787],[124.837517,1.473816],[124.837668,1.473834],[124.837743,1.473842],[124.838052,1.473204],[124.838446,1.472622],[124.8385,1.472581],[124.838501,1.472582],[124.838613,1.472517],[124.838724,1.472464],[124.838813,1.472464],[124.838889,1.472475],[124.838953,1.472503],[124.839002,1.472539],[124.83902,1.472558],[124.839024,1.472556],[124.839023,1.472556],[124.839024,1.472556],[124.839024,1.472556],[124.83903,1.472555],[124.83903,1.472553],[124.83948,1.472474],[124.839911,1.47238],[124.839985,1.472385],[124.84003,1.4724],[124.840266,1.472372],[124.840696,1.471991],[124.840739,1.471965],[124.840739,1.471964],[124.840923,1.471799],[124.840925,1.471797],[124.840936,1.471787],[124.841038,1.471871],[124.841072,1.471893],[124.841098,1.471935],[124.841133,1.471959],[124.841159,1.472017],[124.841151,1.472083],[124.841096,1.472142],[124.841022,1.472182],[124.840951,1.47221],[124.840938,1.472236],[124.84109,1.472333],[124.841133,1.472361],[124.841179,1.472349],[124.841206,1.47232],[124.841251,1.472271],[124.841286,1.472222],[124.841333,1.47216],[124.841354,1.472125],[124.841393,1.47209],[124.841429,1.472103],[124.84146,1.472136],[124.841462,1.472171],[124.841474,1.472191],[124.841507,1.472215],[124.841548,1.472239],[124.841562,1.472251],[124.841485,1.472347],[124.84149,1.472353],[124.841493,1.472356],[124.841495,1.472358],[124.841499,1.472362],[124.841498,1.472362],[124.841601,1.47248],[124.841719,1.472617],[124.84175,1.47266],[124.84172,1.47318],[124.84169,1.474005],[124.84169,1.47401],[124.84194,1.474024],[124.84205,1.47403],[124.843061,1.47456],[124.843065,1.474561],[124.843068,1.474563],[124.843117,1.474589],[124.84394,1.47502],[124.843951,1.475026],[124.84398,1.475041],[124.844119,1.475113],[124.844278,1.475174],[124.844353,1.475188],[124.844391,1.475195],[124.8446,1.47523],[124.844742,1.475254],[124.844819,1.47527],[124.844874,1.475286],[124.844999,1.47535],[124.84501,1.475356],[124.84508,1.475392],[124.845144,1.475421],[124.84522,1.475461],[124.845279,1.47551],[124.84529,1.47552],[124.84531,1.475542],[124.845326,1.475561],[124.84544,1.47569],[124.845452,1.4757],[124.845472,1.475714],[124.845582,1.475799],[124.846165,1.476061],[124.846198,1.476071],[124.846586,1.476188],[124.84662,1.4762],[124.846619,1.476207],[124.846618,1.476214],[124.846759,1.476192],[124.847997,1.476],[124.848,1.476],[124.848086,1.475986],[124.848366,1.475414],[124.848372,1.4754],[124.849031,1.473963],[124.848791,1.473577],[124.848618,1.473311],[124.848552,1.473045],[124.848392,1.472819],[124.848366,1.472619],[124.84801,1.472672],[124.84801,1.472667],[124.848011,1.472614],[124.848116,1.472383],[124.848334,1.471881],[124.848467,1.471868],[124.848545,1.471872],[124.848653,1.471857],[124.848742,1.471829],[124.84882,1.471744],[124.848951,1.471636],[124.848978,1.471624],[124.849033,1.471648],[124.849141,1.47169],[124.849203,1.471752],[124.850056,1.471382],[124.850507,1.47153],[124.852055,1.471658],[124.852305,1.471679],[124.852557,1.471783],[124.852575,1.471779],[124.852569,1.471786],[124.853194,1.471832],[124.853195,1.471832],[124.853255,1.471566],[124.853301,1.471393],[124.853315,1.471293],[124.853235,1.47116],[124.853188,1.471107],[124.853159,1.47079],[124.853122,1.470264],[124.853122,1.470259],[124.85311,1.470169],[124.853047,1.469873],[124.852996,1.469638],[124.853106,1.469644],[124.853269,1.469651],[124.853308,1.469653],[124.853534,1.46968],[124.853707,1.46968],[124.853913,1.469726],[124.854146,1.469746],[124.854313,1.469746],[124.854924,1.469725],[124.854923,1.469723],[124.854918,1.469712],[124.854917,1.469707],[124.854877,1.469598],[124.853936,1.467043],[124.853855,1.466789],[124.853842,1.46659],[124.853838,1.466539],[124.853842,1.466512],[124.853944,1.465801],[124.854325,1.465401],[124.854782,1.465243],[124.854788,1.465237],[124.854799,1.465233],[124.855126,1.465126],[124.8554,1.465037],[124.855542,1.465056],[124.855626,1.465067],[124.855769,1.4651],[124.855846,1.465187],[124.856355,1.465649],[124.856358,1.465652],[124.856367,1.465643],[124.856407,1.465603],[124.856578,1.465443],[124.856771,1.465271],[124.85681,1.46524],[124.856831,1.465224],[124.856949,1.465151],[124.856985,1.465136],[124.856993,1.465133],[124.857001,1.465125],[124.857004,1.465116],[124.857006,1.465107],[124.857102,1.464769],[124.857101,1.464711],[124.857027,1.464468],[124.857019,1.464444],[124.857016,1.464366],[124.857015,1.464332],[124.857025,1.464211],[124.857028,1.464184],[124.857044,1.46407],[124.857039,1.464021],[124.857037,1.464017],[124.85687,1.463926],[124.856731,1.463769],[124.856696,1.463707],[124.856692,1.463709],[124.856692,1.463709],[124.856586,1.463487],[124.85659,1.463385],[124.856767,1.463318],[124.856886,1.463272],[124.85702,1.463221],[124.857025,1.463218],[124.857127,1.463165],[124.857229,1.463102],[124.85737,1.463029],[124.857608,1.462931],[124.85774,1.462878],[124.858008,1.462786],[124.858378,1.462659],[124.858427,1.462643],[124.858641,1.462561],[124.85883,1.462496],[124.858943,1.46245],[124.859069,1.462388],[124.859087,1.462379],[124.859076,1.462344],[124.859029,1.462199],[124.858946,1.46198],[124.858929,1.461935],[124.858834,1.461976],[124.858773,1.461877],[124.858887,1.461814],[124.858859,1.461723],[124.85883,1.461601],[124.858861,1.46149],[124.859117,1.461291],[124.859253,1.461219],[124.859248,1.461198],[124.859247,1.461197],[124.859245,1.461185],[124.859178,1.460903],[124.859111,1.460769],[124.859064,1.460702],[124.858963,1.460587],[124.858845,1.460452],[124.858469,1.460021],[124.858467,1.46002],[124.858463,1.460015],[124.858432,1.459979],[124.858592,1.459549],[124.858633,1.459423],[124.858801,1.458909],[124.858903,1.458595],[124.859109,1.457964],[124.859392,1.457074],[124.859376,1.45684],[124.859538,1.456581],[124.860156,1.455219],[124.860332,1.454717],[124.860131,1.454458],[124.859463,1.454065],[124.859374,1.454065],[124.8594,1.453545],[124.8594,1.453542],[124.859402,1.453497],[124.859404,1.453442],[124.859931,1.453656],[124.860173,1.453714],[124.86039,1.453748],[124.860524,1.453455],[124.861042,1.452277],[124.862129,1.449786],[124.862513,1.449168],[124.86258,1.449018],[124.862584,1.449012],[124.862588,1.449014],[124.862231,1.448221],[124.861584,1.447124],[124.861523,1.447075],[124.861399,1.44679],[124.861369,1.446692],[124.861351,1.446648],[124.861304,1.446529],[124.861187,1.4461],[124.861226,1.445848],[124.8613,1.445376],[124.861297,1.444997],[124.861292,1.444452],[124.861555,1.44357],[124.861545,1.442508],[124.861656,1.442068],[124.861727,1.441726],[124.862278,1.439304],[124.862288,1.439078],[124.862268,1.438874],[124.862247,1.438695],[124.862242,1.438655],[124.862227,1.438464],[124.862203,1.438251],[124.862164,1.438046],[124.862126,1.437806],[124.861879,1.437226],[124.861811,1.437101],[124.861774,1.437043],[124.861717,1.436954],[124.86158,1.436851],[124.861479,1.436762],[124.86132,1.436688],[124.86121,1.436671],[124.861181,1.436666],[124.861166,1.436664],[124.861015,1.436681],[124.860853,1.436677],[124.860663,1.436699],[124.86049,1.436714],[124.860281,1.436727],[124.860086,1.436761],[124.859934,1.436774],[124.859849,1.436782],[124.859009,1.436919],[124.858727,1.436916],[124.858147,1.436826],[124.857813,1.436778],[124.857118,1.43683],[124.856926,1.436907],[124.856737,1.436986],[124.856235,1.437236],[124.856068,1.437319],[124.855411,1.437944],[124.855169,1.438099],[124.855145,1.438106],[124.855122,1.438112],[124.854378,1.438308],[124.853549,1.438183],[124.853509,1.438177],[124.853209,1.437998],[124.852903,1.438044],[124.852698,1.438239],[124.852441,1.438379],[124.852399,1.438571],[124.852399,1.438737],[124.852438,1.439125],[124.852114,1.439657],[124.852091,1.439797],[124.852024,1.439887],[124.851932,1.439904],[124.851606,1.439966],[124.851415,1.440002],[124.851311,1.44002],[124.850886,1.440093],[124.850866,1.440097],[124.850851,1.440102],[124.850828,1.44011],[124.850827,1.44011],[124.850782,1.440116],[124.850756,1.44011],[124.850778,1.440228],[124.850785,1.44027],[124.850789,1.440295],[124.850794,1.440443],[124.850774,1.440497],[124.850742,1.440555],[124.850703,1.440617],[124.850589,1.44075],[124.85031,1.441084],[124.850288,1.441111],[124.849926,1.441543],[124.849839,1.441699],[124.849831,1.441779],[124.849846,1.441853],[124.849902,1.442028],[124.849905,1.442181],[124.849885,1.4423],[124.84988,1.442328],[124.849727,1.442783],[124.849668,1.443042],[124.849716,1.443141],[124.849721,1.443152],[124.84983,1.443252],[124.850106,1.443367],[124.850144,1.443417],[124.850105,1.4436],[124.84995,1.444036],[124.849941,1.444063],[124.849888,1.444197],[124.84986,1.444266],[124.849798,1.444593],[124.849769,1.444743],[124.849744,1.444978],[124.849593,1.445207],[124.849586,1.445219],[124.849421,1.445181],[124.84921,1.444972],[124.849135,1.444825],[124.849042,1.444709],[124.848912,1.444709],[124.8488,1.444728],[124.848589,1.44475],[124.848443,1.444797],[124.848365,1.444879],[124.848342,1.444913],[124.848269,1.445026],[124.848244,1.44513],[124.84819,1.44511],[124.848153,1.445065],[124.8481,1.445],[124.848078,1.444919],[124.84806,1.44485],[124.84797,1.44356],[124.847893,1.443209],[124.84778,1.44269],[124.84769,1.44232],[124.846954,1.442398],[124.846085,1.44249],[124.846069,1.442491],[124.84598,1.442501],[124.845846,1.442512],[124.844531,1.442625],[124.84418,1.444071],[124.844175,1.444071],[124.843895,1.445139],[124.843653,1.445846],[124.843359,1.446172],[124.843318,1.446217],[124.842398,1.446905],[124.841972,1.447196],[124.841965,1.447201],[124.841965,1.447202],[124.841965,1.447207],[124.841965,1.447208],[124.841964,1.447208],[124.841916,1.447273],[124.841796,1.447346],[124.841644,1.447437],[124.841647,1.447443],[124.841642,1.447444],[124.841687,1.447661],[124.841714,1.447787],[124.84176,1.448163],[124.841375,1.448356],[124.841368,1.448383],[124.84136,1.448414],[124.841357,1.448417],[124.841357,1.448414],[124.841317,1.448414],[124.841207,1.44846],[124.840902,1.44867],[124.840624,1.448777],[124.840604,1.448844],[124.840599,1.448844],[124.840586,1.448846],[124.840586,1.448851],[124.840525,1.449137],[124.840507,1.449222],[124.840498,1.449428],[124.840488,1.449474],[124.84045,1.449648],[124.840403,1.44986],[124.840352,1.45012],[124.84035,1.45013],[124.840346,1.450124],[124.840242,1.450121],[124.840172,1.450146],[124.839976,1.450143],[124.839949,1.450347],[124.839952,1.45035],[124.839945,1.450402],[124.839942,1.450425],[124.839815,1.450427],[124.839647,1.450433],[124.839607,1.450549],[124.839546,1.450671],[124.839515,1.450815],[124.839491,1.450889],[124.839486,1.450887],[124.839059,1.450685],[124.838539,1.450477],[124.83855,1.45045],[124.83857,1.45035],[124.838655,1.449999],[124.83869,1.449852],[124.838688,1.449851],[124.838673,1.449848],[124.838673,1.449848],[124.837921,1.44971],[124.837536,1.449702],[124.837265,1.449644],[124.836385,1.449227],[124.836343,1.449204],[124.836242,1.449094],[124.836198,1.449047],[124.83609,1.44893],[124.835973,1.448809],[124.835968,1.448804],[124.83578,1.44861],[124.835486,1.448355],[124.835483,1.448363],[124.835464,1.44842],[124.835441,1.448534],[124.835426,1.448619],[124.835414,1.448662],[124.835387,1.448713],[124.835321,1.448787]]]]},"properties":{"idkec":"7171021","nmkec":"WANEA","luas":8.4614}},{"id":920,"type":"Feature","geometry":{"type":"MultiPolygon","coordinates":[[[[124.805253,1.437299],[124.805084,1.437356],[124.804809,1.437447],[124.804633,1.437505],[124.804617,1.437511],[124.804613,1.437511],[124.804534,1.437541],[124.804455,1.437569],[124.80431,1.437619],[124.804064,1.43771],[124.803989,1.437747],[124.803796,1.437841],[124.8035,1.438078],[124.803182,1.438363],[124.803158,1.438383],[124.803129,1.438399],[124.803041,1.438436],[124.802932,1.438479],[124.802893,1.43849],[124.802859,1.438488],[124.802764,1.438479],[124.802735,1.438476],[124.802682,1.438465],[124.802554,1.438457],[124.802546,1.438456],[124.802414,1.438496],[124.802383,1.438505],[124.802263,1.438589],[124.802187,1.438663],[124.802103,1.438738],[124.801933,1.438903],[124.801807,1.439],[124.801612,1.439202],[124.801189,1.439625],[124.80085,1.439911],[124.800192,1.440393],[124.799941,1.44055],[124.799923,1.440561],[124.799846,1.440579],[124.799541,1.440546],[124.799373,1.440502],[124.799216,1.440439],[124.799136,1.440396],[124.799007,1.440329],[124.798891,1.440269],[124.79888,1.440263],[124.798737,1.440189],[124.798695,1.440167],[124.798694,1.440167],[124.798692,1.440165],[124.798683,1.440163],[124.798166,1.43997],[124.79797,1.439922],[124.797936,1.439914],[124.797814,1.439927],[124.797775,1.439932],[124.797775,1.440011],[124.79776,1.440064],[124.797725,1.440092],[124.797605,1.440151],[124.79739,1.440315],[124.7971,1.440523],[124.797041,1.440557],[124.796983,1.440613],[124.796955,1.44073],[124.79694,1.440793],[124.796935,1.440925],[124.796967,1.441026],[124.796992,1.441041],[124.797047,1.44103],[124.797125,1.441041],[124.797243,1.441122],[124.797327,1.44122],[124.797399,1.441293],[124.797442,1.441407],[124.797482,1.441514],[124.797493,1.441571],[124.797502,1.441607],[124.79752,1.441681],[124.797513,1.441751],[124.797506,1.441771],[124.797454,1.442037],[124.797404,1.442158],[124.797348,1.442175],[124.797326,1.442182],[124.797029,1.442271],[124.797002,1.442279],[124.796698,1.442426],[124.795602,1.442951],[124.795461,1.443003],[124.79518,1.443016],[124.795165,1.443006],[124.794188,1.443231],[124.793994,1.443276],[124.793921,1.44419],[124.793881,1.444688],[124.793394,1.444678],[124.792486,1.444604],[124.792481,1.444608],[124.792246,1.44437],[124.791861,1.44398],[124.791231,1.443341],[124.791204,1.443345],[124.791192,1.443347],[124.791191,1.443347],[124.791036,1.443368],[124.790336,1.443419],[124.789789,1.44335],[124.789655,1.443338],[124.789511,1.443327],[124.78938,1.443313],[124.789248,1.443299],[124.789116,1.443285],[124.78901,1.44329],[124.788844,1.443293],[124.788805,1.443295],[124.788805,1.443295],[124.788725,1.443299],[124.788681,1.443306],[124.788597,1.443319],[124.788587,1.443321],[124.788443,1.443343],[124.788301,1.443365],[124.788159,1.443387],[124.788028,1.443409],[124.788005,1.443413],[124.787878,1.443458],[124.787737,1.443493],[124.7876,1.443541],[124.787475,1.443587],[124.787341,1.443647],[124.787208,1.443707],[124.787153,1.443735],[124.787098,1.443762],[124.787073,1.443774],[124.787074,1.44378],[124.787045,1.443849],[124.786946,1.444081],[124.786537,1.445042],[124.786398,1.445369],[124.786361,1.445456],[124.78583,1.446703],[124.785748,1.446796],[124.785557,1.447014],[124.784491,1.447353],[124.784475,1.447353],[124.784475,1.44736],[124.784476,1.44737],[124.784476,1.447488],[124.784476,1.447509],[124.784477,1.447641],[124.784466,1.447788],[124.784461,1.447813],[124.784461,1.447813],[124.784392,1.44815],[124.784347,1.448439],[124.784352,1.44856],[124.784372,1.448692],[124.784404,1.448824],[124.784414,1.448843],[124.784462,1.448941],[124.784495,1.449063],[124.784498,1.44908],[124.784514,1.449186],[124.78453,1.449293],[124.784533,1.449311],[124.784515,1.449453],[124.784506,1.449569],[124.784501,1.449712],[124.784495,1.449829],[124.784495,1.449829],[124.784494,1.449842],[124.7845,1.449971],[124.784498,1.450032],[124.784495,1.450116],[124.784496,1.450209],[124.784504,1.450349],[124.784504,1.450353],[124.784502,1.450513],[124.784512,1.450672],[124.784508,1.450691],[124.784478,1.450812],[124.784452,1.451007],[124.784404,1.451152],[124.784384,1.451293],[124.784352,1.45145],[124.784312,1.451554],[124.784177,1.452161],[124.784122,1.452409],[124.784058,1.452694],[124.783991,1.453252],[124.783962,1.453492],[124.78386,1.453877],[124.783782,1.45413],[124.783708,1.454373],[124.783691,1.454465],[124.783646,1.454707],[124.783669,1.454943],[124.783788,1.455437],[124.783938,1.457198],[124.783942,1.45724],[124.783947,1.4573],[124.78395,1.45734],[124.784014,1.458088],[124.784137,1.458481],[124.784216,1.45911],[124.784265,1.461228],[124.784309,1.461231],[124.784385,1.461195],[124.784452,1.461195],[124.784499,1.461231],[124.784545,1.46126],[124.784589,1.461324],[124.784621,1.46135],[124.784636,1.461327],[124.784677,1.461274],[124.784723,1.461242],[124.784847,1.461192],[124.78519,1.461263],[124.785204,1.461321],[124.785236,1.461347],[124.78528,1.461365],[124.78533,1.461373],[124.785569,1.4614],[124.786035,1.461481],[124.786242,1.461513],[124.786388,1.461519],[124.786819,1.461517],[124.786977,1.461473],[124.787073,1.461461],[124.787319,1.461472],[124.78745,1.461496],[124.787683,1.461545],[124.787837,1.461583],[124.787971,1.461607],[124.788079,1.4616],[124.788403,1.461569],[124.788466,1.461563],[124.788559,1.461531],[124.788584,1.461484],[124.788601,1.46147],[124.788636,1.461464],[124.78868,1.461489],[124.788909,1.461409],[124.788966,1.461353],[124.789027,1.461327],[124.789115,1.461295],[124.789193,1.461228],[124.789211,1.461187],[124.789202,1.461158],[124.789208,1.461079],[124.789217,1.461038],[124.789246,1.461],[124.789292,1.460974],[124.789354,1.460971],[124.789397,1.46098],[124.789473,1.460971],[124.789753,1.460677],[124.789887,1.460624],[124.789897,1.46062],[124.789966,1.460589],[124.790118,1.46053],[124.790146,1.460529],[124.790208,1.46056],[124.790258,1.460566],[124.790307,1.46056],[124.790395,1.460563],[124.790479,1.460563],[124.790552,1.460557],[124.790605,1.460557],[124.790672,1.460557],[124.790707,1.46056],[124.790742,1.460572],[124.790779,1.460583],[124.79082,1.460589],[124.790893,1.460569],[124.790975,1.46056],[124.791039,1.46056],[124.791106,1.460572],[124.79115,1.46058],[124.791199,1.460598],[124.791275,1.460621],[124.791371,1.460659],[124.791433,1.460668],[124.791485,1.460679],[124.791535,1.460679],[124.79164,1.460677],[124.791692,1.460659],[124.791788,1.460615],[124.791809,1.460611],[124.791818,1.460609],[124.791847,1.460604],[124.791911,1.460612],[124.792007,1.460607],[124.792097,1.460572],[124.792179,1.460518],[124.792188,1.46047],[124.792188,1.460437],[124.792208,1.460408],[124.792246,1.460405],[124.792316,1.460405],[124.792366,1.460405],[124.792412,1.460397],[124.792439,1.46037],[124.792459,1.460344],[124.792497,1.460347],[124.79252,1.46037],[124.792565,1.460407],[124.792654,1.460381],[124.792675,1.460344],[124.792698,1.460327],[124.792727,1.460324],[124.792763,1.46035],[124.792832,1.460362],[124.792891,1.460341],[124.792931,1.460312],[124.792935,1.460263],[124.792914,1.460219],[124.792891,1.460187],[124.792899,1.460166],[124.79294,1.460166],[124.792987,1.460169],[124.793042,1.460146],[124.793089,1.460125],[124.793136,1.460088],[124.793168,1.460047],[124.793185,1.460018],[124.793261,1.459988],[124.793331,1.45998],[124.793378,1.459983],[124.793594,1.460036],[124.793601,1.460037],[124.793652,1.46005],[124.793695,1.460059],[124.793716,1.460064],[124.793774,1.460064],[124.793812,1.460061],[124.79387,1.46005],[124.793894,1.460041],[124.793911,1.460035],[124.793993,1.460008],[124.794028,1.460003],[124.794049,1.460003],[124.794083,1.460003],[124.794165,1.460009],[124.794232,1.460026],[124.794346,1.460055],[124.794459,1.460093],[124.794491,1.460111],[124.794585,1.460125],[124.794658,1.460131],[124.794731,1.460134],[124.794824,1.460134],[124.794903,1.460137],[124.79501,1.460163],[124.795107,1.460181],[124.79532,1.46023],[124.79548,1.460289],[124.795527,1.460306],[124.79557,1.460338],[124.795602,1.46037],[124.795643,1.460426],[124.795661,1.460478],[124.795681,1.460551],[124.79571,1.460577],[124.79578,1.460554],[124.795807,1.460525],[124.795833,1.460487],[124.795847,1.460437],[124.795871,1.460379],[124.795892,1.460306],[124.795926,1.460277],[124.795996,1.460248],[124.796031,1.460233],[124.796049,1.460201],[124.79606,1.460163],[124.796101,1.460143],[124.79615,1.460144],[124.796197,1.460172],[124.796217,1.460223],[124.796258,1.460242],[124.796326,1.460242],[124.796422,1.460248],[124.796477,1.460248],[124.796524,1.460257],[124.796553,1.460274],[124.796582,1.460289],[124.796629,1.460306],[124.796655,1.460309],[124.796725,1.460344],[124.796775,1.460391],[124.796786,1.460408],[124.796804,1.460443],[124.796839,1.460464],[124.796885,1.460464],[124.796935,1.460449],[124.796964,1.460435],[124.796987,1.460437],[124.797028,1.460464],[124.797075,1.460475],[124.797119,1.460478],[124.797162,1.460478],[124.797235,1.460461],[124.797264,1.460437],[124.797297,1.460405],[124.797357,1.460352],[124.797557,1.460357],[124.797609,1.460417],[124.797641,1.460437],[124.79769,1.460443],[124.797737,1.460432],[124.797795,1.460362],[124.797862,1.460321],[124.797906,1.460324],[124.797962,1.460366],[124.798046,1.460376],[124.798128,1.46037],[124.798198,1.46037],[124.798303,1.460353],[124.798396,1.460321],[124.798451,1.460286],[124.798512,1.460231],[124.798556,1.460134],[124.798597,1.460111],[124.798655,1.460093],[124.798746,1.460093],[124.798816,1.460093],[124.798883,1.460099],[124.798921,1.46013],[124.799008,1.460149],[124.799066,1.460137],[124.799101,1.46014],[124.799134,1.460155],[124.799166,1.460158],[124.799221,1.460155],[124.799265,1.46012],[124.799296,1.460083],[124.799369,1.460078],[124.799381,1.460077],[124.799456,1.460073],[124.799658,1.46006],[124.799995,1.460064],[124.800202,1.460111],[124.800298,1.460149],[124.800412,1.460187],[124.80052,1.460228],[124.800596,1.460231],[124.80068,1.460207],[124.800817,1.46019],[124.80092,1.460181],[124.801022,1.460204],[124.801261,1.460283],[124.801375,1.460295],[124.80157,1.46028],[124.801801,1.460222],[124.801947,1.460172],[124.80202,1.460166],[124.802215,1.460195],[124.802256,1.460236],[124.802241,1.460292],[124.802244,1.46033],[124.8023,1.460356],[124.802349,1.460353],[124.802907,1.460321],[124.802883,1.460187],[124.803029,1.46019],[124.803222,1.46021],[124.803371,1.460239],[124.803592,1.460283],[124.803785,1.460301],[124.803907,1.46028],[124.80396,1.460254],[124.803992,1.460169],[124.804018,1.460129],[124.8041,1.460102],[124.804234,1.460102],[124.804383,1.460137],[124.804596,1.460169],[124.804628,1.460193],[124.804628,1.460324],[124.804658,1.460332],[124.804721,1.460312],[124.804812,1.460333],[124.804853,1.460375],[124.805271,1.460456],[124.805308,1.460429],[124.805325,1.460385],[124.805334,1.460277],[124.805328,1.460225],[124.805334,1.460199],[124.805366,1.460169],[124.805425,1.460143],[124.805989,1.459893],[124.806962,1.459353],[124.80751,1.459092],[124.807695,1.459022],[124.807714,1.459058],[124.807722,1.459101],[124.807807,1.45948],[124.807824,1.459533],[124.807839,1.45956],[124.807862,1.459578],[124.807921,1.459581],[124.808026,1.459553],[124.80876,1.459375],[124.808857,1.459365],[124.80892,1.459367],[124.80897,1.459372],[124.809197,1.459344],[124.809242,1.459342],[124.809262,1.459349],[124.809311,1.45948],[124.809344,1.459558],[124.809396,1.459603],[124.809486,1.459648],[124.809593,1.459671],[124.809668,1.459671],[124.809706,1.459658],[124.809711,1.459638],[124.809696,1.459618],[124.809648,1.459603],[124.809524,1.45957],[124.809439,1.459528],[124.809371,1.459395],[124.809364,1.459344],[124.809376,1.459324],[124.809404,1.459309],[124.809561,1.459284],[124.809593,1.459287],[124.809621,1.459304],[124.809651,1.459432],[124.809661,1.459478],[124.809671,1.459508],[124.809721,1.459535],[124.809748,1.459535],[124.809796,1.459533],[124.810736,1.459284],[124.810791,1.459282],[124.810864,1.459282],[124.810916,1.459287],[124.810961,1.459322],[124.810998,1.459364],[124.811033,1.459372],[124.811063,1.459372],[124.811108,1.45935],[124.811118,1.45928],[124.811136,1.459251],[124.811345,1.459251],[124.81137,1.459251],[124.811393,1.459231],[124.811415,1.459204],[124.81147,1.459063],[124.81157,1.458681],[124.811615,1.458508],[124.811627,1.458388],[124.811637,1.458287],[124.811655,1.458254],[124.811712,1.458203],[124.811794,1.4582],[124.812389,1.458305],[124.812445,1.458334],[124.812521,1.458375],[124.812588,1.458395],[124.812637,1.458422],[124.812775,1.458498],[124.813007,1.45856],[124.813169,1.458553],[124.813291,1.458547],[124.813501,1.458565],[124.813688,1.458585],[124.813781,1.458605],[124.813837,1.458635],[124.813886,1.458696],[124.813924,1.458753],[124.813984,1.458765],[124.813985,1.458765],[124.814008,1.45877],[124.814067,1.458782],[124.814274,1.458827],[124.814435,1.458842],[124.814622,1.458827],[124.814762,1.458786],[124.814884,1.458743],[124.814934,1.458737],[124.81498,1.458731],[124.815024,1.458696],[124.815068,1.458617],[124.815103,1.458518],[124.815138,1.458489],[124.815196,1.458471],[124.8153,1.458465],[124.815383,1.458477],[124.81545,1.45848],[124.815511,1.458465],[124.815561,1.458427],[124.815637,1.458372],[124.815678,1.458363],[124.815739,1.458381],[124.815783,1.458407],[124.815905,1.4585],[124.816005,1.45855],[124.816188,1.458626],[124.816337,1.45869],[124.816405,1.458726],[124.816469,1.45876],[124.816629,1.458877],[124.816582,1.459084],[124.8166,1.459119],[124.816635,1.459154],[124.816737,1.459224],[124.816784,1.459233],[124.816816,1.459215],[124.816842,1.459183],[124.816862,1.45911],[124.81689,1.458993],[124.816909,1.458921],[124.816956,1.458883],[124.816988,1.458868],[124.817008,1.458888],[124.81704,1.458982],[124.817052,1.45902],[124.817071,1.459043],[124.81709,1.45905],[124.817122,1.45906],[124.817136,1.459068],[124.817148,1.459074],[124.817169,1.459074],[124.817182,1.459072],[124.817194,1.459079],[124.817205,1.459088],[124.817238,1.459095],[124.817273,1.459102],[124.817294,1.459113],[124.817353,1.459141],[124.817398,1.459171],[124.817428,1.459236],[124.817441,1.459279],[124.817444,1.459317],[124.817441,1.45935],[124.817441,1.459391],[124.817464,1.45944],[124.817487,1.459481],[124.817525,1.459527],[124.81761,1.459582],[124.817689,1.459621],[124.817761,1.459649],[124.817833,1.459681],[124.817698,1.45986],[124.818017,1.460046],[124.818155,1.459865],[124.818228,1.459916],[124.818364,1.460047],[124.81846,1.460149],[124.818485,1.460176],[124.818573,1.460311],[124.818616,1.460353],[124.818615,1.460355],[124.818624,1.460362],[124.818519,1.460481],[124.818623,1.460531],[124.818654,1.460509],[124.818676,1.460509],[124.818728,1.460521],[124.818861,1.46058],[124.81888,1.460599],[124.81889,1.460628],[124.818898,1.460662],[124.818959,1.460692],[124.818983,1.460668],[124.819014,1.460606],[124.81904,1.46053],[124.819066,1.460473],[124.81908,1.460456],[124.819099,1.460456],[124.819163,1.460478],[124.819394,1.460556],[124.819468,1.460573],[124.819506,1.460599],[124.819554,1.460637],[124.819632,1.460705],[124.819793,1.460783],[124.819804,1.460788],[124.819815,1.460794],[124.819846,1.460808],[124.819995,1.460881],[124.820175,1.46098],[124.820263,1.461037],[124.820344,1.461094],[124.82036,1.461118],[124.820377,1.461147],[124.820395,1.461162],[124.820415,1.461173],[124.820435,1.461182],[124.820457,1.461191],[124.820487,1.461197],[124.820512,1.461198],[124.820546,1.461195],[124.820573,1.461186],[124.820593,1.461179],[124.82061,1.461166],[124.820622,1.461149],[124.820636,1.46113],[124.820668,1.461095],[124.82069,1.461079],[124.820698,1.461067],[124.820709,1.461057],[124.820728,1.461039],[124.820744,1.46103],[124.820756,1.461021],[124.82077,1.461011],[124.820782,1.460998],[124.82079,1.460982],[124.820805,1.46095],[124.820812,1.460913],[124.820811,1.460893],[124.820808,1.460879],[124.820805,1.460861],[124.820792,1.460815],[124.820783,1.460788],[124.820783,1.460778],[124.820784,1.460766],[124.820778,1.460765],[124.82078,1.460733],[124.820835,1.460753],[124.820854,1.460748],[124.820969,1.460777],[124.821359,1.46106],[124.82136,1.461065],[124.821366,1.461097],[124.821359,1.461127],[124.821348,1.461148],[124.821211,1.46134],[124.821183,1.461347],[124.821151,1.461343],[124.821131,1.461329],[124.821113,1.461302],[124.821079,1.461274],[124.821046,1.461257],[124.820985,1.46124],[124.820942,1.46124],[124.820904,1.461255],[124.820879,1.461268],[124.820845,1.461296],[124.820833,1.461315],[124.82083,1.461321],[124.820826,1.461339],[124.820826,1.461364],[124.820819,1.461405],[124.820809,1.461443],[124.820799,1.461475],[124.820788,1.461508],[124.820771,1.461537],[124.82075,1.461566],[124.820719,1.461595],[124.820695,1.461625],[124.820677,1.461661],[124.820653,1.461721],[124.820641,1.46176],[124.820629,1.46179],[124.820606,1.461825],[124.820578,1.46185],[124.820558,1.46186],[124.82053,1.461866],[124.820512,1.461862],[124.820494,1.461874],[124.820485,1.461893],[124.820484,1.461917],[124.820481,1.461941],[124.820478,1.461963],[124.820474,1.461983],[124.820468,1.462],[124.820464,1.462014],[124.820457,1.462031],[124.820447,1.462053],[124.820415,1.462157],[124.820405,1.462191],[124.820401,1.462199],[124.820399,1.46221],[124.820404,1.462218],[124.820666,1.462377],[124.820871,1.462491],[124.820898,1.462506],[124.820904,1.462508],[124.820907,1.462506],[124.820912,1.462497],[124.820919,1.462488],[124.820937,1.462483],[124.82094,1.462483],[124.82094,1.462485],[124.820981,1.462491],[124.820984,1.462491],[124.820984,1.462492],[124.820977,1.462539],[124.820963,1.46256],[124.820963,1.462567],[124.820964,1.462574],[124.820969,1.46258],[124.821587,1.462933],[124.82174,1.462705],[124.822061,1.462631],[124.822093,1.46276],[124.822439,1.462858],[124.82244,1.462852],[124.82251,1.462895],[124.823166,1.46276],[124.823193,1.462694],[124.823201,1.462694],[124.823277,1.462697],[124.823349,1.462715],[124.823404,1.462729],[124.823659,1.462757],[124.82385,1.46283],[124.823913,1.462839],[124.823952,1.462849],[124.823984,1.462859],[124.824043,1.462904],[124.824053,1.462908],[124.824107,1.462928],[124.824521,1.463241],[124.825609,1.463988],[124.825629,1.464003],[124.825629,1.464021],[124.825612,1.464043],[124.825595,1.464055],[124.82559,1.464079],[124.825728,1.464244],[124.825859,1.464313],[124.825993,1.464201],[124.825993,1.464239],[124.826036,1.464283],[124.826047,1.464275],[124.826058,1.464314],[124.826108,1.464354],[124.826115,1.464349],[124.826129,1.464373],[124.826222,1.464331],[124.826221,1.464323],[124.826237,1.464324],[124.826264,1.464266],[124.82625,1.464258],[124.826257,1.464238],[124.826251,1.464189],[124.826236,1.464169],[124.826215,1.464157],[124.826159,1.464155],[124.826131,1.464137],[124.826078,1.464091],[124.826075,1.464081],[124.826086,1.464065],[124.826099,1.464044],[124.826101,1.464027],[124.826095,1.464004],[124.826024,1.463935],[124.826004,1.46393],[124.825981,1.463918],[124.825946,1.463887],[124.825932,1.463875],[124.82596,1.463871],[124.826174,1.463533],[124.826149,1.463514],[124.826453,1.46303],[124.826518,1.463029],[124.826584,1.463035],[124.826658,1.463055],[124.826738,1.463094],[124.82679,1.463054],[124.826895,1.462944],[124.826897,1.462942],[124.826965,1.46299],[124.827229,1.463091],[124.827457,1.46315],[124.827604,1.463188],[124.828046,1.463227],[124.828296,1.463261],[124.828307,1.463262],[124.82831,1.463263],[124.828635,1.463306],[124.829112,1.463375],[124.829145,1.46338],[124.829152,1.463382],[124.829786,1.463519],[124.829811,1.463525],[124.829976,1.463545],[124.8301,1.46356],[124.83162,1.46376],[124.83208,1.463819],[124.832107,1.463822],[124.83211,1.463822],[124.83219,1.463833],[124.832287,1.463845],[124.83234,1.463788],[124.832364,1.463753],[124.832422,1.463669],[124.832427,1.463633],[124.832437,1.463322],[124.832442,1.463157],[124.832444,1.463097],[124.832432,1.462881],[124.832432,1.462677],[124.832441,1.462648],[124.832454,1.462626],[124.8325,1.462552],[124.832522,1.462533],[124.83284,1.462367],[124.83319,1.46216],[124.833439,1.462008],[124.833455,1.462],[124.833507,1.461972],[124.833509,1.461972],[124.833543,1.461976],[124.83424,1.462138],[124.834394,1.462168],[124.834479,1.462184],[124.834624,1.46221],[124.83471,1.462226],[124.8347,1.461916],[124.834696,1.461831],[124.834712,1.461666],[124.834712,1.46166],[124.834725,1.461549],[124.834731,1.461484],[124.834735,1.461441],[124.834715,1.461399],[124.834712,1.461393],[124.834665,1.461291],[124.834631,1.461218],[124.834601,1.461153],[124.834449,1.460838],[124.834282,1.460491],[124.834157,1.4602],[124.834138,1.460152],[124.834109,1.46008],[124.834108,1.46008],[124.83407,1.459989],[124.834057,1.459956],[124.834055,1.459951],[124.834052,1.459945],[124.83399,1.459787],[124.833948,1.459678],[124.833929,1.459623],[124.833929,1.459623],[124.833898,1.459542],[124.833799,1.459293],[124.833716,1.459],[124.833495,1.458246],[124.833484,1.458211],[124.833449,1.45811],[124.833449,1.45811],[124.833434,1.458062],[124.833413,1.458001],[124.833414,1.458],[124.833417,1.458],[124.833407,1.457962],[124.833336,1.4577],[124.83332,1.45764],[124.833621,1.457605],[124.833837,1.45758],[124.833836,1.457566],[124.833813,1.457352],[124.833812,1.457349],[124.833745,1.457135],[124.833699,1.456991],[124.833657,1.456948],[124.833614,1.456948],[124.833551,1.456961],[124.833471,1.456957],[124.833424,1.456923],[124.833403,1.456868],[124.833378,1.4568],[124.83337,1.456698],[124.833361,1.456638],[124.833323,1.456537],[124.833298,1.456469],[124.833264,1.456405],[124.833243,1.456358],[124.833241,1.456351],[124.833222,1.456278],[124.833222,1.456205],[124.833218,1.456142],[124.833207,1.456085],[124.833213,1.456062],[124.833202,1.455996],[124.833187,1.455907],[124.833184,1.455887],[124.833175,1.455871],[124.833198,1.45581],[124.833014,1.454772],[124.832922,1.454256],[124.832872,1.454157],[124.832848,1.454163],[124.832847,1.454157],[124.832836,1.454084],[124.832836,1.45408],[124.832813,1.45393],[124.832812,1.453928],[124.832724,1.453615],[124.832719,1.453563],[124.832719,1.453561],[124.832707,1.453428],[124.8327,1.453393],[124.832671,1.453247],[124.832661,1.453231],[124.832533,1.453232],[124.832403,1.453242],[124.832302,1.45325],[124.832302,1.45325],[124.832297,1.453228],[124.832289,1.453209],[124.832262,1.45317],[124.832103,1.453023],[124.832013,1.452938],[124.831953,1.45285],[124.831935,1.452809],[124.831913,1.4527],[124.831901,1.452637],[124.831861,1.452202],[124.83181,1.45165],[124.83181,1.451645],[124.831762,1.450769],[124.831761,1.450766],[124.831752,1.450596],[124.83175,1.45056],[124.831768,1.450212],[124.83177,1.45017],[124.83182,1.450255],[124.831823,1.45026],[124.831873,1.450345],[124.83198,1.450523],[124.832094,1.450709],[124.832093,1.450717],[124.832127,1.450771],[124.832133,1.450772],[124.832132,1.450772],[124.832223,1.450922],[124.832222,1.450928],[124.832321,1.451173],[124.832387,1.451313],[124.832447,1.451432],[124.832457,1.451435],[124.832457,1.451435],[124.832478,1.45148],[124.832596,1.45143],[124.832596,1.451436],[124.832632,1.451505],[124.832721,1.451488],[124.832887,1.451454],[124.83306,1.45142],[124.833199,1.451319],[124.8332,1.451319],[124.833202,1.451317],[124.83321,1.451311],[124.83327,1.451227],[124.833295,1.451181],[124.83332,1.451135],[124.833346,1.451088],[124.833403,1.450978],[124.833462,1.45091],[124.833498,1.450868],[124.833888,1.450438],[124.833926,1.450342],[124.833935,1.450265],[124.83395,1.450189],[124.833992,1.450103],[124.834072,1.449979],[124.834101,1.449912],[124.834111,1.449825],[124.834101,1.449741],[124.83408,1.449687],[124.834009,1.449493],[124.833969,1.449346],[124.833963,1.449248],[124.833973,1.449073],[124.833975,1.449041],[124.83403,1.44908],[124.834167,1.449233],[124.834171,1.449238],[124.834171,1.449238],[124.834433,1.449453],[124.83445,1.449467],[124.83445,1.449469],[124.834451,1.449468],[124.834452,1.449469],[124.834535,1.449418],[124.834559,1.449391],[124.834578,1.449371],[124.834606,1.449342],[124.834811,1.44945],[124.834867,1.449357],[124.834934,1.449244],[124.834951,1.449212],[124.834906,1.449167],[124.83486,1.449121],[124.834832,1.449072],[124.834809,1.449025],[124.834848,1.448944],[124.835077,1.44906],[124.835108,1.448986],[124.835143,1.448932],[124.835212,1.448865],[124.835321,1.448787],[124.835387,1.448713],[124.835414,1.448662],[124.835426,1.448619],[124.835441,1.448534],[124.835464,1.44842],[124.835483,1.448363],[124.835486,1.448355],[124.83578,1.44861],[124.835968,1.448804],[124.835973,1.448809],[124.83609,1.44893],[124.836198,1.449047],[124.836242,1.449094],[124.836343,1.449204],[124.836385,1.449227],[124.837265,1.449644],[124.837536,1.449702],[124.837921,1.44971],[124.838673,1.449848],[124.838673,1.449848],[124.838688,1.449851],[124.83869,1.449852],[124.838655,1.449999],[124.83857,1.45035],[124.83855,1.45045],[124.838539,1.450477],[124.839059,1.450685],[124.839486,1.450887],[124.839491,1.450889],[124.839515,1.450815],[124.839546,1.450671],[124.839607,1.450549],[124.839647,1.450433],[124.839815,1.450427],[124.839942,1.450425],[124.839945,1.450402],[124.839952,1.45035],[124.839949,1.450347],[124.839976,1.450143],[124.840172,1.450146],[124.840242,1.450121],[124.840346,1.450124],[124.84035,1.45013],[124.840352,1.45012],[124.840403,1.44986],[124.84045,1.449648],[124.840488,1.449474],[124.840498,1.449428],[124.840507,1.449222],[124.840525,1.449137],[124.840586,1.448851],[124.840586,1.448846],[124.840599,1.448844],[124.840604,1.448844],[124.840624,1.448777],[124.840902,1.44867],[124.841207,1.44846],[124.841317,1.448414],[124.841357,1.448414],[124.841357,1.448417],[124.84136,1.448414],[124.841368,1.448383],[124.841375,1.448356],[124.84176,1.448163],[124.841714,1.447787],[124.841687,1.447661],[124.841642,1.447444],[124.841647,1.447443],[124.841644,1.447437],[124.841796,1.447346],[124.841916,1.447273],[124.841964,1.447208],[124.841965,1.447208],[124.841965,1.447207],[124.841965,1.447202],[124.841965,1.447201],[124.841972,1.447196],[124.842398,1.446905],[124.843318,1.446217],[124.843359,1.446172],[124.843653,1.445846],[124.843895,1.445139],[124.844175,1.444071],[124.84418,1.444071],[124.844531,1.442625],[124.845846,1.442512],[124.84598,1.442501],[124.846069,1.442491],[124.846085,1.44249],[124.846954,1.442398],[124.84769,1.44232],[124.84778,1.44269],[124.847893,1.443209],[124.84797,1.44356],[124.84806,1.44485],[124.848078,1.444919],[124.8481,1.445],[124.848153,1.445065],[124.84819,1.44511],[124.848244,1.44513],[124.848269,1.445026],[124.848342,1.444913],[124.848365,1.444879],[124.848443,1.444797],[124.848589,1.44475],[124.8488,1.444728],[124.848912,1.444709],[124.849042,1.444709],[124.849135,1.444825],[124.84921,1.444972],[124.849421,1.445181],[124.849586,1.445219],[124.849593,1.445207],[124.849744,1.444978],[124.849769,1.444743],[124.849798,1.444593],[124.84986,1.444266],[124.849888,1.444197],[124.849941,1.444063],[124.84995,1.444036],[124.850105,1.4436],[124.850144,1.443417],[124.850106,1.443367],[124.84983,1.443252],[124.849721,1.443152],[124.849716,1.443141],[124.849668,1.443042],[124.849727,1.442783],[124.84988,1.442328],[124.849885,1.4423],[124.849905,1.442181],[124.849902,1.442028],[124.849846,1.441853],[124.849831,1.441779],[124.849839,1.441699],[124.849926,1.441543],[124.850288,1.441111],[124.85031,1.441084],[124.850589,1.44075],[124.850703,1.440617],[124.850742,1.440555],[124.850774,1.440497],[124.850794,1.440443],[124.850789,1.440295],[124.850785,1.44027],[124.850778,1.440228],[124.850756,1.44011],[124.850714,1.440101],[124.8507,1.440089],[124.850566,1.439975],[124.850476,1.43989],[124.85044,1.439857],[124.850324,1.439785],[124.850259,1.439744],[124.850168,1.439684],[124.850101,1.43964],[124.849918,1.439566],[124.849735,1.439491],[124.849557,1.43941],[124.849436,1.439289],[124.849393,1.439135],[124.849409,1.438939],[124.849399,1.438772],[124.849361,1.43858],[124.849297,1.438418],[124.849247,1.438289],[124.849165,1.438079],[124.849031,1.43795],[124.849014,1.437942],[124.848873,1.437875],[124.848866,1.437872],[124.848865,1.437872],[124.848675,1.437806],[124.848531,1.437781],[124.848529,1.43778],[124.84837,1.437744],[124.848228,1.437702],[124.848088,1.437661],[124.847941,1.437607],[124.847892,1.437594],[124.846936,1.436854],[124.846844,1.436825],[124.846743,1.436793],[124.846639,1.436801],[124.846547,1.436823],[124.84642,1.436826],[124.846372,1.436834],[124.846353,1.43682],[124.845814,1.436597],[124.845024,1.436411],[124.844104,1.436132],[124.844101,1.436132],[124.844067,1.436064],[124.84411,1.43588],[124.84411,1.4358],[124.844114,1.435735],[124.841598,1.435311],[124.840861,1.435075],[124.840971,1.434915],[124.84075,1.434856],[124.840148,1.434696],[124.840098,1.434682],[124.840072,1.434699],[124.840011,1.434579],[124.839845,1.434255],[124.839067,1.434024],[124.839066,1.434024],[124.839056,1.434021],[124.839002,1.434005],[124.839001,1.434005],[124.838936,1.434012],[124.838907,1.434015],[124.838897,1.434012],[124.838799,1.43398],[124.838686,1.433892],[124.838592,1.4338],[124.838536,1.433701],[124.838519,1.433588],[124.838511,1.43356],[124.838508,1.433548],[124.838504,1.433532],[124.838494,1.433497],[124.838433,1.433402],[124.838419,1.433386],[124.83837,1.433333],[124.838368,1.433332],[124.838219,1.43317],[124.83813,1.433109],[124.838064,1.433049],[124.838004,1.432993],[124.83795,1.432946],[124.837942,1.432939],[124.837884,1.432893],[124.837799,1.432862],[124.837763,1.432862],[124.837705,1.432861],[124.837613,1.432879],[124.837528,1.432868],[124.83746,1.432853],[124.837368,1.432859],[124.837274,1.432888],[124.837184,1.432934],[124.837098,1.432998],[124.837038,1.433051],[124.837032,1.433057],[124.836948,1.43314],[124.836877,1.43326],[124.836832,1.433369],[124.836829,1.43339],[124.836813,1.433491],[124.836775,1.433621],[124.836747,1.433731],[124.836749,1.433841],[124.836743,1.433959],[124.83675,1.434079],[124.836752,1.434192],[124.83672,1.434342],[124.836714,1.434365],[124.836694,1.434447],[124.836658,1.434561],[124.836607,1.434664],[124.83653,1.434768],[124.836479,1.43482],[124.836417,1.434883],[124.83631,1.434957],[124.836288,1.434972],[124.836239,1.434955],[124.836173,1.434933],[124.836083,1.434881],[124.836012,1.434844],[124.835991,1.434833],[124.835884,1.434797],[124.835758,1.434792],[124.835722,1.434801],[124.835619,1.434825],[124.835474,1.43489],[124.835352,1.434987],[124.83522,1.43512],[124.835219,1.435121],[124.835066,1.435274],[124.834953,1.435335],[124.834841,1.435378],[124.834744,1.435388],[124.834641,1.435363],[124.834545,1.435319],[124.834456,1.435278],[124.834397,1.435208],[124.83434,1.435127],[124.834275,1.435043],[124.834216,1.434962],[124.83421,1.434953],[124.834155,1.43487],[124.834079,1.43476],[124.834014,1.434676],[124.833943,1.434578],[124.833867,1.434489],[124.833791,1.4344],[124.833686,1.434299],[124.833599,1.434206],[124.833355,1.43403],[124.833271,1.433987],[124.83313,1.433931],[124.832996,1.433877],[124.832859,1.433873],[124.832724,1.43388],[124.832594,1.4339],[124.832475,1.433915],[124.832345,1.433896],[124.832231,1.433875],[124.832102,1.433829],[124.831985,1.433786],[124.8319,1.433724],[124.831821,1.433662],[124.831716,1.433579],[124.831626,1.43349],[124.831546,1.433404],[124.831433,1.43327],[124.831378,1.43318],[124.831323,1.433111],[124.831262,1.432992],[124.831204,1.432904],[124.831155,1.432832],[124.831122,1.432744],[124.831089,1.43268],[124.831044,1.432553],[124.830976,1.432439],[124.830911,1.432372],[124.830872,1.432292],[124.830855,1.432221],[124.830832,1.432137],[124.830358,1.431467],[124.830313,1.431405],[124.830267,1.431342],[124.830218,1.431262],[124.830166,1.431196],[124.830137,1.431166],[124.830067,1.431092],[124.830004,1.431045],[124.82994,1.430997],[124.82987,1.430964],[124.829749,1.43091],[124.829662,1.430871],[124.829582,1.430843],[124.829485,1.430832],[124.829406,1.430829],[124.829317,1.430821],[124.829231,1.430799],[124.829097,1.430783],[124.828947,1.430763],[124.82882,1.430744],[124.828693,1.430725],[124.828604,1.430702],[124.828515,1.43067],[124.828436,1.430634],[124.82833,1.430596],[124.828264,1.430568],[124.826106,1.429557],[124.826106,1.429557],[124.826098,1.429553],[124.825767,1.429398],[124.825607,1.429394],[124.825548,1.429417],[124.825452,1.429455],[124.825371,1.429565],[124.825341,1.429606],[124.824857,1.430177],[124.823844,1.43137],[124.823614,1.431465],[124.82342,1.431519],[124.823203,1.43156],[124.822937,1.431595],[124.822722,1.431598],[124.82247,1.431629],[124.822169,1.431715],[124.822145,1.431688],[124.821157,1.431984],[124.820573,1.432159],[124.820088,1.432221],[124.820017,1.432234],[124.819947,1.432239],[124.819818,1.432255],[124.819804,1.432254],[124.819688,1.432281],[124.81935,1.432358],[124.819272,1.432389],[124.819268,1.432391],[124.819276,1.432408],[124.81919,1.432422],[124.819163,1.432433],[124.819061,1.432443],[124.818625,1.432515],[124.818347,1.432561],[124.816899,1.432799],[124.81503,1.433565],[124.81487,1.433631],[124.814827,1.433649],[124.814815,1.433673],[124.814781,1.433699],[124.814457,1.433922],[124.814207,1.4341],[124.814055,1.43421],[124.814055,1.43421],[124.814029,1.434229],[124.813896,1.434324],[124.813591,1.434571],[124.81337,1.434741],[124.813191,1.434906],[124.813149,1.43495],[124.812945,1.435163],[124.812755,1.435338],[124.812548,1.435538],[124.81239,1.435687],[124.812205,1.435842],[124.811955,1.43598],[124.811785,1.436097],[124.811594,1.436271],[124.81146,1.43636],[124.811353,1.43643],[124.811052,1.436496],[124.810797,1.436585],[124.810683,1.436625],[124.810213,1.436725],[124.809894,1.436679],[124.809539,1.43664],[124.809018,1.43671],[124.808804,1.436748],[124.807477,1.436981],[124.807147,1.437033],[124.807146,1.437033],[124.806272,1.437169],[124.806184,1.437183],[124.805695,1.437216],[124.805564,1.437225],[124.805525,1.437227],[124.805523,1.437212],[124.805398,1.437261],[124.805253,1.437299]]]]},"properties":{"idkec":"7171010","nmkec":"MALALAYANG","luas":16.8089}}]}